{"metadata":{},"options":{"compact":false,"sourceMaps":true,"ast":true,"babelrc":false,"configFile":false,"parserOpts":{"sourceType":"module","sourceFileName":"/Users/stefpop/Desktop/repos/withBrandon/crossling_reference/experiments/from-scratch/packages/empirica:core/api/lobby-configs/lobby-configs.js","plugins":["*","flow","jsx","asyncGenerators","bigInt","classPrivateMethods","classPrivateProperties","classProperties","doExpressions","dynamicImport","exportDefaultFrom","exportExtensions","exportNamespaceFrom","functionBind","functionSent","importMeta","nullishCoalescingOperator","numericSeparator","objectRestSpread","optionalCatchBinding","optionalChaining",["pipelineOperator",{"proposal":"minimal"}],"throwExpressions","classProperties","classPrivateProperties","jsx","nullishCoalescingOperator","nullishCoalescingOperator","optionalChaining","optionalChaining","optionalCatchBinding","optionalCatchBinding","classProperties","classPrivateProperties","classPrivateMethods","classProperties","classPrivateProperties","asyncGenerators","asyncGenerators","objectRestSpread","objectRestSpread"],"allowImportExportEverywhere":true,"allowReturnOutsideFunction":true,"allowUndeclaredExports":true,"strictMode":false},"caller":{"name":"meteor","arch":"web.browser"},"sourceFileName":"packages/empirica:core/api/lobby-configs/lobby-configs.js","filename":"/Users/stefpop/Desktop/repos/withBrandon/crossling_reference/experiments/from-scratch/packages/empirica:core/api/lobby-configs/lobby-configs.js","cloneInputAst":true,"passPerPreset":false,"envName":"development","cwd":"/Users/stefpop/Desktop/repos/withBrandon/crossling_reference/experiments/from-scratch","root":"/Users/stefpop/Desktop/repos/withBrandon/crossling_reference/experiments/from-scratch","plugins":[{"key":"base$0","visitor":{"_exploded":true,"_verified":true},"options":{}},{"key":"base$0$0","visitor":{"Program":{"enter":[null],"exit":[null]},"_exploded":true,"_verified":true},"options":{"avoidModernSyntax":false,"enforceStrictMode":false,"dynamicImport":true,"generateLetDeclarations":true}},{"key":"transform-runtime","visitor":{"CallExpression":{"enter":[null]},"BinaryExpression":{"enter":[null]},"MemberExpression":{"enter":[null],"exit":[null]},"_exploded":true,"_verified":true,"Identifier":{"enter":[null]},"JSXIdentifier":{"enter":[null]}},"options":{"version":"7.12.5","helpers":true,"useESModules":false,"corejs":false}},{"key":"proposal-class-properties","visitor":{"PrivateName":{"enter":[null]},"ExportDefaultDeclaration":{"enter":[null]},"_exploded":true,"_verified":true,"ClassExpression":{"enter":[null]},"ClassDeclaration":{"enter":[null]}},"options":{"loose":true}},{"key":"transform-react-jsx","visitor":{"_exploded":{},"_verified":{},"JSXNamespacedName":{"enter":[null]},"JSXSpreadChild":{"enter":[null]},"Program":{"enter":[null]},"JSXElement":{"exit":[null]},"JSXFragment":{"exit":[null]},"JSXAttribute":{"enter":[null]}},"options":{"pragma":"React.createElement","pragmaFrag":"React.Fragment","runtime":"classic","throwIfNamespace":true,"useBuiltIns":false}},{"key":"transform-react-display-name","visitor":{"ExportDefaultDeclaration":{"enter":[null]},"CallExpression":{"enter":[null]},"_exploded":true,"_verified":true},"options":{}},{"key":"transform-react-pure-annotations","visitor":{"CallExpression":{"enter":[null]},"_exploded":true,"_verified":true},"options":{}},{"key":"syntax-nullish-coalescing-operator","visitor":{"_exploded":true,"_verified":true},"options":{}},{"key":"proposal-nullish-coalescing-operator","visitor":{"_exploded":{},"_verified":{},"LogicalExpression":{"enter":[null]}},"options":{}},{"key":"syntax-optional-chaining","visitor":{"_exploded":true,"_verified":true},"options":{}},{"key":"proposal-optional-chaining","visitor":{"_exploded":{},"_verified":{},"OptionalCallExpression":{"enter":[null]},"OptionalMemberExpression":{"enter":[null]}},"options":{}},{"key":"syntax-optional-catch-binding","visitor":{"_exploded":true,"_verified":true},"options":{}},{"key":"proposal-optional-catch-binding","visitor":{"_exploded":{},"_verified":{},"CatchClause":{"enter":[null]}},"options":{}},{"key":"syntax-class-properties","visitor":{"_exploded":true,"_verified":true},"options":{}},{"key":"proposal-class-properties","visitor":{"PrivateName":{"enter":[null]},"ExportDefaultDeclaration":{"enter":[null]},"_exploded":true,"_verified":true,"ClassExpression":{"enter":[null]},"ClassDeclaration":{"enter":[null]}},"options":{}},{"key":"syntax-async-generators","visitor":{"_exploded":true,"_verified":true},"options":{}},{"key":"proposal-async-generator-functions","visitor":{"_exploded":{},"_verified":{},"Program":{"enter":[null]}},"options":{}},{"key":"syntax-object-rest-spread","visitor":{"_exploded":true,"_verified":true},"options":{}},{"key":"proposal-object-rest-spread","visitor":{"_exploded":{},"_verified":{},"VariableDeclarator":{"enter":[null]},"ExportNamedDeclaration":{"enter":[null]},"CatchClause":{"enter":[null]},"AssignmentExpression":{"enter":[null]},"ArrayPattern":{"enter":[null]},"ObjectExpression":{"enter":[null]},"FunctionDeclaration":{"enter":[null]},"FunctionExpression":{"enter":[null]},"ObjectMethod":{"enter":[null]},"ArrowFunctionExpression":{"enter":[null]},"ClassMethod":{"enter":[null]},"ClassPrivateMethod":{"enter":[null]},"ForInStatement":{"enter":[null]},"ForOfStatement":{"enter":[null]}},"options":{}},{"key":"transform-literals","visitor":{"NumericLiteral":{"enter":[null]},"StringLiteral":{"enter":[null]},"_exploded":true,"_verified":true},"options":{}},{"key":"transform-template-literals","visitor":{"TaggedTemplateExpression":{"enter":[null]},"TemplateLiteral":{"enter":[null]},"_exploded":true,"_verified":true},"options":{}},{"key":"transform-parameters","visitor":{"_exploded":true,"_verified":true,"FunctionDeclaration":{"enter":[null]},"FunctionExpression":{"enter":[null]},"ObjectMethod":{"enter":[null]},"ArrowFunctionExpression":{"enter":[null]},"ClassMethod":{"enter":[null]},"ClassPrivateMethod":{"enter":[null]}},"options":{}},{"key":"transform-exponentiation-operator","visitor":{"AssignmentExpression":{"enter":[null]},"BinaryExpression":{"enter":[null]},"_exploded":true,"_verified":true},"options":{}}],"presets":[],"generatorOpts":{"filename":"/Users/stefpop/Desktop/repos/withBrandon/crossling_reference/experiments/from-scratch/packages/empirica:core/api/lobby-configs/lobby-configs.js","comments":true,"compact":false,"sourceMaps":true,"sourceFileName":"packages/empirica:core/api/lobby-configs/lobby-configs.js"}},"code":"module.export({\n  LobbyConfigs: () => LobbyConfigs\n});\nlet SimpleSchema;\nmodule.link(\"simpl-schema\", {\n  default(v) {\n    SimpleSchema = v;\n  }\n\n}, 0);\nlet inflection;\nmodule.link(\"inflection\", {\n  default(v) {\n    inflection = v;\n  }\n\n}, 1);\nlet HasManyByRef, TimestampSchema, ArchivedSchema;\nmodule.link(\"../default-schemas\", {\n  HasManyByRef(v) {\n    HasManyByRef = v;\n  },\n\n  TimestampSchema(v) {\n    TimestampSchema = v;\n  },\n\n  ArchivedSchema(v) {\n    ArchivedSchema = v;\n  }\n\n}, 2);\nconst LobbyConfigs = new Mongo.Collection(\"lobby_configs\");\nLobbyConfigs.helpers({\n  displayName() {\n    if (this.name) {\n      return this.name;\n    }\n\n    const type = inflection.titleize(this.timeoutType);\n    const base = \"\".concat(type, \": \").concat(this.timeoutInSeconds, \"s\");\n    let details;\n\n    switch (this.timeoutType) {\n      case \"lobby\":\n        details = \"\\u2192 \".concat(inflection.titleize(this.timeoutStrategy));\n\n        if (this.timeoutStrategy === \"bots\") {\n          details += \"(\".concat(this.timeoutBots.join(\",\"), \")\");\n        }\n\n        break;\n\n      case \"individual\":\n        details = \"\\u2A09 \".concat(this.extendCount + 1);\n        break;\n\n      default:\n        console.error(\"unknown timeoutType: \".concat(this.timeoutType));\n        return base;\n    }\n\n    return \"\".concat(base, \" \").concat(details);\n  }\n\n}); // There are 2 exclusive timeout types:\n// - lobby: the timeout start when the first player reaches the lobby and runs\n//   out for all the players whether they have even reached the lobby or not.\n// - individual: the timeout is started for each player as they reach the room.\n//   Some players might time out before all players are in the lobby, they might\n//   continue waiting for another timeout period. They might also leave the game\n//   and a new player can replace them. The lobby itself never times out.\n\nLobbyConfigs.timeoutTypes = [\"lobby\", \"individual\"]; // The timeoutStrategy determines what to do in case people are waiting\n// in the lobby for longer than the timeoutInSeconds duration.\n// Only for \"lobby\" timeoutType.\n// Available strategies:\n// - ignore: start the game anyway\n// - fail: take the player to the exit survey\n// - bots: fill the missing players slots with bots from timeoutBots\n\nLobbyConfigs.timeoutStrategies = [\"fail\", \"ignore\"]; // DEACTIVATING bots until bots implemented.\n// LobbyConfigs.timeoutStrategies = [\"fail\", \"ignore\", \"bots\"];\n// One year, that's a lot, just need to block from something too wild like 10M\n// years. We don't actually care, Inf would be fine...\n\nLobbyConfigs.maxTimeoutInSeconds = 365 * 24 * 60 * 60; // defaultTimeoutInSeconds is simply used as the default value in the Lobby\n// Configuration creation form.\n\nLobbyConfigs.defaultTimeoutInSeconds = 5 * 60;\nLobbyConfigs.schema = new SimpleSchema({\n  // Optional experimenter given name for the treatment\n  name: {\n    type: String,\n    max: 256,\n    optional: true,\n\n    custom() {\n      if (this.isSet && LobbyConfigs.find({\n        name: this.value\n      }).count() > 0) {\n        return \"notUnique\";\n      }\n    } // regEx: /^[a-zA-Z0-9_]+$/\n\n\n  },\n  // The timeoutType fundamentally changes the behavior of the lobby. See\n  // LobbyConfigs.timeoutTypes above for details.\n  timeoutType: {\n    type: String,\n    allowedValues: LobbyConfigs.timeoutTypes\n  },\n  // Number of seconds for one player to wait in lobby before timeoutStrategy\n  // is applied. This timeout applies only to the waiting for the game to start.\n  // It is either a \"Lobby Timeout\", or an \"Individual Timeout\", depending on\n  // the timeoutType value.\n  timeoutInSeconds: {\n    type: SimpleSchema.Integer,\n    max: LobbyConfigs.maxTimeoutInSeconds,\n    // It would be difficult to manage a timer that is less than 5s, and it\n    // would be  weird. 5s is already weird...\n    min: 5\n  },\n  // The timeoutStrategy determines what to do in case people are waiting\n  // in the lobby for longer than the timeoutInSeconds duration.\n  // Only for \"lobby\" timeoutType.\n  // See LobbyConfigs.timeoutStrategies for details.\n  timeoutStrategy: {\n    type: String,\n    allowedValues: LobbyConfigs.timeoutStrategies,\n    defaultValue: \"fail\",\n    optional: true\n  },\n  // Names of bot to use if timed out and still not enough player.\n  // Only for \"lobby\" timeoutType and timeoutStrategy is \"bots\".\n  timeoutBots: {\n    type: Array,\n    // Should add custom validation to verify the timeoutStrategy and make\n    // required if \"bots\" and should verify bot with name exists.\n    optional: true\n  },\n  \"timeoutBots.$\": {\n    type: String\n  },\n  // Number of times to allow the user to extend their wait time by\n  // timeoutInSeconds.\n  // If set to 0, they are never asked to retry.\n  // Only for \"individual\" timeoutType.\n  extendCount: {\n    type: SimpleSchema.Integer,\n    // 1 millard times, that should be a sufficient upper bound\n    max: 1000000000,\n    min: 0,\n    optional: true\n  }\n});\nLobbyConfigs.schema.extend(TimestampSchema);\nLobbyConfigs.schema.extend(ArchivedSchema);\nLobbyConfigs.schema.extend(HasManyByRef(\"Batches\"));\nLobbyConfigs.schema.extend(HasManyByRef(\"GameLobbies\"));\nLobbyConfigs.attachSchema(LobbyConfigs.schema);","map":{"version":3,"sources":["packages/empirica:core/api/lobby-configs/lobby-configs.js"],"names":["module","export","LobbyConfigs","SimpleSchema","link","default","v","inflection","HasManyByRef","TimestampSchema","ArchivedSchema","Mongo","Collection","helpers","displayName","name","type","titleize","timeoutType","base","timeoutInSeconds","details","timeoutStrategy","timeoutBots","join","extendCount","console","error","timeoutTypes","timeoutStrategies","maxTimeoutInSeconds","defaultTimeoutInSeconds","schema","String","max","optional","custom","isSet","find","value","count","allowedValues","Integer","min","defaultValue","Array","extend","attachSchema"],"mappings":"AAAAA,MAAM,CAACC,MAAP,CAAc;AAACC,EAAAA,YAAY,EAAC,MAAIA;AAAlB,CAAd;AAA+C,IAAIC,YAAJ;AAAiBH,MAAM,CAACI,IAAP,CAAY,cAAZ,EAA2B;AAACC,EAAAA,OAAO,CAACC,CAAD,EAAG;AAACH,IAAAA,YAAY,GAACG,CAAb;AAAe;;AAA3B,CAA3B,EAAwD,CAAxD;AAA2D,IAAIC,UAAJ;AAAeP,MAAM,CAACI,IAAP,CAAY,YAAZ,EAAyB;AAACC,EAAAA,OAAO,CAACC,CAAD,EAAG;AAACC,IAAAA,UAAU,GAACD,CAAX;AAAa;;AAAzB,CAAzB,EAAoD,CAApD;AAAuD,IAAIE,YAAJ,EAAiBC,eAAjB,EAAiCC,cAAjC;AAAgDV,MAAM,CAACI,IAAP,CAAY,oBAAZ,EAAiC;AAACI,EAAAA,YAAY,CAACF,CAAD,EAAG;AAACE,IAAAA,YAAY,GAACF,CAAb;AAAe,GAAhC;;AAAiCG,EAAAA,eAAe,CAACH,CAAD,EAAG;AAACG,IAAAA,eAAe,GAACH,CAAhB;AAAkB,GAAtE;;AAAuEI,EAAAA,cAAc,CAACJ,CAAD,EAAG;AAACI,IAAAA,cAAc,GAACJ,CAAf;AAAiB;;AAA1G,CAAjC,EAA6I,CAA7I;AAS1O,MAAMJ,YAAY,GAAG,IAAIS,KAAK,CAACC,UAAV,CAAqB,eAArB,CAArB;AAEPV,YAAY,CAACW,OAAb,CAAqB;AACnBC,EAAAA,WAAW,GAAG;AACZ,QAAI,KAAKC,IAAT,EAAe;AACb,aAAO,KAAKA,IAAZ;AACD;;AAED,UAAMC,IAAI,GAAGT,UAAU,CAACU,QAAX,CAAoB,KAAKC,WAAzB,CAAb;AACA,UAAMC,IAAI,aAAMH,IAAN,eAAe,KAAKI,gBAApB,MAAV;AACA,QAAIC,OAAJ;;AACA,YAAQ,KAAKH,WAAb;AACE,WAAK,OAAL;AACEG,QAAAA,OAAO,oBAAQd,UAAU,CAACU,QAAX,CAAoB,KAAKK,eAAzB,CAAR,CAAP;;AACA,YAAI,KAAKA,eAAL,KAAyB,MAA7B,EAAqC;AACnCD,UAAAA,OAAO,eAAQ,KAAKE,WAAL,CAAiBC,IAAjB,CAAsB,GAAtB,CAAR,MAAP;AACD;;AACD;;AACF,WAAK,YAAL;AACEH,QAAAA,OAAO,oBAAQ,KAAKI,WAAL,GAAmB,CAA3B,CAAP;AACA;;AACF;AACEC,QAAAA,OAAO,CAACC,KAAR,gCAAsC,KAAKT,WAA3C;AACA,eAAOC,IAAP;AAZJ;;AAeA,qBAAUA,IAAV,cAAkBE,OAAlB;AACD;;AAzBkB,CAArB,E,CA4BA;AACA;AACA;AACA;AACA;AACA;AACA;;AACAnB,YAAY,CAAC0B,YAAb,GAA4B,CAAC,OAAD,EAAU,YAAV,CAA5B,C,CAEA;AACA;AACA;AACA;AACA;AACA;AACA;;AACA1B,YAAY,CAAC2B,iBAAb,GAAiC,CAAC,MAAD,EAAS,QAAT,CAAjC,C,CACA;AACA;AAEA;AACA;;AACA3B,YAAY,CAAC4B,mBAAb,GAAmC,MAAM,EAAN,GAAW,EAAX,GAAgB,EAAnD,C,CAEA;AACA;;AACA5B,YAAY,CAAC6B,uBAAb,GAAuC,IAAI,EAA3C;AAEA7B,YAAY,CAAC8B,MAAb,GAAsB,IAAI7B,YAAJ,CAAiB;AACrC;AACAY,EAAAA,IAAI,EAAE;AACJC,IAAAA,IAAI,EAAEiB,MADF;AAEJC,IAAAA,GAAG,EAAE,GAFD;AAGJC,IAAAA,QAAQ,EAAE,IAHN;;AAIJC,IAAAA,MAAM,GAAG;AACP,UAAI,KAAKC,KAAL,IAAcnC,YAAY,CAACoC,IAAb,CAAkB;AAAEvB,QAAAA,IAAI,EAAE,KAAKwB;AAAb,OAAlB,EAAwCC,KAAxC,KAAkD,CAApE,EAAuE;AACrE,eAAO,WAAP;AACD;AACF,KARG,CASJ;;;AATI,GAF+B;AAcrC;AACA;AACAtB,EAAAA,WAAW,EAAE;AACXF,IAAAA,IAAI,EAAEiB,MADK;AAEXQ,IAAAA,aAAa,EAAEvC,YAAY,CAAC0B;AAFjB,GAhBwB;AAqBrC;AACA;AACA;AACA;AACAR,EAAAA,gBAAgB,EAAE;AAChBJ,IAAAA,IAAI,EAAEb,YAAY,CAACuC,OADH;AAEhBR,IAAAA,GAAG,EAAEhC,YAAY,CAAC4B,mBAFF;AAGhB;AACA;AACAa,IAAAA,GAAG,EAAE;AALW,GAzBmB;AAiCrC;AACA;AACA;AACA;AACArB,EAAAA,eAAe,EAAE;AACfN,IAAAA,IAAI,EAAEiB,MADS;AAEfQ,IAAAA,aAAa,EAAEvC,YAAY,CAAC2B,iBAFb;AAGfe,IAAAA,YAAY,EAAE,MAHC;AAIfT,IAAAA,QAAQ,EAAE;AAJK,GArCoB;AA4CrC;AACA;AACAZ,EAAAA,WAAW,EAAE;AACXP,IAAAA,IAAI,EAAE6B,KADK;AAEX;AACA;AACAV,IAAAA,QAAQ,EAAE;AAJC,GA9CwB;AAoDrC,mBAAiB;AACfnB,IAAAA,IAAI,EAAEiB;AADS,GApDoB;AAwDrC;AACA;AACA;AACA;AACAR,EAAAA,WAAW,EAAE;AACXT,IAAAA,IAAI,EAAEb,YAAY,CAACuC,OADR;AAEX;AACAR,IAAAA,GAAG,EAAE,UAHM;AAIXS,IAAAA,GAAG,EAAE,CAJM;AAKXR,IAAAA,QAAQ,EAAE;AALC;AA5DwB,CAAjB,CAAtB;AAqEAjC,YAAY,CAAC8B,MAAb,CAAoBc,MAApB,CAA2BrC,eAA3B;AACAP,YAAY,CAAC8B,MAAb,CAAoBc,MAApB,CAA2BpC,cAA3B;AACAR,YAAY,CAAC8B,MAAb,CAAoBc,MAApB,CAA2BtC,YAAY,CAAC,SAAD,CAAvC;AACAN,YAAY,CAAC8B,MAAb,CAAoBc,MAApB,CAA2BtC,YAAY,CAAC,aAAD,CAAvC;AACAN,YAAY,CAAC6C,YAAb,CAA0B7C,YAAY,CAAC8B,MAAvC","sourcesContent":["import SimpleSchema from \"simpl-schema\";\nimport inflection from \"inflection\";\n\nimport {\n  HasManyByRef,\n  TimestampSchema,\n  ArchivedSchema\n} from \"../default-schemas\";\n\nexport const LobbyConfigs = new Mongo.Collection(\"lobby_configs\");\n\nLobbyConfigs.helpers({\n  displayName() {\n    if (this.name) {\n      return this.name;\n    }\n\n    const type = inflection.titleize(this.timeoutType);\n    const base = `${type}: ${this.timeoutInSeconds}s`;\n    let details;\n    switch (this.timeoutType) {\n      case \"lobby\":\n        details = `→ ${inflection.titleize(this.timeoutStrategy)}`;\n        if (this.timeoutStrategy === \"bots\") {\n          details += `(${this.timeoutBots.join(\",\")})`;\n        }\n        break;\n      case \"individual\":\n        details = `⨉ ${this.extendCount + 1}`;\n        break;\n      default:\n        console.error(`unknown timeoutType: ${this.timeoutType}`);\n        return base;\n    }\n\n    return `${base} ${details}`;\n  }\n});\n\n// There are 2 exclusive timeout types:\n// - lobby: the timeout start when the first player reaches the lobby and runs\n//   out for all the players whether they have even reached the lobby or not.\n// - individual: the timeout is started for each player as they reach the room.\n//   Some players might time out before all players are in the lobby, they might\n//   continue waiting for another timeout period. They might also leave the game\n//   and a new player can replace them. The lobby itself never times out.\nLobbyConfigs.timeoutTypes = [\"lobby\", \"individual\"];\n\n// The timeoutStrategy determines what to do in case people are waiting\n// in the lobby for longer than the timeoutInSeconds duration.\n// Only for \"lobby\" timeoutType.\n// Available strategies:\n// - ignore: start the game anyway\n// - fail: take the player to the exit survey\n// - bots: fill the missing players slots with bots from timeoutBots\nLobbyConfigs.timeoutStrategies = [\"fail\", \"ignore\"];\n// DEACTIVATING bots until bots implemented.\n// LobbyConfigs.timeoutStrategies = [\"fail\", \"ignore\", \"bots\"];\n\n// One year, that's a lot, just need to block from something too wild like 10M\n// years. We don't actually care, Inf would be fine...\nLobbyConfigs.maxTimeoutInSeconds = 365 * 24 * 60 * 60;\n\n// defaultTimeoutInSeconds is simply used as the default value in the Lobby\n// Configuration creation form.\nLobbyConfigs.defaultTimeoutInSeconds = 5 * 60;\n\nLobbyConfigs.schema = new SimpleSchema({\n  // Optional experimenter given name for the treatment\n  name: {\n    type: String,\n    max: 256,\n    optional: true,\n    custom() {\n      if (this.isSet && LobbyConfigs.find({ name: this.value }).count() > 0) {\n        return \"notUnique\";\n      }\n    }\n    // regEx: /^[a-zA-Z0-9_]+$/\n  },\n\n  // The timeoutType fundamentally changes the behavior of the lobby. See\n  // LobbyConfigs.timeoutTypes above for details.\n  timeoutType: {\n    type: String,\n    allowedValues: LobbyConfigs.timeoutTypes\n  },\n\n  // Number of seconds for one player to wait in lobby before timeoutStrategy\n  // is applied. This timeout applies only to the waiting for the game to start.\n  // It is either a \"Lobby Timeout\", or an \"Individual Timeout\", depending on\n  // the timeoutType value.\n  timeoutInSeconds: {\n    type: SimpleSchema.Integer,\n    max: LobbyConfigs.maxTimeoutInSeconds,\n    // It would be difficult to manage a timer that is less than 5s, and it\n    // would be  weird. 5s is already weird...\n    min: 5\n  },\n\n  // The timeoutStrategy determines what to do in case people are waiting\n  // in the lobby for longer than the timeoutInSeconds duration.\n  // Only for \"lobby\" timeoutType.\n  // See LobbyConfigs.timeoutStrategies for details.\n  timeoutStrategy: {\n    type: String,\n    allowedValues: LobbyConfigs.timeoutStrategies,\n    defaultValue: \"fail\",\n    optional: true\n  },\n\n  // Names of bot to use if timed out and still not enough player.\n  // Only for \"lobby\" timeoutType and timeoutStrategy is \"bots\".\n  timeoutBots: {\n    type: Array,\n    // Should add custom validation to verify the timeoutStrategy and make\n    // required if \"bots\" and should verify bot with name exists.\n    optional: true\n  },\n  \"timeoutBots.$\": {\n    type: String\n  },\n\n  // Number of times to allow the user to extend their wait time by\n  // timeoutInSeconds.\n  // If set to 0, they are never asked to retry.\n  // Only for \"individual\" timeoutType.\n  extendCount: {\n    type: SimpleSchema.Integer,\n    // 1 millard times, that should be a sufficient upper bound\n    max: 1000000000,\n    min: 0,\n    optional: true\n  }\n});\n\nLobbyConfigs.schema.extend(TimestampSchema);\nLobbyConfigs.schema.extend(ArchivedSchema);\nLobbyConfigs.schema.extend(HasManyByRef(\"Batches\"));\nLobbyConfigs.schema.extend(HasManyByRef(\"GameLobbies\"));\nLobbyConfigs.attachSchema(LobbyConfigs.schema);\n"]},"sourceType":"module","hash":"05f2d81046ec5708e6bc975f0c58c71d8a807b65"}
