{"metadata":{},"options":{"compact":false,"sourceMaps":true,"ast":true,"babelrc":false,"configFile":false,"parserOpts":{"sourceType":"module","sourceFileName":"/Users/stefpop/Desktop/repos/withBrandon/crossling_reference/experiments/from-scratch/packages/empirica:core/api/lobby-configs/methods.js","plugins":["*","flow","jsx","asyncGenerators","bigInt","classPrivateMethods","classPrivateProperties","classProperties","doExpressions","dynamicImport","exportDefaultFrom","exportExtensions","exportNamespaceFrom","functionBind","functionSent","importMeta","nullishCoalescingOperator","numericSeparator","objectRestSpread","optionalCatchBinding","optionalChaining",["pipelineOperator",{"proposal":"minimal"}],"throwExpressions","classProperties","classPrivateProperties","jsx","nullishCoalescingOperator","nullishCoalescingOperator","optionalChaining","optionalChaining","optionalCatchBinding","optionalCatchBinding","classProperties","classPrivateProperties","classPrivateMethods","classProperties","classPrivateProperties","asyncGenerators","asyncGenerators","objectRestSpread","objectRestSpread"],"allowImportExportEverywhere":true,"allowReturnOutsideFunction":true,"allowUndeclaredExports":true,"strictMode":false},"caller":{"name":"meteor","arch":"web.browser.legacy"},"sourceFileName":"packages/empirica:core/api/lobby-configs/methods.js","filename":"/Users/stefpop/Desktop/repos/withBrandon/crossling_reference/experiments/from-scratch/packages/empirica:core/api/lobby-configs/methods.js","cloneInputAst":true,"passPerPreset":false,"envName":"development","cwd":"/Users/stefpop/Desktop/repos/withBrandon/crossling_reference/experiments/from-scratch","root":"/Users/stefpop/Desktop/repos/withBrandon/crossling_reference/experiments/from-scratch","plugins":[{"key":"base$0","visitor":{"_exploded":true,"_verified":true},"options":{}},{"key":"base$0$0","visitor":{"Program":{"enter":[null],"exit":[null]},"_exploded":true,"_verified":true},"options":{"avoidModernSyntax":true,"enforceStrictMode":false,"dynamicImport":true}},{"key":"transform-runtime","visitor":{"CallExpression":{"enter":[null]},"BinaryExpression":{"enter":[null]},"MemberExpression":{"enter":[null],"exit":[null]},"_exploded":true,"_verified":true,"Identifier":{"enter":[null]},"JSXIdentifier":{"enter":[null]}},"options":{"version":"7.12.5","helpers":true,"useESModules":false,"corejs":false}},{"key":"proposal-class-properties","visitor":{"PrivateName":{"enter":[null]},"ExportDefaultDeclaration":{"enter":[null]},"_exploded":true,"_verified":true,"ClassExpression":{"enter":[null]},"ClassDeclaration":{"enter":[null]}},"options":{"loose":true}},{"key":"base$0$3","visitor":{"FunctionExpression":{"exit":[null]},"_exploded":true,"_verified":true},"options":{}},{"key":"base$0$4","visitor":{"ForInStatement":{"enter":[null]},"_exploded":true,"_verified":true},"options":{}},{"key":"transform-react-jsx","visitor":{"_exploded":{},"_verified":{},"JSXNamespacedName":{"enter":[null]},"JSXSpreadChild":{"enter":[null]},"Program":{"enter":[null]},"JSXElement":{"exit":[null]},"JSXFragment":{"exit":[null]},"JSXAttribute":{"enter":[null]}},"options":{"pragma":"React.createElement","pragmaFrag":"React.Fragment","runtime":"classic","throwIfNamespace":true,"useBuiltIns":false}},{"key":"transform-react-display-name","visitor":{"ExportDefaultDeclaration":{"enter":[null]},"CallExpression":{"enter":[null]},"_exploded":true,"_verified":true},"options":{}},{"key":"transform-react-pure-annotations","visitor":{"CallExpression":{"enter":[null]},"_exploded":true,"_verified":true},"options":{}},{"key":"syntax-nullish-coalescing-operator","visitor":{"_exploded":true,"_verified":true},"options":{}},{"key":"proposal-nullish-coalescing-operator","visitor":{"_exploded":{},"_verified":{},"LogicalExpression":{"enter":[null]}},"options":{}},{"key":"syntax-optional-chaining","visitor":{"_exploded":true,"_verified":true},"options":{}},{"key":"proposal-optional-chaining","visitor":{"_exploded":{},"_verified":{},"OptionalCallExpression":{"enter":[null]},"OptionalMemberExpression":{"enter":[null]}},"options":{}},{"key":"syntax-optional-catch-binding","visitor":{"_exploded":true,"_verified":true},"options":{}},{"key":"proposal-optional-catch-binding","visitor":{"_exploded":{},"_verified":{},"CatchClause":{"enter":[null]}},"options":{}},{"key":"syntax-class-properties","visitor":{"_exploded":true,"_verified":true},"options":{}},{"key":"proposal-class-properties","visitor":{"PrivateName":{"enter":[null]},"ExportDefaultDeclaration":{"enter":[null]},"_exploded":true,"_verified":true,"ClassExpression":{"enter":[null]},"ClassDeclaration":{"enter":[null]}},"options":{}},{"key":"syntax-async-generators","visitor":{"_exploded":true,"_verified":true},"options":{}},{"key":"proposal-async-generator-functions","visitor":{"_exploded":{},"_verified":{},"Program":{"enter":[null]}},"options":{}},{"key":"syntax-object-rest-spread","visitor":{"_exploded":true,"_verified":true},"options":{}},{"key":"proposal-object-rest-spread","visitor":{"_exploded":{},"_verified":{},"VariableDeclarator":{"enter":[null]},"ExportNamedDeclaration":{"enter":[null]},"CatchClause":{"enter":[null]},"AssignmentExpression":{"enter":[null]},"ArrayPattern":{"enter":[null]},"ObjectExpression":{"enter":[null]},"FunctionDeclaration":{"enter":[null]},"FunctionExpression":{"enter":[null]},"ObjectMethod":{"enter":[null]},"ArrowFunctionExpression":{"enter":[null]},"ClassMethod":{"enter":[null]},"ClassPrivateMethod":{"enter":[null]},"ForInStatement":{"enter":[null]},"ForOfStatement":{"enter":[null]}},"options":{}},{"key":"transform-arrow-functions","visitor":{"ArrowFunctionExpression":{"enter":[null]},"_exploded":true,"_verified":true},"options":{}},{"key":"transform-block-scoped-functions","visitor":{"BlockStatement":{"enter":[null]},"SwitchCase":{"enter":[null]},"_exploded":true,"_verified":true},"options":{}},{"key":"transform-block-scoping","visitor":{"VariableDeclaration":{"enter":[null]},"CatchClause":{"enter":[null]},"_exploded":true,"BlockStatement":{"enter":[null]},"SwitchStatement":{"enter":[null]},"Program":{"enter":[null]},"_verified":true,"DoWhileStatement":{"enter":[null]},"ForInStatement":{"enter":[null]},"ForStatement":{"enter":[null]},"WhileStatement":{"enter":[null]},"ForOfStatement":{"enter":[null]}},"options":{}},{"key":"transform-classes","visitor":{"ExportDefaultDeclaration":{"enter":[null]},"ClassDeclaration":{"enter":[null]},"ClassExpression":{"enter":[null]},"_exploded":true,"_verified":true},"options":{"loose":true}},{"key":"transform-computed-properties","visitor":{"ObjectExpression":{"exit":[null]},"_exploded":true,"_verified":true},"options":{"loose":true}},{"key":"transform-destructuring","visitor":{"ExportNamedDeclaration":{"enter":[null]},"CatchClause":{"enter":[null]},"AssignmentExpression":{"enter":[null]},"VariableDeclaration":{"enter":[null]},"_exploded":true,"_verified":true,"ForInStatement":{"enter":[null]},"ForOfStatement":{"enter":[null]}},"options":{}},{"key":"transform-for-of","visitor":{"ForOfStatement":{"enter":[null]},"_exploded":true,"_verified":true},"options":{"loose":true}},{"key":"transform-literals","visitor":{"NumericLiteral":{"enter":[null]},"StringLiteral":{"enter":[null]},"_exploded":true,"_verified":true},"options":{}},{"key":"transform-object-super","visitor":{"ObjectExpression":{"enter":[null]},"_exploded":true,"_verified":true},"options":{}},{"key":"transform-parameters","visitor":{"_exploded":true,"_verified":true,"FunctionDeclaration":{"enter":[null]},"FunctionExpression":{"enter":[null]},"ObjectMethod":{"enter":[null]},"ArrowFunctionExpression":{"enter":[null]},"ClassMethod":{"enter":[null]},"ClassPrivateMethod":{"enter":[null]}},"options":{}},{"key":"transform-shorthand-properties","visitor":{"ObjectMethod":{"enter":[null]},"ObjectProperty":{"enter":[null]},"_exploded":true,"_verified":true},"options":{}},{"key":"transform-spread","visitor":{"ArrayExpression":{"enter":[null]},"CallExpression":{"enter":[null]},"NewExpression":{"enter":[null]},"_exploded":true,"_verified":true},"options":{}},{"key":"transform-sticky-regex","visitor":{"RegExpLiteral":{"enter":[null]},"_exploded":true,"_verified":true},"options":{}},{"key":"transform-template-literals","visitor":{"TaggedTemplateExpression":{"enter":[null]},"TemplateLiteral":{"enter":[null]},"_exploded":true,"_verified":true},"options":{"loose":true}},{"key":"transform-typeof-symbol","visitor":{"UnaryExpression":{"enter":[null]},"_exploded":true,"_verified":true,"BlockStatement":{"enter":[null]},"CatchClause":{"enter":[null]},"DoWhileStatement":{"enter":[null]},"ForInStatement":{"enter":[null]},"ForStatement":{"enter":[null]},"FunctionDeclaration":{"enter":[null]},"FunctionExpression":{"enter":[null]},"Program":{"enter":[null]},"ObjectMethod":{"enter":[null]},"SwitchStatement":{"enter":[null]},"WhileStatement":{"enter":[null]},"ArrowFunctionExpression":{"enter":[null]},"ClassExpression":{"enter":[null]},"ClassDeclaration":{"enter":[null]},"ForOfStatement":{"enter":[null]},"ClassMethod":{"enter":[null]},"ClassPrivateMethod":{"enter":[null]},"StaticBlock":{"enter":[null]},"TSModuleBlock":{"enter":[null]},"AssignmentPattern":{"enter":[null]},"ArrayPattern":{"enter":[null]},"ObjectPattern":{"enter":[null]}},"options":{}},{"key":"transform-unicode-regex","visitor":{"RegExpLiteral":{"enter":[null]},"_exploded":true,"_verified":true},"options":{}},{"key":"transform-property-literals","visitor":{"ObjectProperty":{"exit":[null]},"_exploded":true,"_verified":true},"options":{}},{"key":"transform-exponentiation-operator","visitor":{"AssignmentExpression":{"enter":[null]},"BinaryExpression":{"enter":[null]},"_exploded":true,"_verified":true},"options":{}},{"key":"regenerator-transform","visitor":{"_exploded":true,"_verified":true,"ObjectMethod":{"enter":[null],"exit":[null]},"ClassMethod":{"enter":[null],"exit":[null]},"ClassPrivateMethod":{"enter":[null],"exit":[null]},"FunctionDeclaration":{"exit":[null]},"FunctionExpression":{"exit":[null]},"ArrowFunctionExpression":{"exit":[null]}},"options":{}}],"presets":[],"generatorOpts":{"filename":"/Users/stefpop/Desktop/repos/withBrandon/crossling_reference/experiments/from-scratch/packages/empirica:core/api/lobby-configs/methods.js","comments":true,"compact":false,"sourceMaps":true,"sourceFileName":"packages/empirica:core/api/lobby-configs/methods.js"}},"code":"module.export({\n  createLobbyConfig: function () {\n    return createLobbyConfig;\n  },\n  updateLobbyConfig: function () {\n    return updateLobbyConfig;\n  }\n});\nvar SimpleSchema;\nmodule.link(\"simpl-schema\", {\n  \"default\": function (v) {\n    SimpleSchema = v;\n  }\n}, 0);\nvar ValidatedMethod;\nmodule.link(\"meteor/mdg:validated-method\", {\n  ValidatedMethod: function (v) {\n    ValidatedMethod = v;\n  }\n}, 1);\nvar LobbyConfigs;\nmodule.link(\"./lobby-configs.js\", {\n  LobbyConfigs: function (v) {\n    LobbyConfigs = v;\n  }\n}, 2);\nvar IdSchema;\nmodule.link(\"../default-schemas.js\", {\n  IdSchema: function (v) {\n    IdSchema = v;\n  }\n}, 3);\nvar createLobbyConfig = new ValidatedMethod({\n  name: \"LobbyConfigs.methods.create\",\n  validate: LobbyConfigs.schema.pick(\"name\", \"timeoutType\", \"timeoutInSeconds\", \"timeoutStrategy\", \"timeoutBots\", \"timeoutBots.$\", \"extendCount\").validator(),\n  run: function (lobbyConfig) {\n    if (!this.userId) {\n      throw new Error(\"unauthorized\");\n    }\n\n    LobbyConfigs.insert(lobbyConfig);\n  }\n});\nvar updateLobbyConfig = new ValidatedMethod({\n  name: \"LobbyConfigs.methods.update\",\n  validate: LobbyConfigs.schema.pick(\"name\").extend(new SimpleSchema({\n    archived: {\n      type: Boolean,\n      optional: true\n    }\n  })).extend(IdSchema).validator(),\n  run: function (_ref) {\n    var _id = _ref._id,\n        name = _ref.name,\n        archived = _ref.archived;\n\n    if (!this.userId) {\n      throw new Error(\"unauthorized\");\n    }\n\n    var lobbyConfig = LobbyConfigs.findOne(_id);\n\n    if (!lobbyConfig) {\n      throw new Error(\"not found\");\n    }\n\n    var $set = {},\n        $unset = {};\n\n    if (name !== undefined) {\n      $set.name = name;\n    }\n\n    if (archived !== undefined) {\n      if (archived) {\n        if (lobbyConfig.archivedAt) {\n          throw new Error(\"not found\");\n        }\n\n        $set.archivedAt = new Date();\n        $set.archivedById = this.userId;\n      }\n\n      if (!archived) {\n        if (!lobbyConfig.archivedAt) {\n          throw new Error(\"not found\");\n        }\n\n        $unset.archivedAt = true;\n        $unset.archivedById = true;\n      }\n    }\n\n    var modifier = {};\n\n    if (Object.keys($set).length > 0) {\n      modifier.$set = $set;\n    }\n\n    if (Object.keys($unset).length > 0) {\n      modifier.$unset = $unset;\n    }\n\n    if (Object.keys(modifier).length === 0) {\n      return;\n    }\n\n    LobbyConfigs.update(_id, modifier);\n  }\n});","map":{"version":3,"sources":["packages/empirica:core/api/lobby-configs/methods.js"],"names":["module","export","createLobbyConfig","updateLobbyConfig","SimpleSchema","link","v","ValidatedMethod","LobbyConfigs","IdSchema","name","validate","schema","pick","validator","run","lobbyConfig","userId","Error","insert","extend","archived","type","Boolean","optional","_id","findOne","$set","$unset","undefined","archivedAt","Date","archivedById","modifier","Object","keys","length","update"],"mappings":"AAAAA,MAAM,CAACC,MAAP,CAAc;AAACC,EAAAA,iBAAiB,EAAC,YAAU;AAAC,WAAOA,iBAAP;AAAyB,GAAvD;AAAwDC,EAAAA,iBAAiB,EAAC,YAAU;AAAC,WAAOA,iBAAP;AAAyB;AAA9G,CAAd;AAA+H,IAAIC,YAAJ;AAAiBJ,MAAM,CAACK,IAAP,CAAY,cAAZ,EAA2B;AAAC,aAAQ,UAASC,CAAT,EAAW;AAACF,IAAAA,YAAY,GAACE,CAAb;AAAe;AAApC,CAA3B,EAAiE,CAAjE;AAAoE,IAAIC,eAAJ;AAAoBP,MAAM,CAACK,IAAP,CAAY,6BAAZ,EAA0C;AAACE,EAAAA,eAAe,EAAC,UAASD,CAAT,EAAW;AAACC,IAAAA,eAAe,GAACD,CAAhB;AAAkB;AAA/C,CAA1C,EAA2F,CAA3F;AAA8F,IAAIE,YAAJ;AAAiBR,MAAM,CAACK,IAAP,CAAY,oBAAZ,EAAiC;AAACG,EAAAA,YAAY,EAAC,UAASF,CAAT,EAAW;AAACE,IAAAA,YAAY,GAACF,CAAb;AAAe;AAAzC,CAAjC,EAA4E,CAA5E;AAA+E,IAAIG,QAAJ;AAAaT,MAAM,CAACK,IAAP,CAAY,uBAAZ,EAAoC;AAACI,EAAAA,QAAQ,EAAC,UAASH,CAAT,EAAW;AAACG,IAAAA,QAAQ,GAACH,CAAT;AAAW;AAAjC,CAApC,EAAuE,CAAvE;AAM5a,IAAMJ,iBAAiB,GAAG,IAAIK,eAAJ,CAAoB;AACnDG,EAAAA,IAAI,EAAE,6BAD6C;AAGnDC,EAAAA,QAAQ,EAAEH,YAAY,CAACI,MAAb,CACPC,IADO,CAEN,MAFM,EAGN,aAHM,EAIN,kBAJM,EAKN,iBALM,EAMN,aANM,EAON,eAPM,EAQN,aARM,EAUPC,SAVO,EAHyC;AAenDC,EAAAA,GAfmD,YAe/CC,WAf+C,EAelC;AACf,QAAI,CAAC,KAAKC,MAAV,EAAkB;AAChB,YAAM,IAAIC,KAAJ,CAAU,cAAV,CAAN;AACD;;AAEDV,IAAAA,YAAY,CAACW,MAAb,CAAoBH,WAApB;AACD;AArBkD,CAApB,CAA1B;AAwBA,IAAMb,iBAAiB,GAAG,IAAII,eAAJ,CAAoB;AACnDG,EAAAA,IAAI,EAAE,6BAD6C;AAGnDC,EAAAA,QAAQ,EAAEH,YAAY,CAACI,MAAb,CACPC,IADO,CACF,MADE,EAEPO,MAFO,CAGN,IAAIhB,YAAJ,CAAiB;AACfiB,IAAAA,QAAQ,EAAE;AACRC,MAAAA,IAAI,EAAEC,OADE;AAERC,MAAAA,QAAQ,EAAE;AAFF;AADK,GAAjB,CAHM,EAUPJ,MAVO,CAUAX,QAVA,EAWPK,SAXO,EAHyC;AAgBnDC,EAAAA,GAhBmD,kBAgBtB;AAAA,QAAvBU,GAAuB,QAAvBA,GAAuB;AAAA,QAAlBf,IAAkB,QAAlBA,IAAkB;AAAA,QAAZW,QAAY,QAAZA,QAAY;;AAC3B,QAAI,CAAC,KAAKJ,MAAV,EAAkB;AAChB,YAAM,IAAIC,KAAJ,CAAU,cAAV,CAAN;AACD;;AACD,QAAMF,WAAW,GAAGR,YAAY,CAACkB,OAAb,CAAqBD,GAArB,CAApB;;AACA,QAAI,CAACT,WAAL,EAAkB;AAChB,YAAM,IAAIE,KAAJ,CAAU,WAAV,CAAN;AACD;;AAED,QAAMS,IAAI,GAAG,EAAb;AAAA,QACEC,MAAM,GAAG,EADX;;AAEA,QAAIlB,IAAI,KAAKmB,SAAb,EAAwB;AACtBF,MAAAA,IAAI,CAACjB,IAAL,GAAYA,IAAZ;AACD;;AACD,QAAIW,QAAQ,KAAKQ,SAAjB,EAA4B;AAC1B,UAAIR,QAAJ,EAAc;AACZ,YAAIL,WAAW,CAACc,UAAhB,EAA4B;AAC1B,gBAAM,IAAIZ,KAAJ,CAAU,WAAV,CAAN;AACD;;AAEDS,QAAAA,IAAI,CAACG,UAAL,GAAkB,IAAIC,IAAJ,EAAlB;AACAJ,QAAAA,IAAI,CAACK,YAAL,GAAoB,KAAKf,MAAzB;AACD;;AACD,UAAI,CAACI,QAAL,EAAe;AACb,YAAI,CAACL,WAAW,CAACc,UAAjB,EAA6B;AAC3B,gBAAM,IAAIZ,KAAJ,CAAU,WAAV,CAAN;AACD;;AAEDU,QAAAA,MAAM,CAACE,UAAP,GAAoB,IAApB;AACAF,QAAAA,MAAM,CAACI,YAAP,GAAsB,IAAtB;AACD;AACF;;AAED,QAAMC,QAAQ,GAAG,EAAjB;;AACA,QAAIC,MAAM,CAACC,IAAP,CAAYR,IAAZ,EAAkBS,MAAlB,GAA2B,CAA/B,EAAkC;AAChCH,MAAAA,QAAQ,CAACN,IAAT,GAAgBA,IAAhB;AACD;;AACD,QAAIO,MAAM,CAACC,IAAP,CAAYP,MAAZ,EAAoBQ,MAApB,GAA6B,CAAjC,EAAoC;AAClCH,MAAAA,QAAQ,CAACL,MAAT,GAAkBA,MAAlB;AACD;;AACD,QAAIM,MAAM,CAACC,IAAP,CAAYF,QAAZ,EAAsBG,MAAtB,KAAiC,CAArC,EAAwC;AACtC;AACD;;AAED5B,IAAAA,YAAY,CAAC6B,MAAb,CAAoBZ,GAApB,EAAyBQ,QAAzB;AACD;AA7DkD,CAApB,CAA1B","sourcesContent":["import SimpleSchema from \"simpl-schema\";\nimport { ValidatedMethod } from \"meteor/mdg:validated-method\";\n\nimport { LobbyConfigs } from \"./lobby-configs.js\";\nimport { IdSchema } from \"../default-schemas.js\";\n\nexport const createLobbyConfig = new ValidatedMethod({\n  name: \"LobbyConfigs.methods.create\",\n\n  validate: LobbyConfigs.schema\n    .pick(\n      \"name\",\n      \"timeoutType\",\n      \"timeoutInSeconds\",\n      \"timeoutStrategy\",\n      \"timeoutBots\",\n      \"timeoutBots.$\",\n      \"extendCount\"\n    )\n    .validator(),\n\n  run(lobbyConfig) {\n    if (!this.userId) {\n      throw new Error(\"unauthorized\");\n    }\n\n    LobbyConfigs.insert(lobbyConfig);\n  }\n});\n\nexport const updateLobbyConfig = new ValidatedMethod({\n  name: \"LobbyConfigs.methods.update\",\n\n  validate: LobbyConfigs.schema\n    .pick(\"name\")\n    .extend(\n      new SimpleSchema({\n        archived: {\n          type: Boolean,\n          optional: true\n        }\n      })\n    )\n    .extend(IdSchema)\n    .validator(),\n\n  run({ _id, name, archived }) {\n    if (!this.userId) {\n      throw new Error(\"unauthorized\");\n    }\n    const lobbyConfig = LobbyConfigs.findOne(_id);\n    if (!lobbyConfig) {\n      throw new Error(\"not found\");\n    }\n\n    const $set = {},\n      $unset = {};\n    if (name !== undefined) {\n      $set.name = name;\n    }\n    if (archived !== undefined) {\n      if (archived) {\n        if (lobbyConfig.archivedAt) {\n          throw new Error(\"not found\");\n        }\n\n        $set.archivedAt = new Date();\n        $set.archivedById = this.userId;\n      }\n      if (!archived) {\n        if (!lobbyConfig.archivedAt) {\n          throw new Error(\"not found\");\n        }\n\n        $unset.archivedAt = true;\n        $unset.archivedById = true;\n      }\n    }\n\n    const modifier = {};\n    if (Object.keys($set).length > 0) {\n      modifier.$set = $set;\n    }\n    if (Object.keys($unset).length > 0) {\n      modifier.$unset = $unset;\n    }\n    if (Object.keys(modifier).length === 0) {\n      return;\n    }\n\n    LobbyConfigs.update(_id, modifier);\n  }\n});\n"]},"sourceType":"module","hash":"0d1e9c962edd3cbf29eaa8f05a8f7e809ece8344"}
