{"metadata":{},"options":{"compact":false,"sourceMaps":true,"ast":true,"babelrc":false,"configFile":false,"parserOpts":{"sourceType":"module","sourceFileName":"/Users/stefpop/Desktop/repos/withBrandon/crossling_reference/experiments/from-scratch/packages/empirica:core/ui/components/NoBatch.jsx","plugins":["*","flow","jsx","asyncGenerators","bigInt","classPrivateMethods","classPrivateProperties","classProperties","doExpressions","dynamicImport","exportDefaultFrom","exportExtensions","exportNamespaceFrom","functionBind","functionSent","importMeta","nullishCoalescingOperator","numericSeparator","objectRestSpread","optionalCatchBinding","optionalChaining",["pipelineOperator",{"proposal":"minimal"}],"throwExpressions","classProperties","classPrivateProperties","jsx","nullishCoalescingOperator","nullishCoalescingOperator","optionalChaining","optionalChaining","optionalCatchBinding","optionalCatchBinding","classProperties","classPrivateProperties","classPrivateMethods","classProperties","classPrivateProperties","asyncGenerators","asyncGenerators","objectRestSpread","objectRestSpread"],"allowImportExportEverywhere":true,"allowReturnOutsideFunction":true,"allowUndeclaredExports":true,"strictMode":false},"caller":{"name":"meteor","arch":"web.browser"},"sourceFileName":"packages/empirica:core/ui/components/NoBatch.jsx","filename":"/Users/stefpop/Desktop/repos/withBrandon/crossling_reference/experiments/from-scratch/packages/empirica:core/ui/components/NoBatch.jsx","cloneInputAst":true,"passPerPreset":false,"envName":"development","cwd":"/Users/stefpop/Desktop/repos/withBrandon/crossling_reference/experiments/from-scratch","root":"/Users/stefpop/Desktop/repos/withBrandon/crossling_reference/experiments/from-scratch","plugins":[{"key":"base$0","visitor":{"_exploded":true,"_verified":true},"options":{}},{"key":"base$0$0","visitor":{"Program":{"enter":[null],"exit":[null]},"_exploded":true,"_verified":true},"options":{"avoidModernSyntax":false,"enforceStrictMode":false,"dynamicImport":true,"generateLetDeclarations":true}},{"key":"transform-runtime","visitor":{"CallExpression":{"enter":[null]},"BinaryExpression":{"enter":[null]},"MemberExpression":{"enter":[null],"exit":[null]},"_exploded":true,"_verified":true,"Identifier":{"enter":[null]},"JSXIdentifier":{"enter":[null]}},"options":{"version":"7.12.5","helpers":true,"useESModules":false,"corejs":false}},{"key":"proposal-class-properties","visitor":{"PrivateName":{"enter":[null]},"ExportDefaultDeclaration":{"enter":[null]},"_exploded":true,"_verified":true,"ClassExpression":{"enter":[null]},"ClassDeclaration":{"enter":[null]}},"options":{"loose":true}},{"key":"transform-react-jsx","visitor":{"_exploded":{},"_verified":{},"JSXNamespacedName":{"enter":[null]},"JSXSpreadChild":{"enter":[null]},"Program":{"enter":[null]},"JSXElement":{"exit":[null]},"JSXFragment":{"exit":[null]},"JSXAttribute":{"enter":[null]}},"options":{"pragma":"React.createElement","pragmaFrag":"React.Fragment","runtime":"classic","throwIfNamespace":true,"useBuiltIns":false}},{"key":"transform-react-display-name","visitor":{"ExportDefaultDeclaration":{"enter":[null]},"CallExpression":{"enter":[null]},"_exploded":true,"_verified":true},"options":{}},{"key":"transform-react-pure-annotations","visitor":{"CallExpression":{"enter":[null]},"_exploded":true,"_verified":true},"options":{}},{"key":"syntax-nullish-coalescing-operator","visitor":{"_exploded":true,"_verified":true},"options":{}},{"key":"proposal-nullish-coalescing-operator","visitor":{"_exploded":{},"_verified":{},"LogicalExpression":{"enter":[null]}},"options":{}},{"key":"syntax-optional-chaining","visitor":{"_exploded":true,"_verified":true},"options":{}},{"key":"proposal-optional-chaining","visitor":{"_exploded":{},"_verified":{},"OptionalCallExpression":{"enter":[null]},"OptionalMemberExpression":{"enter":[null]}},"options":{}},{"key":"syntax-optional-catch-binding","visitor":{"_exploded":true,"_verified":true},"options":{}},{"key":"proposal-optional-catch-binding","visitor":{"_exploded":{},"_verified":{},"CatchClause":{"enter":[null]}},"options":{}},{"key":"syntax-class-properties","visitor":{"_exploded":true,"_verified":true},"options":{}},{"key":"proposal-class-properties","visitor":{"PrivateName":{"enter":[null]},"ExportDefaultDeclaration":{"enter":[null]},"_exploded":true,"_verified":true,"ClassExpression":{"enter":[null]},"ClassDeclaration":{"enter":[null]}},"options":{}},{"key":"syntax-async-generators","visitor":{"_exploded":true,"_verified":true},"options":{}},{"key":"proposal-async-generator-functions","visitor":{"_exploded":{},"_verified":{},"Program":{"enter":[null]}},"options":{}},{"key":"syntax-object-rest-spread","visitor":{"_exploded":true,"_verified":true},"options":{}},{"key":"proposal-object-rest-spread","visitor":{"_exploded":{},"_verified":{},"VariableDeclarator":{"enter":[null]},"ExportNamedDeclaration":{"enter":[null]},"CatchClause":{"enter":[null]},"AssignmentExpression":{"enter":[null]},"ArrayPattern":{"enter":[null]},"ObjectExpression":{"enter":[null]},"FunctionDeclaration":{"enter":[null]},"FunctionExpression":{"enter":[null]},"ObjectMethod":{"enter":[null]},"ArrowFunctionExpression":{"enter":[null]},"ClassMethod":{"enter":[null]},"ClassPrivateMethod":{"enter":[null]},"ForInStatement":{"enter":[null]},"ForOfStatement":{"enter":[null]}},"options":{}},{"key":"transform-literals","visitor":{"NumericLiteral":{"enter":[null]},"StringLiteral":{"enter":[null]},"_exploded":true,"_verified":true},"options":{}},{"key":"transform-template-literals","visitor":{"TaggedTemplateExpression":{"enter":[null]},"TemplateLiteral":{"enter":[null]},"_exploded":true,"_verified":true},"options":{}},{"key":"transform-parameters","visitor":{"_exploded":true,"_verified":true,"FunctionDeclaration":{"enter":[null]},"FunctionExpression":{"enter":[null]},"ObjectMethod":{"enter":[null]},"ArrowFunctionExpression":{"enter":[null]},"ClassMethod":{"enter":[null]},"ClassPrivateMethod":{"enter":[null]}},"options":{}},{"key":"transform-exponentiation-operator","visitor":{"AssignmentExpression":{"enter":[null]},"BinaryExpression":{"enter":[null]},"_exploded":true,"_verified":true},"options":{}}],"presets":[],"generatorOpts":{"filename":"/Users/stefpop/Desktop/repos/withBrandon/crossling_reference/experiments/from-scratch/packages/empirica:core/ui/components/NoBatch.jsx","comments":true,"compact":false,"sourceMaps":true,"sourceFileName":"packages/empirica:core/ui/components/NoBatch.jsx"}},"code":"module.export({\n  default: () => NoBatch\n});\nlet NonIdealState;\nmodule.link(\"@blueprintjs/core\", {\n  NonIdealState(v) {\n    NonIdealState = v;\n  }\n\n}, 0);\nlet IconNames;\nmodule.link(\"@blueprintjs/icons\", {\n  IconNames(v) {\n    IconNames = v;\n  }\n\n}, 1);\nlet React;\nmodule.link(\"react\", {\n  default(v) {\n    React = v;\n  }\n\n}, 2);\nlet Link;\nmodule.link(\"react-router-dom\", {\n  Link(v) {\n    Link = v;\n  }\n\n}, 3);\n\nclass NoBatch extends React.Component {\n  render() {\n    // Not sure what icon works best:\n    // - SMALL_CROSS\n    // - BAN_CIRCLE\n    // - ERROR\n    // - DISABLE\n    // - WARNING_SIGN\n    return /*#__PURE__*/React.createElement(NonIdealState, {\n      icon: IconNames.ISSUE,\n      title: \"No experiments available\",\n      description: /*#__PURE__*/React.createElement(React.Fragment, null, /*#__PURE__*/React.createElement(\"p\", null, \"There are currently no available experiments. Please wait until an experiment becomes available or come back at a later date.\"), Meteor.isDevelopment ? /*#__PURE__*/React.createElement(\"p\", null, \"Go to\", \" \", /*#__PURE__*/React.createElement(\"a\", {\n        href: \"/admin\",\n        target: \"_blank\"\n      }, \"Admin\"), \" \", \"to get started.\") : \"\")\n    });\n  }\n\n}","map":{"version":3,"sources":["packages/empirica:core/ui/components/NoBatch.jsx"],"names":["module","export","default","NoBatch","NonIdealState","link","v","IconNames","React","Link","Component","render","ISSUE","Meteor","isDevelopment"],"mappings":"AAAAA,MAAM,CAACC,MAAP,CAAc;AAACC,EAAAA,OAAO,EAAC,MAAIC;AAAb,CAAd;AAAqC,IAAIC,aAAJ;AAAkBJ,MAAM,CAACK,IAAP,CAAY,mBAAZ,EAAgC;AAACD,EAAAA,aAAa,CAACE,CAAD,EAAG;AAACF,IAAAA,aAAa,GAACE,CAAd;AAAgB;;AAAlC,CAAhC,EAAoE,CAApE;AAAuE,IAAIC,SAAJ;AAAcP,MAAM,CAACK,IAAP,CAAY,oBAAZ,EAAiC;AAACE,EAAAA,SAAS,CAACD,CAAD,EAAG;AAACC,IAAAA,SAAS,GAACD,CAAV;AAAY;;AAA1B,CAAjC,EAA6D,CAA7D;AAAgE,IAAIE,KAAJ;AAAUR,MAAM,CAACK,IAAP,CAAY,OAAZ,EAAoB;AAACH,EAAAA,OAAO,CAACI,CAAD,EAAG;AAACE,IAAAA,KAAK,GAACF,CAAN;AAAQ;;AAApB,CAApB,EAA0C,CAA1C;AAA6C,IAAIG,IAAJ;AAAST,MAAM,CAACK,IAAP,CAAY,kBAAZ,EAA+B;AAACI,EAAAA,IAAI,CAACH,CAAD,EAAG;AAACG,IAAAA,IAAI,GAACH,CAAL;AAAO;;AAAhB,CAA/B,EAAiD,CAAjD;;AAK7P,MAAMH,OAAN,SAAsBK,KAAK,CAACE,SAA5B,CAAsC;AACnDC,EAAAA,MAAM,GAAG;AACP;AACA;AACA;AACA;AACA;AACA;AACA,wBACE,oBAAC,aAAD;AACE,MAAA,IAAI,EAAEJ,SAAS,CAACK,KADlB;AAEE,MAAA,KAAK,EAAC,0BAFR;AAGE,MAAA,WAAW,eACT,uDACE,+JADF,EAKGC,MAAM,CAACC,aAAP,gBACC,wCACQ,GADR,eAEE;AAAG,QAAA,IAAI,EAAC,QAAR;AAAiB,QAAA,MAAM,EAAC;AAAxB,iBAFF,EAIO,GAJP,oBADD,GASC,EAdJ;AAJJ,MADF;AAyBD;;AAjCkD","sourcesContent":["import { NonIdealState } from \"@blueprintjs/core\";\nimport { IconNames } from \"@blueprintjs/icons\";\nimport React from \"react\";\nimport { Link } from \"react-router-dom\";\n\nexport default class NoBatch extends React.Component {\n  render() {\n    // Not sure what icon works best:\n    // - SMALL_CROSS\n    // - BAN_CIRCLE\n    // - ERROR\n    // - DISABLE\n    // - WARNING_SIGN\n    return (\n      <NonIdealState\n        icon={IconNames.ISSUE}\n        title=\"No experiments available\"\n        description={\n          <>\n            <p>\n              There are currently no available experiments. Please wait until an\n              experiment becomes available or come back at a later date.\n            </p>\n            {Meteor.isDevelopment ? (\n              <p>\n                Go to{\" \"}\n                <a href=\"/admin\" target=\"_blank\">\n                  Admin\n                </a>{\" \"}\n                to get started.\n              </p>\n            ) : (\n              \"\"\n            )}\n          </>\n        }\n      />\n    );\n  }\n}\n"]},"sourceType":"module","hash":"105d8a38281f33c6eb1e94036b56d85f4f400671"}
