{"metadata":{},"options":{"compact":false,"sourceMaps":true,"ast":true,"babelrc":false,"configFile":false,"parserOpts":{"sourceType":"module","sourceFileName":"/Users/stefpop/Desktop/repos/withBrandon/crossling_reference/experiments/from-scratch/packages/empirica:slider/slider.js","plugins":["*","flow","jsx","asyncGenerators","bigInt","classPrivateMethods","classPrivateProperties","classProperties","doExpressions","dynamicImport","exportDefaultFrom","exportExtensions","exportNamespaceFrom","functionBind","functionSent","importMeta","nullishCoalescingOperator","numericSeparator","objectRestSpread","optionalCatchBinding","optionalChaining",["pipelineOperator",{"proposal":"minimal"}],"throwExpressions","classProperties","classPrivateProperties","jsx","nullishCoalescingOperator","nullishCoalescingOperator","optionalChaining","optionalChaining","optionalCatchBinding","optionalCatchBinding","classProperties","classPrivateProperties","classPrivateMethods","classProperties","classPrivateProperties","asyncGenerators","asyncGenerators","objectRestSpread","objectRestSpread"],"allowImportExportEverywhere":true,"allowReturnOutsideFunction":true,"allowUndeclaredExports":true,"strictMode":false},"caller":{"name":"meteor","arch":"web.browser.legacy"},"sourceFileName":"packages/empirica:slider/slider.js","filename":"/Users/stefpop/Desktop/repos/withBrandon/crossling_reference/experiments/from-scratch/packages/empirica:slider/slider.js","cloneInputAst":true,"passPerPreset":false,"envName":"development","cwd":"/Users/stefpop/Desktop/repos/withBrandon/crossling_reference/experiments/from-scratch","root":"/Users/stefpop/Desktop/repos/withBrandon/crossling_reference/experiments/from-scratch","plugins":[{"key":"base$0","visitor":{"_exploded":true,"_verified":true},"options":{}},{"key":"base$0$0","visitor":{"Program":{"enter":[null],"exit":[null]},"_exploded":true,"_verified":true},"options":{"avoidModernSyntax":true,"enforceStrictMode":false,"dynamicImport":true}},{"key":"transform-runtime","visitor":{"CallExpression":{"enter":[null]},"BinaryExpression":{"enter":[null]},"MemberExpression":{"enter":[null],"exit":[null]},"_exploded":true,"_verified":true,"Identifier":{"enter":[null]},"JSXIdentifier":{"enter":[null]}},"options":{"version":"7.12.5","helpers":true,"useESModules":false,"corejs":false}},{"key":"proposal-class-properties","visitor":{"PrivateName":{"enter":[null]},"ExportDefaultDeclaration":{"enter":[null]},"_exploded":true,"_verified":true,"ClassExpression":{"enter":[null]},"ClassDeclaration":{"enter":[null]}},"options":{"loose":true}},{"key":"base$0$3","visitor":{"FunctionExpression":{"exit":[null]},"_exploded":true,"_verified":true},"options":{}},{"key":"base$0$4","visitor":{"ForInStatement":{"enter":[null]},"_exploded":true,"_verified":true},"options":{}},{"key":"transform-react-jsx","visitor":{"_exploded":{},"_verified":{},"JSXNamespacedName":{"enter":[null]},"JSXSpreadChild":{"enter":[null]},"Program":{"enter":[null]},"JSXElement":{"exit":[null]},"JSXFragment":{"exit":[null]},"JSXAttribute":{"enter":[null]}},"options":{"pragma":"React.createElement","pragmaFrag":"React.Fragment","runtime":"classic","throwIfNamespace":true,"useBuiltIns":false}},{"key":"transform-react-display-name","visitor":{"ExportDefaultDeclaration":{"enter":[null]},"CallExpression":{"enter":[null]},"_exploded":true,"_verified":true},"options":{}},{"key":"transform-react-pure-annotations","visitor":{"CallExpression":{"enter":[null]},"_exploded":true,"_verified":true},"options":{}},{"key":"syntax-nullish-coalescing-operator","visitor":{"_exploded":true,"_verified":true},"options":{}},{"key":"proposal-nullish-coalescing-operator","visitor":{"_exploded":{},"_verified":{},"LogicalExpression":{"enter":[null]}},"options":{}},{"key":"syntax-optional-chaining","visitor":{"_exploded":true,"_verified":true},"options":{}},{"key":"proposal-optional-chaining","visitor":{"_exploded":{},"_verified":{},"OptionalCallExpression":{"enter":[null]},"OptionalMemberExpression":{"enter":[null]}},"options":{}},{"key":"syntax-optional-catch-binding","visitor":{"_exploded":true,"_verified":true},"options":{}},{"key":"proposal-optional-catch-binding","visitor":{"_exploded":{},"_verified":{},"CatchClause":{"enter":[null]}},"options":{}},{"key":"syntax-class-properties","visitor":{"_exploded":true,"_verified":true},"options":{}},{"key":"proposal-class-properties","visitor":{"PrivateName":{"enter":[null]},"ExportDefaultDeclaration":{"enter":[null]},"_exploded":true,"_verified":true,"ClassExpression":{"enter":[null]},"ClassDeclaration":{"enter":[null]}},"options":{}},{"key":"syntax-async-generators","visitor":{"_exploded":true,"_verified":true},"options":{}},{"key":"proposal-async-generator-functions","visitor":{"_exploded":{},"_verified":{},"Program":{"enter":[null]}},"options":{}},{"key":"syntax-object-rest-spread","visitor":{"_exploded":true,"_verified":true},"options":{}},{"key":"proposal-object-rest-spread","visitor":{"_exploded":{},"_verified":{},"VariableDeclarator":{"enter":[null]},"ExportNamedDeclaration":{"enter":[null]},"CatchClause":{"enter":[null]},"AssignmentExpression":{"enter":[null]},"ArrayPattern":{"enter":[null]},"ObjectExpression":{"enter":[null]},"FunctionDeclaration":{"enter":[null]},"FunctionExpression":{"enter":[null]},"ObjectMethod":{"enter":[null]},"ArrowFunctionExpression":{"enter":[null]},"ClassMethod":{"enter":[null]},"ClassPrivateMethod":{"enter":[null]},"ForInStatement":{"enter":[null]},"ForOfStatement":{"enter":[null]}},"options":{}},{"key":"transform-arrow-functions","visitor":{"ArrowFunctionExpression":{"enter":[null]},"_exploded":true,"_verified":true},"options":{}},{"key":"transform-block-scoped-functions","visitor":{"BlockStatement":{"enter":[null]},"SwitchCase":{"enter":[null]},"_exploded":true,"_verified":true},"options":{}},{"key":"transform-block-scoping","visitor":{"VariableDeclaration":{"enter":[null]},"CatchClause":{"enter":[null]},"_exploded":true,"BlockStatement":{"enter":[null]},"SwitchStatement":{"enter":[null]},"Program":{"enter":[null]},"_verified":true,"DoWhileStatement":{"enter":[null]},"ForInStatement":{"enter":[null]},"ForStatement":{"enter":[null]},"WhileStatement":{"enter":[null]},"ForOfStatement":{"enter":[null]}},"options":{}},{"key":"transform-classes","visitor":{"ExportDefaultDeclaration":{"enter":[null]},"ClassDeclaration":{"enter":[null]},"ClassExpression":{"enter":[null]},"_exploded":true,"_verified":true},"options":{"loose":true}},{"key":"transform-computed-properties","visitor":{"ObjectExpression":{"exit":[null]},"_exploded":true,"_verified":true},"options":{"loose":true}},{"key":"transform-destructuring","visitor":{"ExportNamedDeclaration":{"enter":[null]},"CatchClause":{"enter":[null]},"AssignmentExpression":{"enter":[null]},"VariableDeclaration":{"enter":[null]},"_exploded":true,"_verified":true,"ForInStatement":{"enter":[null]},"ForOfStatement":{"enter":[null]}},"options":{}},{"key":"transform-for-of","visitor":{"ForOfStatement":{"enter":[null]},"_exploded":true,"_verified":true},"options":{"loose":true}},{"key":"transform-literals","visitor":{"NumericLiteral":{"enter":[null]},"StringLiteral":{"enter":[null]},"_exploded":true,"_verified":true},"options":{}},{"key":"transform-object-super","visitor":{"ObjectExpression":{"enter":[null]},"_exploded":true,"_verified":true},"options":{}},{"key":"transform-parameters","visitor":{"_exploded":true,"_verified":true,"FunctionDeclaration":{"enter":[null]},"FunctionExpression":{"enter":[null]},"ObjectMethod":{"enter":[null]},"ArrowFunctionExpression":{"enter":[null]},"ClassMethod":{"enter":[null]},"ClassPrivateMethod":{"enter":[null]}},"options":{}},{"key":"transform-shorthand-properties","visitor":{"ObjectMethod":{"enter":[null]},"ObjectProperty":{"enter":[null]},"_exploded":true,"_verified":true},"options":{}},{"key":"transform-spread","visitor":{"ArrayExpression":{"enter":[null]},"CallExpression":{"enter":[null]},"NewExpression":{"enter":[null]},"_exploded":true,"_verified":true},"options":{}},{"key":"transform-sticky-regex","visitor":{"RegExpLiteral":{"enter":[null]},"_exploded":true,"_verified":true},"options":{}},{"key":"transform-template-literals","visitor":{"TaggedTemplateExpression":{"enter":[null]},"TemplateLiteral":{"enter":[null]},"_exploded":true,"_verified":true},"options":{"loose":true}},{"key":"transform-typeof-symbol","visitor":{"UnaryExpression":{"enter":[null]},"_exploded":true,"_verified":true,"BlockStatement":{"enter":[null]},"CatchClause":{"enter":[null]},"DoWhileStatement":{"enter":[null]},"ForInStatement":{"enter":[null]},"ForStatement":{"enter":[null]},"FunctionDeclaration":{"enter":[null]},"FunctionExpression":{"enter":[null]},"Program":{"enter":[null]},"ObjectMethod":{"enter":[null]},"SwitchStatement":{"enter":[null]},"WhileStatement":{"enter":[null]},"ArrowFunctionExpression":{"enter":[null]},"ClassExpression":{"enter":[null]},"ClassDeclaration":{"enter":[null]},"ForOfStatement":{"enter":[null]},"ClassMethod":{"enter":[null]},"ClassPrivateMethod":{"enter":[null]},"StaticBlock":{"enter":[null]},"TSModuleBlock":{"enter":[null]},"AssignmentPattern":{"enter":[null]},"ArrayPattern":{"enter":[null]},"ObjectPattern":{"enter":[null]}},"options":{}},{"key":"transform-unicode-regex","visitor":{"RegExpLiteral":{"enter":[null]},"_exploded":true,"_verified":true},"options":{}},{"key":"transform-property-literals","visitor":{"ObjectProperty":{"exit":[null]},"_exploded":true,"_verified":true},"options":{}},{"key":"transform-exponentiation-operator","visitor":{"AssignmentExpression":{"enter":[null]},"BinaryExpression":{"enter":[null]},"_exploded":true,"_verified":true},"options":{}},{"key":"regenerator-transform","visitor":{"_exploded":true,"_verified":true,"ObjectMethod":{"enter":[null],"exit":[null]},"ClassMethod":{"enter":[null],"exit":[null]},"ClassPrivateMethod":{"enter":[null],"exit":[null]},"FunctionDeclaration":{"exit":[null]},"FunctionExpression":{"exit":[null]},"ArrowFunctionExpression":{"exit":[null]}},"options":{}}],"presets":[],"generatorOpts":{"filename":"/Users/stefpop/Desktop/repos/withBrandon/crossling_reference/experiments/from-scratch/packages/empirica:slider/slider.js","comments":true,"compact":false,"sourceMaps":true,"sourceFileName":"packages/empirica:slider/slider.js"}},"code":"var _extends;\n\nmodule.link(\"@babel/runtime/helpers/extends\", {\n  default: function (v) {\n    _extends = v;\n  }\n}, 0);\n\nvar _objectWithoutProperties;\n\nmodule.link(\"@babel/runtime/helpers/objectWithoutProperties\", {\n  default: function (v) {\n    _objectWithoutProperties = v;\n  }\n}, 1);\n\nvar _inheritsLoose;\n\nmodule.link(\"@babel/runtime/helpers/inheritsLoose\", {\n  default: function (v) {\n    _inheritsLoose = v;\n  }\n}, 2);\nmodule.export({\n  \"default\": function () {\n    return EmpiricaSlider;\n  }\n});\nvar React;\nmodule.link(\"react\", {\n  \"default\": function (v) {\n    React = v;\n  }\n}, 0);\nvar Slider;\nmodule.link(\"@blueprintjs/core\", {\n  Slider: function (v) {\n    Slider = v;\n  }\n}, 1);\n\nvar EmpiricaSlider = /*#__PURE__*/function (_React$Component) {\n  _inheritsLoose(EmpiricaSlider, _React$Component);\n\n  function EmpiricaSlider() {\n    return _React$Component.apply(this, arguments) || this;\n  }\n\n  var _proto = EmpiricaSlider.prototype;\n\n  _proto.render = function () {\n    function render() {\n      var _this$props = this.props,\n          hideHandleOnEmpty = _this$props.hideHandleOnEmpty,\n          showTrackFill = _this$props.showTrackFill,\n          value = _this$props.value,\n          rest = _objectWithoutProperties(_this$props, [\"hideHandleOnEmpty\", \"showTrackFill\", \"value\"]); // Blueprint's Slider does not like a null value, it's fine with undefined.\n\n\n      var val = value === null ? undefined : value; // We want to add an \"empty\" class to the slider to hide the handle if no\n      // value is given and the option is activated.\n\n      var emptyClass = hideHandleOnEmpty && val === undefined ? \"empty\" : \"\"; // Default to showTrackFill = false if not set by parent.\n\n      var showTrackFillVar = showTrackFill;\n\n      if (showTrackFillVar === undefined) {\n        showTrackFillVar = false;\n      }\n\n      return /*#__PURE__*/React.createElement(\"div\", {\n        className: \"empirica-slider \" + emptyClass\n      }, /*#__PURE__*/React.createElement(Slider, _extends({\n        value: val,\n        showTrackFill: showTrackFillVar\n      }, rest)));\n    }\n\n    return render;\n  }();\n\n  return EmpiricaSlider;\n}(React.Component);","map":{"version":3,"sources":["packages/empirica:slider/slider.js"],"names":["_extends","module","link","default","v","_objectWithoutProperties","_inheritsLoose","export","EmpiricaSlider","React","Slider","render","props","hideHandleOnEmpty","showTrackFill","value","rest","val","undefined","emptyClass","showTrackFillVar","Component"],"mappings":"AAAA,IAAIA,QAAJ;;AAAaC,MAAM,CAACC,IAAP,CAAY,gCAAZ,EAA6C;AAACC,EAAAA,OAAO,EAAC,UAASC,CAAT,EAAW;AAACJ,IAAAA,QAAQ,GAACI,CAAT;AAAW;AAAhC,CAA7C,EAA+E,CAA/E;;AAAkF,IAAIC,wBAAJ;;AAA6BJ,MAAM,CAACC,IAAP,CAAY,gDAAZ,EAA6D;AAACC,EAAAA,OAAO,EAAC,UAASC,CAAT,EAAW;AAACC,IAAAA,wBAAwB,GAACD,CAAzB;AAA2B;AAAhD,CAA7D,EAA+G,CAA/G;;AAAkH,IAAIE,cAAJ;;AAAmBL,MAAM,CAACC,IAAP,CAAY,sCAAZ,EAAmD;AAACC,EAAAA,OAAO,EAAC,UAASC,CAAT,EAAW;AAACE,IAAAA,cAAc,GAACF,CAAf;AAAiB;AAAtC,CAAnD,EAA2F,CAA3F;AAAjQH,MAAM,CAACM,MAAP,CAAc;AAAC,aAAQ,YAAU;AAAC,WAAOC,cAAP;AAAsB;AAA1C,CAAd;AAA2D,IAAIC,KAAJ;AAAUR,MAAM,CAACC,IAAP,CAAY,OAAZ,EAAoB;AAAC,aAAQ,UAASE,CAAT,EAAW;AAACK,IAAAA,KAAK,GAACL,CAAN;AAAQ;AAA7B,CAApB,EAAmD,CAAnD;AAAsD,IAAIM,MAAJ;AAAWT,MAAM,CAACC,IAAP,CAAY,mBAAZ,EAAgC;AAACQ,EAAAA,MAAM,EAAC,UAASN,CAAT,EAAW;AAACM,IAAAA,MAAM,GAACN,CAAP;AAAS;AAA7B,CAAhC,EAA+D,CAA/D;;IAGjHI,c;;;;;;;;;SACnBG,M;AAAA,sBAAS;AAAA,wBACsD,KAAKC,KAD3D;AAAA,UACCC,iBADD,eACCA,iBADD;AAAA,UACoBC,aADpB,eACoBA,aADpB;AAAA,UACmCC,KADnC,eACmCA,KADnC;AAAA,UAC6CC,IAD7C,2FAGP;;;AACA,UAAMC,GAAG,GAAGF,KAAK,KAAK,IAAV,GAAiBG,SAAjB,GAA6BH,KAAzC,CAJO,CAMP;AACA;;AACA,UAAMI,UAAU,GAAGN,iBAAiB,IAAII,GAAG,KAAKC,SAA7B,GAAyC,OAAzC,GAAmD,EAAtE,CARO,CAUP;;AACA,UAAIE,gBAAgB,GAAGN,aAAvB;;AACA,UAAIM,gBAAgB,KAAKF,SAAzB,EAAoC;AAClCE,QAAAA,gBAAgB,GAAG,KAAnB;AACD;;AAED,0BACE;AAAK,QAAA,SAAS,uBAAqBD;AAAnC,sBACE,oBAAC,MAAD;AAAQ,QAAA,KAAK,EAAEF,GAAf;AAAoB,QAAA,aAAa,EAAEG;AAAnC,SAAyDJ,IAAzD,EADF,CADF;AAKD;;;;;;EAtByCP,KAAK,CAACY,S","sourcesContent":["import React from \"react\";\nimport { Slider } from \"@blueprintjs/core\";\n\nexport default class EmpiricaSlider extends React.Component {\n  render() {\n    const { hideHandleOnEmpty, showTrackFill, value, ...rest } = this.props;\n\n    // Blueprint's Slider does not like a null value, it's fine with undefined.\n    const val = value === null ? undefined : value;\n\n    // We want to add an \"empty\" class to the slider to hide the handle if no\n    // value is given and the option is activated.\n    const emptyClass = hideHandleOnEmpty && val === undefined ? \"empty\" : \"\";\n\n    // Default to showTrackFill = false if not set by parent.\n    let showTrackFillVar = showTrackFill;\n    if (showTrackFillVar === undefined) {\n      showTrackFillVar = false;\n    }\n\n    return (\n      <div className={`empirica-slider ${emptyClass}`}>\n        <Slider value={val} showTrackFill={showTrackFillVar} {...rest} />\n      </div>\n    );\n  }\n}\n"]},"sourceType":"module","hash":"15d1cc86e8a7ac1210084806778780e282e09ec7"}
