{"metadata":{},"options":{"compact":false,"sourceMaps":true,"ast":true,"babelrc":false,"configFile":false,"parserOpts":{"sourceType":"module","sourceFileName":"/Users/stefpop/Desktop/repos/withBrandon/crossling_reference/experiments/from-scratch/server/main.js","plugins":["*","flow","jsx","asyncGenerators","bigInt","classPrivateMethods","classPrivateProperties","classProperties","doExpressions","dynamicImport","exportDefaultFrom","exportExtensions","exportNamespaceFrom","functionBind","functionSent","importMeta","nullishCoalescingOperator","numericSeparator","objectRestSpread","optionalCatchBinding","optionalChaining",["pipelineOperator",{"proposal":"minimal"}],"throwExpressions","objectRestSpread","objectRestSpread","asyncGenerators","classProperties","classPrivateProperties","jsx","nullishCoalescingOperator","nullishCoalescingOperator","optionalChaining","optionalChaining","optionalCatchBinding","optionalCatchBinding","classProperties","classPrivateProperties","classPrivateMethods","classProperties","classPrivateProperties","asyncGenerators","asyncGenerators","objectRestSpread","objectRestSpread"],"allowImportExportEverywhere":true,"allowReturnOutsideFunction":true,"allowUndeclaredExports":true,"strictMode":false},"caller":{"name":"meteor","arch":"os.osx.x86_64"},"sourceFileName":"server/main.js","filename":"/Users/stefpop/Desktop/repos/withBrandon/crossling_reference/experiments/from-scratch/server/main.js","cloneInputAst":true,"passPerPreset":false,"envName":"development","cwd":"/Users/stefpop/Desktop/repos/withBrandon/crossling_reference/experiments/from-scratch","root":"/Users/stefpop/Desktop/repos/withBrandon/crossling_reference/experiments/from-scratch","plugins":[{"key":"base$0","visitor":{"_exploded":true,"_verified":true},"options":{}},{"key":"base$0$0","visitor":{"Program":{"enter":[null],"exit":[null]},"_exploded":true,"_verified":true},"options":{"avoidModernSyntax":false,"enforceStrictMode":false,"dynamicImport":true,"generateLetDeclarations":true}},{"key":"transform-runtime","visitor":{"CallExpression":{"enter":[null]},"BinaryExpression":{"enter":[null]},"MemberExpression":{"enter":[null],"exit":[null]},"_exploded":true,"_verified":true,"Identifier":{"enter":[null]},"JSXIdentifier":{"enter":[null]}},"options":{"version":"7.12.5","helpers":true,"useESModules":false,"corejs":false}},{"key":"syntax-object-rest-spread","visitor":{"_exploded":true,"_verified":true},"options":{}},{"key":"proposal-object-rest-spread","visitor":{"_exploded":{},"_verified":{},"VariableDeclarator":{"enter":[null]},"ExportNamedDeclaration":{"enter":[null]},"CatchClause":{"enter":[null]},"AssignmentExpression":{"enter":[null]},"ArrayPattern":{"enter":[null]},"ObjectExpression":{"enter":[null]},"FunctionDeclaration":{"enter":[null]},"FunctionExpression":{"enter":[null]},"ObjectMethod":{"enter":[null]},"ArrowFunctionExpression":{"enter":[null]},"ClassMethod":{"enter":[null]},"ClassPrivateMethod":{"enter":[null]},"ForInStatement":{"enter":[null]},"ForOfStatement":{"enter":[null]}},"options":{}},{"key":"transform-meteor-async-await","visitor":{"AwaitExpression":{"enter":[null]},"_exploded":true,"_verified":true,"FunctionDeclaration":{"exit":[null]},"FunctionExpression":{"exit":[null]},"ObjectMethod":{"exit":[null]},"ArrowFunctionExpression":{"exit":[null]},"ClassMethod":{"exit":[null]},"ClassPrivateMethod":{"exit":[null]}},"options":{"useNativeAsyncAwait":false}},{"key":"proposal-async-generator-functions","visitor":{"_exploded":{},"_verified":{},"Program":{"enter":[null]}},"options":{}},{"key":"proposal-class-properties","visitor":{"PrivateName":{"enter":[null]},"ExportDefaultDeclaration":{"enter":[null]},"_exploded":true,"_verified":true,"ClassExpression":{"enter":[null]},"ClassDeclaration":{"enter":[null]}},"options":{"loose":true}},{"key":"transform-react-jsx","visitor":{"_exploded":{},"_verified":{},"JSXNamespacedName":{"enter":[null]},"JSXSpreadChild":{"enter":[null]},"Program":{"enter":[null]},"JSXElement":{"exit":[null]},"JSXFragment":{"exit":[null]},"JSXAttribute":{"enter":[null]}},"options":{"pragma":"React.createElement","pragmaFrag":"React.Fragment","runtime":"classic","throwIfNamespace":true,"useBuiltIns":false}},{"key":"transform-react-display-name","visitor":{"ExportDefaultDeclaration":{"enter":[null]},"CallExpression":{"enter":[null]},"_exploded":true,"_verified":true},"options":{}},{"key":"transform-react-pure-annotations","visitor":{"CallExpression":{"enter":[null]},"_exploded":true,"_verified":true},"options":{}},{"key":"syntax-nullish-coalescing-operator","visitor":{"_exploded":true,"_verified":true},"options":{}},{"key":"proposal-nullish-coalescing-operator","visitor":{"_exploded":{},"_verified":{},"LogicalExpression":{"enter":[null]}},"options":{}},{"key":"syntax-optional-chaining","visitor":{"_exploded":true,"_verified":true},"options":{}},{"key":"proposal-optional-chaining","visitor":{"_exploded":{},"_verified":{},"OptionalCallExpression":{"enter":[null]},"OptionalMemberExpression":{"enter":[null]}},"options":{}},{"key":"syntax-optional-catch-binding","visitor":{"_exploded":true,"_verified":true},"options":{}},{"key":"proposal-optional-catch-binding","visitor":{"_exploded":{},"_verified":{},"CatchClause":{"enter":[null]}},"options":{}},{"key":"syntax-class-properties","visitor":{"_exploded":true,"_verified":true},"options":{}},{"key":"proposal-class-properties","visitor":{"PrivateName":{"enter":[null]},"ExportDefaultDeclaration":{"enter":[null]},"_exploded":true,"_verified":true,"ClassExpression":{"enter":[null]},"ClassDeclaration":{"enter":[null]}},"options":{}},{"key":"syntax-async-generators","visitor":{"_exploded":true,"_verified":true},"options":{}},{"key":"proposal-async-generator-functions","visitor":{"_exploded":{},"_verified":{},"Program":{"enter":[null]}},"options":{}},{"key":"syntax-object-rest-spread","visitor":{"_exploded":true,"_verified":true},"options":{}},{"key":"proposal-object-rest-spread","visitor":{"_exploded":{},"_verified":{},"VariableDeclarator":{"enter":[null]},"ExportNamedDeclaration":{"enter":[null]},"CatchClause":{"enter":[null]},"AssignmentExpression":{"enter":[null]},"ArrayPattern":{"enter":[null]},"ObjectExpression":{"enter":[null]},"FunctionDeclaration":{"enter":[null]},"FunctionExpression":{"enter":[null]},"ObjectMethod":{"enter":[null]},"ArrowFunctionExpression":{"enter":[null]},"ClassMethod":{"enter":[null]},"ClassPrivateMethod":{"enter":[null]},"ForInStatement":{"enter":[null]},"ForOfStatement":{"enter":[null]}},"options":{}},{"key":"transform-literals","visitor":{"NumericLiteral":{"enter":[null]},"StringLiteral":{"enter":[null]},"_exploded":true,"_verified":true},"options":{}},{"key":"transform-template-literals","visitor":{"TaggedTemplateExpression":{"enter":[null]},"TemplateLiteral":{"enter":[null]},"_exploded":true,"_verified":true},"options":{}},{"key":"transform-parameters","visitor":{"_exploded":true,"_verified":true,"FunctionDeclaration":{"enter":[null]},"FunctionExpression":{"enter":[null]},"ObjectMethod":{"enter":[null]},"ArrowFunctionExpression":{"enter":[null]},"ClassMethod":{"enter":[null]},"ClassPrivateMethod":{"enter":[null]}},"options":{}},{"key":"transform-exponentiation-operator","visitor":{"AssignmentExpression":{"enter":[null]},"BinaryExpression":{"enter":[null]},"_exploded":true,"_verified":true},"options":{}}],"presets":[],"generatorOpts":{"filename":"/Users/stefpop/Desktop/repos/withBrandon/crossling_reference/experiments/from-scratch/server/main.js","comments":true,"compact":false,"sourceMaps":true,"sourceFileName":"server/main.js"}},"code":"!function (module1) {\n  let Empirica;\n  module1.link(\"meteor/empirica:core\", {\n    default(v) {\n      Empirica = v;\n    }\n\n  }, 0);\n  module1.link(\"./bots.js\");\n  module1.link(\"./callbacks.js\");\n\n  const glob = require(\"glob\"); // gameInit is where the structure of a game is defined.\n  // Just before every game starts, once all the players needed are ready, this\n  // function is called with the treatment and the list of players.\n  // You must then add rounds and stages to the game, depending on the treatment\n  // and the players. You can also get/set initial values on your game, players,\n  // rounds and stages (with get/set methods), that will be able to use later in\n  // the game.\n  // Test the generateScenes module by calling it 100 times.\n  // console.log(process.cwd())\n  // const fs = require('fs');\n  // let testObject = [];\n  // _.times(100, i => { testObject.push(generateScenesObject.generateScenes()) })\n  // fs.writeFileSync('../../../../../server/testOut.json', JSON.stringify(testObject) )\n\n\n  Empirica.gameInit(game => {\n    // the values in the if/if else statments must match the sceneGenerator factor\n    // for each game created\n    // this factor determines which generateScenes file will be used, and thus\n    // which stimuli will be shown.\n    const generateScenesObject = function () {\n      if (game.treatment.sceneGenerator == \"BCS\") {\n        return require(\"./BCS/generateScenesBCS\"); // } else if (game.treatment.sceneGenerator == \"BCS2\") {\n        //   return(require(\"./BCS/generateScenesBCS2\"));\n      } else if (game.treatment.sceneGenerator == \"BCS2\") {\n        return require(\"./BCS/generateScenesBCS2\");\n      } else {\n        return require(\"./degenEtal2020/generateScenes\");\n      }\n    }();\n\n    game.players.forEach((player, i) => {\n      player.set(\"avatar\", \"/avatars/jdenticon/\".concat(player._id));\n      player.set(\"score\", 0);\n    });\n    const gameLength = game.treatment.length;\n\n    let scenes = _.shuffle(generateScenesObject.generateScenes());\n\n    _.times(gameLength, i => {\n      let scene = scenes.pop();\n      console.log(scene);\n      let images = [{\n        name: scene.TargetItem,\n        id: 1\n      }, {\n        name: scene.alt1Name,\n        id: 2\n      }, {\n        name: scene.alt2Name,\n        id: 3\n      }, {\n        name: scene.alt3Name,\n        id: 4\n      }, {\n        name: scene.alt4Name,\n        id: 5\n      }];\n      images = images.filter(image => image.name !== \"IGNORE\");\n      const target = {\n        name: scene.TargetItem,\n        id: 1\n      };\n      const round = game.addRound({\n        data: {\n          language: game.treatment.gameLanguage,\n          target: target,\n          images: images,\n          speakerImages: _.shuffle(images),\n          listenerImages: _.shuffle(images),\n          stage: \"selection\",\n          condition: scene.condition,\n          alt1BasicLevel: scene.alt1BasicLevel,\n          alt1SuperLevel: scene.alt1SuperLevel,\n          alt2BasicLevel: scene.alt2BasicLevel,\n          alt2SuperLevel: scene.alt2SuperLevel\n        }\n      });\n      round.addStage({\n        name: \"response\",\n        displayName: \"Task\",\n        durationInSeconds: 240\n      }); // round.addStage({\n      //   name: \"feedback\",\n      //   displayName: \"Feedback\",\n      //   durationInSeconds: 3,\n      // });\n    });\n\n    game.set(\"length\", gameLength);\n  });\n}.call(this, module);","map":{"version":3,"sources":["server/main.js"],"names":["Empirica","module1","link","default","v","glob","require","gameInit","game","generateScenesObject","treatment","sceneGenerator","players","forEach","player","i","set","_id","gameLength","length","scenes","_","shuffle","generateScenes","times","scene","pop","console","log","images","name","TargetItem","id","alt1Name","alt2Name","alt3Name","alt4Name","filter","image","target","round","addRound","data","language","gameLanguage","speakerImages","listenerImages","stage","condition","alt1BasicLevel","alt1SuperLevel","alt2BasicLevel","alt2SuperLevel","addStage","displayName","durationInSeconds"],"mappings":";AAAA,MAAIA,QAAJ;AAAaC,EAAAA,OAAO,CAACC,IAAR,CAAa,sBAAb,EAAoC;AAACC,IAAAA,OAAO,CAACC,CAAD,EAAG;AAACJ,MAAAA,QAAQ,GAACI,CAAT;AAAW;;AAAvB,GAApC,EAA6D,CAA7D;AAAgEH,EAAAA,OAAO,CAACC,IAAR,CAAa,WAAb;AAA0BD,EAAAA,OAAO,CAACC,IAAR,CAAa,gBAAb;;AAGvG,QAAMG,IAAI,GAAGC,OAAO,CAAC,MAAD,CAApB,C,CAEA;AACA;AACA;AACA;AACA;AACA;AACA;AAGA;AACA;AACA;AACA;AACA;AACA;;;AAEAN,EAAAA,QAAQ,CAACO,QAAT,CAAmBC,IAAD,IAAU;AAE1B;AACA;AACA;AACA;AACA,UAAMC,oBAAoB,GAAG,YAAW;AACtC,UAAID,IAAI,CAACE,SAAL,CAAeC,cAAf,IAAiC,KAArC,EAA4C;AAC1C,eAAOL,OAAO,CAAC,yBAAD,CAAd,CAD0C,CAE5C;AACA;AACD,OAJC,MAIK,IAAIE,IAAI,CAACE,SAAL,CAAeC,cAAf,IAAiC,MAArC,EAA6C;AAChD,eAAOL,OAAO,CAAC,0BAAD,CAAd;AACH,OAFM,MAEA;AACH,eAAOA,OAAO,CAAC,gCAAD,CAAd;AACD;AACF,KAV4B,EAA7B;;AAYAE,IAAAA,IAAI,CAACI,OAAL,CAAaC,OAAb,CAAqB,CAACC,MAAD,EAASC,CAAT,KAAe;AAClCD,MAAAA,MAAM,CAACE,GAAP,CAAW,QAAX,+BAA2CF,MAAM,CAACG,GAAlD;AACAH,MAAAA,MAAM,CAACE,GAAP,CAAW,OAAX,EAAoB,CAApB;AACD,KAHD;AAKA,UAAME,UAAU,GAAGV,IAAI,CAACE,SAAL,CAAeS,MAAlC;;AAEA,QAAIC,MAAM,GAAGC,CAAC,CAACC,OAAF,CAAUb,oBAAoB,CAACc,cAArB,EAAV,CAAb;;AACAF,IAAAA,CAAC,CAACG,KAAF,CAAQN,UAAR,EAAqBH,CAAD,IAAO;AACzB,UAAIU,KAAK,GAAGL,MAAM,CAACM,GAAP,EAAZ;AACAC,MAAAA,OAAO,CAACC,GAAR,CAAYH,KAAZ;AACA,UAAII,MAAM,GAAG,CACX;AAAEC,QAAAA,IAAI,EAAEL,KAAK,CAACM,UAAd;AAA0BC,QAAAA,EAAE,EAAE;AAA9B,OADW,EAEX;AAAEF,QAAAA,IAAI,EAAEL,KAAK,CAACQ,QAAd;AAAwBD,QAAAA,EAAE,EAAE;AAA5B,OAFW,EAGX;AAAEF,QAAAA,IAAI,EAAEL,KAAK,CAACS,QAAd;AAAwBF,QAAAA,EAAE,EAAE;AAA5B,OAHW,EAIX;AAAEF,QAAAA,IAAI,EAAEL,KAAK,CAACU,QAAd;AAAwBH,QAAAA,EAAE,EAAE;AAA5B,OAJW,EAKX;AAAEF,QAAAA,IAAI,EAAEL,KAAK,CAACW,QAAd;AAAwBJ,QAAAA,EAAE,EAAE;AAA5B,OALW,CAAb;AAOAH,MAAAA,MAAM,GAAGA,MAAM,CAACQ,MAAP,CAAeC,KAAD,IAAWA,KAAK,CAACR,IAAN,KAAe,QAAxC,CAAT;AAEA,YAAMS,MAAM,GAAG;AAAET,QAAAA,IAAI,EAAEL,KAAK,CAACM,UAAd;AAA0BC,QAAAA,EAAE,EAAE;AAA9B,OAAf;AAEA,YAAMQ,KAAK,GAAGhC,IAAI,CAACiC,QAAL,CAAc;AAC1BC,QAAAA,IAAI,EAAE;AACJC,UAAAA,QAAQ,EAAEnC,IAAI,CAACE,SAAL,CAAekC,YADrB;AAEJL,UAAAA,MAAM,EAAEA,MAFJ;AAGJV,UAAAA,MAAM,EAAEA,MAHJ;AAIJgB,UAAAA,aAAa,EAAExB,CAAC,CAACC,OAAF,CAAUO,MAAV,CAJX;AAKJiB,UAAAA,cAAc,EAAEzB,CAAC,CAACC,OAAF,CAAUO,MAAV,CALZ;AAMJkB,UAAAA,KAAK,EAAE,WANH;AAOJC,UAAAA,SAAS,EAAEvB,KAAK,CAACuB,SAPb;AAQJC,UAAAA,cAAc,EAAExB,KAAK,CAACwB,cARlB;AASJC,UAAAA,cAAc,EAAEzB,KAAK,CAACyB,cATlB;AAUJC,UAAAA,cAAc,EAAE1B,KAAK,CAAC0B,cAVlB;AAWJC,UAAAA,cAAc,EAAE3B,KAAK,CAAC2B;AAXlB;AADoB,OAAd,CAAd;AAeAZ,MAAAA,KAAK,CAACa,QAAN,CAAe;AACbvB,QAAAA,IAAI,EAAE,UADO;AAEbwB,QAAAA,WAAW,EAAE,MAFA;AAGbC,QAAAA,iBAAiB,EAAE;AAHN,OAAf,EA7ByB,CAkCzB;AACA;AACA;AACA;AACA;AACD,KAvCD;;AAyCA/C,IAAAA,IAAI,CAACQ,GAAL,CAAS,QAAT,EAAmBE,UAAnB;AACD,GApED","sourcesContent":["import Empirica from \"meteor/empirica:core\";\nimport \"./bots.js\";\nimport \"./callbacks.js\";\nconst glob = require(\"glob\");\n\n// gameInit is where the structure of a game is defined.\n// Just before every game starts, once all the players needed are ready, this\n// function is called with the treatment and the list of players.\n// You must then add rounds and stages to the game, depending on the treatment\n// and the players. You can also get/set initial values on your game, players,\n// rounds and stages (with get/set methods), that will be able to use later in\n// the game.\n\n\n// Test the generateScenes module by calling it 100 times.\n// console.log(process.cwd())\n// const fs = require('fs');\n// let testObject = [];\n// _.times(100, i => { testObject.push(generateScenesObject.generateScenes()) })\n// fs.writeFileSync('../../../../../server/testOut.json', JSON.stringify(testObject) )\n\nEmpirica.gameInit((game) => {\n\n  // the values in the if/if else statments must match the sceneGenerator factor\n  // for each game created\n  // this factor determines which generateScenes file will be used, and thus\n  // which stimuli will be shown.\n  const generateScenesObject = function() {\n    if (game.treatment.sceneGenerator == \"BCS\") {\n      return(require(\"./BCS/generateScenesBCS\"));\n    // } else if (game.treatment.sceneGenerator == \"BCS2\") {\n    //   return(require(\"./BCS/generateScenesBCS2\"));\n  } else if (game.treatment.sceneGenerator == \"BCS2\") {\n      return(require(\"./BCS/generateScenesBCS2\"));\n  } else {\n      return(require(\"./degenEtal2020/generateScenes\"));\n    }\n  }();\n\n  game.players.forEach((player, i) => {\n    player.set(\"avatar\", `/avatars/jdenticon/${player._id}`);\n    player.set(\"score\", 0);\n  });\n\n  const gameLength = game.treatment.length;\n\n  let scenes = _.shuffle(generateScenesObject.generateScenes());\n  _.times(gameLength, (i) => {\n    let scene = scenes.pop();\n    console.log(scene);\n    let images = [\n      { name: scene.TargetItem, id: 1 },\n      { name: scene.alt1Name, id: 2 },\n      { name: scene.alt2Name, id: 3 },\n      { name: scene.alt3Name, id: 4 },\n      { name: scene.alt4Name, id: 5 },\n    ];\n    images = images.filter((image) => image.name !== \"IGNORE\");\n\n    const target = { name: scene.TargetItem, id: 1 };\n\n    const round = game.addRound({\n      data: {\n        language: game.treatment.gameLanguage,\n        target: target,\n        images: images,\n        speakerImages: _.shuffle(images),\n        listenerImages: _.shuffle(images),\n        stage: \"selection\",\n        condition: scene.condition,\n        alt1BasicLevel: scene.alt1BasicLevel,\n        alt1SuperLevel: scene.alt1SuperLevel,\n        alt2BasicLevel: scene.alt2BasicLevel,\n        alt2SuperLevel: scene.alt2SuperLevel,\n      },\n    });\n    round.addStage({\n      name: \"response\",\n      displayName: \"Task\",\n      durationInSeconds: 240,\n    });\n    // round.addStage({\n    //   name: \"feedback\",\n    //   displayName: \"Feedback\",\n    //   durationInSeconds: 3,\n    // });\n  });\n\n  game.set(\"length\", gameLength);\n});\n"]},"sourceType":"module","hash":"1721b9839d480c95d20f80038ad6947708697269"}
