{"metadata":{},"options":{"compact":false,"sourceMaps":true,"ast":true,"babelrc":false,"configFile":false,"parserOpts":{"sourceType":"module","sourceFileName":"/Users/stefpop/Desktop/repos/withBrandon/crossling_reference/experiments/from-scratch/packages/empirica:core/ui/components/GameLobby.jsx","plugins":["*","flow","jsx","asyncGenerators","bigInt","classPrivateMethods","classPrivateProperties","classProperties","doExpressions","dynamicImport","exportDefaultFrom","exportExtensions","exportNamespaceFrom","functionBind","functionSent","importMeta","nullishCoalescingOperator","numericSeparator","objectRestSpread","optionalCatchBinding","optionalChaining",["pipelineOperator",{"proposal":"minimal"}],"throwExpressions","classProperties","classPrivateProperties","jsx","nullishCoalescingOperator","nullishCoalescingOperator","optionalChaining","optionalChaining","optionalCatchBinding","optionalCatchBinding","classProperties","classPrivateProperties","classPrivateMethods","classProperties","classPrivateProperties","asyncGenerators","asyncGenerators","objectRestSpread","objectRestSpread"],"allowImportExportEverywhere":true,"allowReturnOutsideFunction":true,"allowUndeclaredExports":true,"strictMode":false},"caller":{"name":"meteor","arch":"web.browser"},"sourceFileName":"packages/empirica:core/ui/components/GameLobby.jsx","filename":"/Users/stefpop/Desktop/repos/withBrandon/crossling_reference/experiments/from-scratch/packages/empirica:core/ui/components/GameLobby.jsx","cloneInputAst":true,"passPerPreset":false,"envName":"development","cwd":"/Users/stefpop/Desktop/repos/withBrandon/crossling_reference/experiments/from-scratch","root":"/Users/stefpop/Desktop/repos/withBrandon/crossling_reference/experiments/from-scratch","plugins":[{"key":"base$0","visitor":{"_exploded":true,"_verified":true},"options":{}},{"key":"base$0$0","visitor":{"Program":{"enter":[null],"exit":[null]},"_exploded":true,"_verified":true},"options":{"avoidModernSyntax":false,"enforceStrictMode":false,"dynamicImport":true,"generateLetDeclarations":true}},{"key":"transform-runtime","visitor":{"CallExpression":{"enter":[null]},"BinaryExpression":{"enter":[null]},"MemberExpression":{"enter":[null],"exit":[null]},"_exploded":true,"_verified":true,"Identifier":{"enter":[null]},"JSXIdentifier":{"enter":[null]}},"options":{"version":"7.12.5","helpers":true,"useESModules":false,"corejs":false}},{"key":"proposal-class-properties","visitor":{"PrivateName":{"enter":[null]},"ExportDefaultDeclaration":{"enter":[null]},"_exploded":true,"_verified":true,"ClassExpression":{"enter":[null]},"ClassDeclaration":{"enter":[null]}},"options":{"loose":true}},{"key":"transform-react-jsx","visitor":{"_exploded":{},"_verified":{},"JSXNamespacedName":{"enter":[null]},"JSXSpreadChild":{"enter":[null]},"Program":{"enter":[null]},"JSXElement":{"exit":[null]},"JSXFragment":{"exit":[null]},"JSXAttribute":{"enter":[null]}},"options":{"pragma":"React.createElement","pragmaFrag":"React.Fragment","runtime":"classic","throwIfNamespace":true,"useBuiltIns":false}},{"key":"transform-react-display-name","visitor":{"ExportDefaultDeclaration":{"enter":[null]},"CallExpression":{"enter":[null]},"_exploded":true,"_verified":true},"options":{}},{"key":"transform-react-pure-annotations","visitor":{"CallExpression":{"enter":[null]},"_exploded":true,"_verified":true},"options":{}},{"key":"syntax-nullish-coalescing-operator","visitor":{"_exploded":true,"_verified":true},"options":{}},{"key":"proposal-nullish-coalescing-operator","visitor":{"_exploded":{},"_verified":{},"LogicalExpression":{"enter":[null]}},"options":{}},{"key":"syntax-optional-chaining","visitor":{"_exploded":true,"_verified":true},"options":{}},{"key":"proposal-optional-chaining","visitor":{"_exploded":{},"_verified":{},"OptionalCallExpression":{"enter":[null]},"OptionalMemberExpression":{"enter":[null]}},"options":{}},{"key":"syntax-optional-catch-binding","visitor":{"_exploded":true,"_verified":true},"options":{}},{"key":"proposal-optional-catch-binding","visitor":{"_exploded":{},"_verified":{},"CatchClause":{"enter":[null]}},"options":{}},{"key":"syntax-class-properties","visitor":{"_exploded":true,"_verified":true},"options":{}},{"key":"proposal-class-properties","visitor":{"PrivateName":{"enter":[null]},"ExportDefaultDeclaration":{"enter":[null]},"_exploded":true,"_verified":true,"ClassExpression":{"enter":[null]},"ClassDeclaration":{"enter":[null]}},"options":{}},{"key":"syntax-async-generators","visitor":{"_exploded":true,"_verified":true},"options":{}},{"key":"proposal-async-generator-functions","visitor":{"_exploded":{},"_verified":{},"Program":{"enter":[null]}},"options":{}},{"key":"syntax-object-rest-spread","visitor":{"_exploded":true,"_verified":true},"options":{}},{"key":"proposal-object-rest-spread","visitor":{"_exploded":{},"_verified":{},"VariableDeclarator":{"enter":[null]},"ExportNamedDeclaration":{"enter":[null]},"CatchClause":{"enter":[null]},"AssignmentExpression":{"enter":[null]},"ArrayPattern":{"enter":[null]},"ObjectExpression":{"enter":[null]},"FunctionDeclaration":{"enter":[null]},"FunctionExpression":{"enter":[null]},"ObjectMethod":{"enter":[null]},"ArrowFunctionExpression":{"enter":[null]},"ClassMethod":{"enter":[null]},"ClassPrivateMethod":{"enter":[null]},"ForInStatement":{"enter":[null]},"ForOfStatement":{"enter":[null]}},"options":{}},{"key":"transform-literals","visitor":{"NumericLiteral":{"enter":[null]},"StringLiteral":{"enter":[null]},"_exploded":true,"_verified":true},"options":{}},{"key":"transform-template-literals","visitor":{"TaggedTemplateExpression":{"enter":[null]},"TemplateLiteral":{"enter":[null]},"_exploded":true,"_verified":true},"options":{}},{"key":"transform-parameters","visitor":{"_exploded":true,"_verified":true,"FunctionDeclaration":{"enter":[null]},"FunctionExpression":{"enter":[null]},"ObjectMethod":{"enter":[null]},"ArrowFunctionExpression":{"enter":[null]},"ClassMethod":{"enter":[null]},"ClassPrivateMethod":{"enter":[null]}},"options":{}},{"key":"transform-exponentiation-operator","visitor":{"AssignmentExpression":{"enter":[null]},"BinaryExpression":{"enter":[null]},"_exploded":true,"_verified":true},"options":{}}],"presets":[],"generatorOpts":{"filename":"/Users/stefpop/Desktop/repos/withBrandon/crossling_reference/experiments/from-scratch/packages/empirica:core/ui/components/GameLobby.jsx","comments":true,"compact":false,"sourceMaps":true,"sourceFileName":"packages/empirica:core/ui/components/GameLobby.jsx"}},"code":"module.export({\n  default: () => GameLobby\n});\nlet React;\nmodule.link(\"react\", {\n  default(v) {\n    React = v;\n  }\n\n}, 0);\nlet Alert, Intent, NonIdealState;\nmodule.link(\"@blueprintjs/core\", {\n  Alert(v) {\n    Alert = v;\n  },\n\n  Intent(v) {\n    Intent = v;\n  },\n\n  NonIdealState(v) {\n    NonIdealState = v;\n  }\n\n}, 1);\nlet IconNames;\nmodule.link(\"@blueprintjs/icons\", {\n  IconNames(v) {\n    IconNames = v;\n  }\n\n}, 2);\nlet CoreWrapper;\nmodule.link(\"./Helpers.jsx\", {\n  CoreWrapper(v) {\n    CoreWrapper = v;\n  }\n\n}, 3);\nlet endPlayerTimeoutWait, extendPlayerTimeoutWait;\nmodule.link(\"../../api/players/methods.js\", {\n  endPlayerTimeoutWait(v) {\n    endPlayerTimeoutWait = v;\n  },\n\n  extendPlayerTimeoutWait(v) {\n    extendPlayerTimeoutWait = v;\n  }\n\n}, 4);\n\nclass GameLobby extends React.Component {\n  constructor() {\n    super(...arguments);\n\n    this.handleWaitLonger = () => {\n      extendPlayerTimeoutWait.call({\n        playerId: this.props.player._id\n      });\n    };\n\n    this.handleExitNow = () => {\n      endPlayerTimeoutWait.call({\n        playerId: this.props.player._id\n      });\n    };\n  }\n\n  shouldComponentUpdate(nextProps, nextState) {\n    return !_.isEqual(this.props, nextProps);\n  }\n\n  render() {\n    const {\n      gameLobby,\n      treatment,\n      timedOut,\n      lobbyConfig,\n      player\n    } = this.props;\n    const total = treatment.factor(\"playerCount\").value;\n    const exisiting = gameLobby.playerIds.length;\n\n    if (exisiting >= total) {\n      return /*#__PURE__*/React.createElement(CoreWrapper, null, /*#__PURE__*/React.createElement(\"div\", {\n        className: \"game-lobby\"\n      }, /*#__PURE__*/React.createElement(NonIdealState, {\n        icon: IconNames.PLAY,\n        title: \"Game loading...\",\n        description: \"Your game will be starting shortly, get ready!\"\n      })));\n    }\n\n    const showExtensionAlert = timedOut && lobbyConfig.timeoutType === \"individual\" && lobbyConfig.extendCount >= player.timeoutWaitCount;\n    return /*#__PURE__*/React.createElement(CoreWrapper, null, /*#__PURE__*/React.createElement(\"div\", {\n      className: \"game-lobby\"\n    }, /*#__PURE__*/React.createElement(NonIdealState, {\n      icon: IconNames.TIME,\n      title: \"Lobby\",\n      description: /*#__PURE__*/React.createElement(React.Fragment, null, /*#__PURE__*/React.createElement(\"p\", null, \"Please wait for the game to be ready...\"), /*#__PURE__*/React.createElement(\"p\", null, exisiting, \" / \", total, \" players ready.\"))\n    })), /*#__PURE__*/React.createElement(Alert, {\n      intent: Intent.PRIMARY,\n      isOpen: showExtensionAlert,\n      confirmButtonText: \"Wait Longer\",\n      cancelButtonText: \"Exit Now\",\n      onConfirm: this.handleWaitLonger,\n      onCancel: this.handleExitNow\n    }, /*#__PURE__*/React.createElement(\"p\", null, \"Sorry you have been waiting for a while. Do you wish to wait longer or exit now?\")));\n  }\n\n}","map":{"version":3,"sources":["packages/empirica:core/ui/components/GameLobby.jsx"],"names":["module","export","default","GameLobby","React","link","v","Alert","Intent","NonIdealState","IconNames","CoreWrapper","endPlayerTimeoutWait","extendPlayerTimeoutWait","Component","handleWaitLonger","call","playerId","props","player","_id","handleExitNow","shouldComponentUpdate","nextProps","nextState","_","isEqual","render","gameLobby","treatment","timedOut","lobbyConfig","total","factor","value","exisiting","playerIds","length","PLAY","showExtensionAlert","timeoutType","extendCount","timeoutWaitCount","TIME","PRIMARY"],"mappings":"AAAAA,MAAM,CAACC,MAAP,CAAc;AAACC,EAAAA,OAAO,EAAC,MAAIC;AAAb,CAAd;AAAuC,IAAIC,KAAJ;AAAUJ,MAAM,CAACK,IAAP,CAAY,OAAZ,EAAoB;AAACH,EAAAA,OAAO,CAACI,CAAD,EAAG;AAACF,IAAAA,KAAK,GAACE,CAAN;AAAQ;;AAApB,CAApB,EAA0C,CAA1C;AAA6C,IAAIC,KAAJ,EAAUC,MAAV,EAAiBC,aAAjB;AAA+BT,MAAM,CAACK,IAAP,CAAY,mBAAZ,EAAgC;AAACE,EAAAA,KAAK,CAACD,CAAD,EAAG;AAACC,IAAAA,KAAK,GAACD,CAAN;AAAQ,GAAlB;;AAAmBE,EAAAA,MAAM,CAACF,CAAD,EAAG;AAACE,IAAAA,MAAM,GAACF,CAAP;AAAS,GAAtC;;AAAuCG,EAAAA,aAAa,CAACH,CAAD,EAAG;AAACG,IAAAA,aAAa,GAACH,CAAd;AAAgB;;AAAxE,CAAhC,EAA0G,CAA1G;AAA6G,IAAII,SAAJ;AAAcV,MAAM,CAACK,IAAP,CAAY,oBAAZ,EAAiC;AAACK,EAAAA,SAAS,CAACJ,CAAD,EAAG;AAACI,IAAAA,SAAS,GAACJ,CAAV;AAAY;;AAA1B,CAAjC,EAA6D,CAA7D;AAAgE,IAAIK,WAAJ;AAAgBX,MAAM,CAACK,IAAP,CAAY,eAAZ,EAA4B;AAACM,EAAAA,WAAW,CAACL,CAAD,EAAG;AAACK,IAAAA,WAAW,GAACL,CAAZ;AAAc;;AAA9B,CAA5B,EAA4D,CAA5D;AAA+D,IAAIM,oBAAJ,EAAyBC,uBAAzB;AAAiDb,MAAM,CAACK,IAAP,CAAY,8BAAZ,EAA2C;AAACO,EAAAA,oBAAoB,CAACN,CAAD,EAAG;AAACM,IAAAA,oBAAoB,GAACN,CAArB;AAAuB,GAAhD;;AAAiDO,EAAAA,uBAAuB,CAACP,CAAD,EAAG;AAACO,IAAAA,uBAAuB,GAACP,CAAxB;AAA0B;;AAAtG,CAA3C,EAAmJ,CAAnJ;;AAWza,MAAMH,SAAN,SAAwBC,KAAK,CAACU,SAA9B,CAAwC;AAAA;AAAA;;AAAA,SAKrDC,gBALqD,GAKlC,MAAM;AACvBF,MAAAA,uBAAuB,CAACG,IAAxB,CAA6B;AAAEC,QAAAA,QAAQ,EAAE,KAAKC,KAAL,CAAWC,MAAX,CAAkBC;AAA9B,OAA7B;AACD,KAPoD;;AAAA,SASrDC,aATqD,GASrC,MAAM;AACpBT,MAAAA,oBAAoB,CAACI,IAArB,CAA0B;AAAEC,QAAAA,QAAQ,EAAE,KAAKC,KAAL,CAAWC,MAAX,CAAkBC;AAA9B,OAA1B;AACD,KAXoD;AAAA;;AACrDE,EAAAA,qBAAqB,CAACC,SAAD,EAAYC,SAAZ,EAAuB;AAC1C,WAAO,CAACC,CAAC,CAACC,OAAF,CAAU,KAAKR,KAAf,EAAsBK,SAAtB,CAAR;AACD;;AAUDI,EAAAA,MAAM,GAAG;AACP,UAAM;AAAEC,MAAAA,SAAF;AAAaC,MAAAA,SAAb;AAAwBC,MAAAA,QAAxB;AAAkCC,MAAAA,WAAlC;AAA+CZ,MAAAA;AAA/C,QAA0D,KAAKD,KAArE;AAEA,UAAMc,KAAK,GAAGH,SAAS,CAACI,MAAV,CAAiB,aAAjB,EAAgCC,KAA9C;AACA,UAAMC,SAAS,GAAGP,SAAS,CAACQ,SAAV,CAAoBC,MAAtC;;AAEA,QAAIF,SAAS,IAAIH,KAAjB,EAAwB;AACtB,0BACE,oBAAC,WAAD,qBACE;AAAK,QAAA,SAAS,EAAC;AAAf,sBACE,oBAAC,aAAD;AACE,QAAA,IAAI,EAAEtB,SAAS,CAAC4B,IADlB;AAEE,QAAA,KAAK,EAAC,iBAFR;AAGE,QAAA,WAAW,EAAC;AAHd,QADF,CADF,CADF;AAWD;;AAED,UAAMC,kBAAkB,GACtBT,QAAQ,IACRC,WAAW,CAACS,WAAZ,KAA4B,YAD5B,IAEAT,WAAW,CAACU,WAAZ,IAA2BtB,MAAM,CAACuB,gBAHpC;AAKA,wBACE,oBAAC,WAAD,qBACE;AAAK,MAAA,SAAS,EAAC;AAAf,oBACE,oBAAC,aAAD;AACE,MAAA,IAAI,EAAEhC,SAAS,CAACiC,IADlB;AAEE,MAAA,KAAK,EAAC,OAFR;AAGE,MAAA,WAAW,eACT,uDACE,yEADF,eAEE,+BACGR,SADH,SACiBH,KADjB,oBAFF;AAJJ,MADF,CADF,eAeE,oBAAC,KAAD;AACE,MAAA,MAAM,EAAExB,MAAM,CAACoC,OADjB;AAEE,MAAA,MAAM,EAAEL,kBAFV;AAGE,MAAA,iBAAiB,EAAC,aAHpB;AAIE,MAAA,gBAAgB,EAAC,UAJnB;AAKE,MAAA,SAAS,EAAE,KAAKxB,gBALlB;AAME,MAAA,QAAQ,EAAE,KAAKM;AANjB,oBAQE,kHARF,CAfF,CADF;AA+BD;;AArEoD","sourcesContent":["import React from \"react\";\n\nimport { Alert, Intent, NonIdealState } from \"@blueprintjs/core\";\nimport { IconNames } from \"@blueprintjs/icons\";\n\nimport { CoreWrapper } from \"./Helpers.jsx\";\nimport {\n  endPlayerTimeoutWait,\n  extendPlayerTimeoutWait\n} from \"../../api/players/methods.js\";\n\nexport default class GameLobby extends React.Component {\n  shouldComponentUpdate(nextProps, nextState) {\n    return !_.isEqual(this.props, nextProps);\n  }\n\n  handleWaitLonger = () => {\n    extendPlayerTimeoutWait.call({ playerId: this.props.player._id });\n  };\n\n  handleExitNow = () => {\n    endPlayerTimeoutWait.call({ playerId: this.props.player._id });\n  };\n\n  render() {\n    const { gameLobby, treatment, timedOut, lobbyConfig, player } = this.props;\n\n    const total = treatment.factor(\"playerCount\").value;\n    const exisiting = gameLobby.playerIds.length;\n\n    if (exisiting >= total) {\n      return (\n        <CoreWrapper>\n          <div className=\"game-lobby\">\n            <NonIdealState\n              icon={IconNames.PLAY}\n              title=\"Game loading...\"\n              description=\"Your game will be starting shortly, get ready!\"\n            />\n          </div>\n        </CoreWrapper>\n      );\n    }\n\n    const showExtensionAlert =\n      timedOut &&\n      lobbyConfig.timeoutType === \"individual\" &&\n      lobbyConfig.extendCount >= player.timeoutWaitCount;\n\n    return (\n      <CoreWrapper>\n        <div className=\"game-lobby\">\n          <NonIdealState\n            icon={IconNames.TIME}\n            title=\"Lobby\"\n            description={\n              <>\n                <p>Please wait for the game to be ready...</p>\n                <p>\n                  {exisiting} / {total} players ready.\n                </p>\n              </>\n            }\n          />\n        </div>\n        <Alert\n          intent={Intent.PRIMARY}\n          isOpen={showExtensionAlert}\n          confirmButtonText=\"Wait Longer\"\n          cancelButtonText=\"Exit Now\"\n          onConfirm={this.handleWaitLonger}\n          onCancel={this.handleExitNow}\n        >\n          <p>\n            Sorry you have been waiting for a while. Do you wish to wait longer\n            or exit now?\n          </p>\n        </Alert>\n      </CoreWrapper>\n    );\n  }\n}\n"]},"sourceType":"module","hash":"17c505c011e08bd6349915fffdc4c0071b637304"}
