{"metadata":{},"options":{"compact":false,"sourceMaps":true,"ast":true,"babelrc":false,"configFile":false,"parserOpts":{"sourceType":"module","sourceFileName":"/Users/stefpop/Desktop/repos/withBrandon/crossling_reference/experiments/from-scratch/client/exit/Thanks.jsx","plugins":["*","flow","jsx","asyncGenerators","bigInt","classPrivateMethods","classPrivateProperties","classProperties","doExpressions","dynamicImport","exportDefaultFrom","exportExtensions","exportNamespaceFrom","functionBind","functionSent","importMeta","nullishCoalescingOperator","numericSeparator","objectRestSpread","optionalCatchBinding","optionalChaining",["pipelineOperator",{"proposal":"minimal"}],"throwExpressions","classProperties","classPrivateProperties","jsx","nullishCoalescingOperator","nullishCoalescingOperator","optionalChaining","optionalChaining","optionalCatchBinding","optionalCatchBinding","classProperties","classPrivateProperties","classPrivateMethods","classProperties","classPrivateProperties","asyncGenerators","asyncGenerators","objectRestSpread","objectRestSpread"],"allowImportExportEverywhere":true,"allowReturnOutsideFunction":true,"allowUndeclaredExports":true,"strictMode":false},"caller":{"name":"meteor","arch":"web.browser"},"sourceFileName":"client/exit/Thanks.jsx","filename":"/Users/stefpop/Desktop/repos/withBrandon/crossling_reference/experiments/from-scratch/client/exit/Thanks.jsx","cloneInputAst":true,"passPerPreset":false,"envName":"development","cwd":"/Users/stefpop/Desktop/repos/withBrandon/crossling_reference/experiments/from-scratch","root":"/Users/stefpop/Desktop/repos/withBrandon/crossling_reference/experiments/from-scratch","plugins":[{"key":"base$0","visitor":{"_exploded":true,"_verified":true},"options":{}},{"key":"base$0$0","visitor":{"Program":{"enter":[null],"exit":[null]},"_exploded":true,"_verified":true},"options":{"avoidModernSyntax":false,"enforceStrictMode":false,"dynamicImport":true,"generateLetDeclarations":true}},{"key":"transform-runtime","visitor":{"CallExpression":{"enter":[null]},"BinaryExpression":{"enter":[null]},"MemberExpression":{"enter":[null],"exit":[null]},"_exploded":true,"_verified":true,"Identifier":{"enter":[null]},"JSXIdentifier":{"enter":[null]}},"options":{"version":"7.12.5","helpers":true,"useESModules":false,"corejs":false}},{"key":"proposal-class-properties","visitor":{"PrivateName":{"enter":[null]},"ExportDefaultDeclaration":{"enter":[null]},"_exploded":true,"_verified":true,"ClassExpression":{"enter":[null]},"ClassDeclaration":{"enter":[null]}},"options":{"loose":true}},{"key":"transform-react-jsx","visitor":{"_exploded":{},"_verified":{},"JSXNamespacedName":{"enter":[null]},"JSXSpreadChild":{"enter":[null]},"Program":{"enter":[null]},"JSXElement":{"exit":[null]},"JSXFragment":{"exit":[null]},"JSXAttribute":{"enter":[null]}},"options":{"pragma":"React.createElement","pragmaFrag":"React.Fragment","runtime":"classic","throwIfNamespace":true,"useBuiltIns":false}},{"key":"transform-react-display-name","visitor":{"ExportDefaultDeclaration":{"enter":[null]},"CallExpression":{"enter":[null]},"_exploded":true,"_verified":true},"options":{}},{"key":"transform-react-pure-annotations","visitor":{"CallExpression":{"enter":[null]},"_exploded":true,"_verified":true},"options":{}},{"key":"syntax-nullish-coalescing-operator","visitor":{"_exploded":true,"_verified":true},"options":{}},{"key":"proposal-nullish-coalescing-operator","visitor":{"_exploded":{},"_verified":{},"LogicalExpression":{"enter":[null]}},"options":{}},{"key":"syntax-optional-chaining","visitor":{"_exploded":true,"_verified":true},"options":{}},{"key":"proposal-optional-chaining","visitor":{"_exploded":{},"_verified":{},"OptionalCallExpression":{"enter":[null]},"OptionalMemberExpression":{"enter":[null]}},"options":{}},{"key":"syntax-optional-catch-binding","visitor":{"_exploded":true,"_verified":true},"options":{}},{"key":"proposal-optional-catch-binding","visitor":{"_exploded":{},"_verified":{},"CatchClause":{"enter":[null]}},"options":{}},{"key":"syntax-class-properties","visitor":{"_exploded":true,"_verified":true},"options":{}},{"key":"proposal-class-properties","visitor":{"PrivateName":{"enter":[null]},"ExportDefaultDeclaration":{"enter":[null]},"_exploded":true,"_verified":true,"ClassExpression":{"enter":[null]},"ClassDeclaration":{"enter":[null]}},"options":{}},{"key":"syntax-async-generators","visitor":{"_exploded":true,"_verified":true},"options":{}},{"key":"proposal-async-generator-functions","visitor":{"_exploded":{},"_verified":{},"Program":{"enter":[null]}},"options":{}},{"key":"syntax-object-rest-spread","visitor":{"_exploded":true,"_verified":true},"options":{}},{"key":"proposal-object-rest-spread","visitor":{"_exploded":{},"_verified":{},"VariableDeclarator":{"enter":[null]},"ExportNamedDeclaration":{"enter":[null]},"CatchClause":{"enter":[null]},"AssignmentExpression":{"enter":[null]},"ArrayPattern":{"enter":[null]},"ObjectExpression":{"enter":[null]},"FunctionDeclaration":{"enter":[null]},"FunctionExpression":{"enter":[null]},"ObjectMethod":{"enter":[null]},"ArrowFunctionExpression":{"enter":[null]},"ClassMethod":{"enter":[null]},"ClassPrivateMethod":{"enter":[null]},"ForInStatement":{"enter":[null]},"ForOfStatement":{"enter":[null]}},"options":{}},{"key":"transform-literals","visitor":{"NumericLiteral":{"enter":[null]},"StringLiteral":{"enter":[null]},"_exploded":true,"_verified":true},"options":{}},{"key":"transform-template-literals","visitor":{"TaggedTemplateExpression":{"enter":[null]},"TemplateLiteral":{"enter":[null]},"_exploded":true,"_verified":true},"options":{}},{"key":"transform-parameters","visitor":{"_exploded":true,"_verified":true,"FunctionDeclaration":{"enter":[null]},"FunctionExpression":{"enter":[null]},"ObjectMethod":{"enter":[null]},"ArrowFunctionExpression":{"enter":[null]},"ClassMethod":{"enter":[null]},"ClassPrivateMethod":{"enter":[null]}},"options":{}},{"key":"transform-exponentiation-operator","visitor":{"AssignmentExpression":{"enter":[null]},"BinaryExpression":{"enter":[null]},"_exploded":true,"_verified":true},"options":{}}],"presets":[],"generatorOpts":{"filename":"/Users/stefpop/Desktop/repos/withBrandon/crossling_reference/experiments/from-scratch/client/exit/Thanks.jsx","comments":true,"compact":false,"sourceMaps":true,"sourceFileName":"client/exit/Thanks.jsx"}},"code":"module.export({\n  default: () => Thanks\n});\nlet React;\nmodule.link(\"react\", {\n  default(v) {\n    React = v;\n  }\n\n}, 0);\nlet gameText;\nmodule.link(\"../gameText.js\", {\n  gameText(v) {\n    gameText = v;\n  }\n\n}, 1);\nlet Centered;\nmodule.link(\"meteor/empirica:core\", {\n  Centered(v) {\n    Centered = v;\n  }\n\n}, 2);\n\nclass Thanks extends React.Component {\n  render() {\n    const {\n      game\n    } = this.props;\n    const gameTextInLanguage = gameText.filter(row => row.language == game.treatment.gameLanguage)[0];\n    return /*#__PURE__*/React.createElement(\"div\", {\n      dir: \"auto\"\n    }, /*#__PURE__*/React.createElement(\"h4\", null, gameTextInLanguage.THANKS_finished), /*#__PURE__*/React.createElement(\"p\", null, gameTextInLanguage.THANKS_thanksForParticipating), game.treatment.showProlificCode ? /*#__PURE__*/React.createElement(\"p\", null, gameTextInLanguage.THANKS_prolificCodePart1, \" \", /*#__PURE__*/React.createElement(\"b\", null, game.treatment.prolificCode), gameTextInLanguage.THANKS_prolificCodePart2) : null);\n  }\n\n}\n\nThanks.stepName = \"Thanks\";","map":{"version":3,"sources":["client/exit/Thanks.jsx"],"names":["module","export","default","Thanks","React","link","v","gameText","Centered","Component","render","game","props","gameTextInLanguage","filter","row","language","treatment","gameLanguage","THANKS_finished","THANKS_thanksForParticipating","showProlificCode","THANKS_prolificCodePart1","prolificCode","THANKS_prolificCodePart2","stepName"],"mappings":"AAAAA,MAAM,CAACC,MAAP,CAAc;AAACC,EAAAA,OAAO,EAAC,MAAIC;AAAb,CAAd;AAAoC,IAAIC,KAAJ;AAAUJ,MAAM,CAACK,IAAP,CAAY,OAAZ,EAAoB;AAACH,EAAAA,OAAO,CAACI,CAAD,EAAG;AAACF,IAAAA,KAAK,GAACE,CAAN;AAAQ;;AAApB,CAApB,EAA0C,CAA1C;AAA6C,IAAIC,QAAJ;AAAaP,MAAM,CAACK,IAAP,CAAY,gBAAZ,EAA6B;AAACE,EAAAA,QAAQ,CAACD,CAAD,EAAG;AAACC,IAAAA,QAAQ,GAACD,CAAT;AAAW;;AAAxB,CAA7B,EAAuD,CAAvD;AAA0D,IAAIE,QAAJ;AAAaR,MAAM,CAACK,IAAP,CAAY,sBAAZ,EAAmC;AAACG,EAAAA,QAAQ,CAACF,CAAD,EAAG;AAACE,IAAAA,QAAQ,GAACF,CAAT;AAAW;;AAAxB,CAAnC,EAA6D,CAA7D;;AAKhK,MAAMH,MAAN,SAAqBC,KAAK,CAACK,SAA3B,CAAqC;AAElDC,EAAAA,MAAM,GAAG;AACP,UAAM;AAAEC,MAAAA;AAAF,QAAW,KAAKC,KAAtB;AACA,UAAMC,kBAAkB,GAAGN,QAAQ,CAACO,MAAT,CACxBC,GAAD,IAASA,GAAG,CAACC,QAAJ,IAAgBL,IAAI,CAACM,SAAL,CAAeC,YADf,EAEzB,CAFyB,CAA3B;AAIA,wBACE;AAAK,MAAA,GAAG,EAAC;AAAT,oBACE,gCAAKL,kBAAkB,CAACM,eAAxB,CADF,eAEE,+BAAIN,kBAAkB,CAACO,6BAAvB,CAFF,EAGGT,IAAI,CAACM,SAAL,CAAeI,gBAAf,gBACC,+BACGR,kBAAkB,CAACS,wBADtB,EACgD,GADhD,eAEE,+BAAIX,IAAI,CAACM,SAAL,CAAeM,YAAnB,CAFF,EAGGV,kBAAkB,CAACW,wBAHtB,CADD,GAMG,IATN,CADF;AAaD;;AArBiD;;AAA/BrB,M,CACZsB,Q,GAAW,Q","sourcesContent":["import React from \"react\";\nimport { gameText } from \"../gameText.js\";\n\nimport { Centered } from \"meteor/empirica:core\";\n\nexport default class Thanks extends React.Component {\n  static stepName = \"Thanks\";\n  render() {\n    const { game } = this.props;\n    const gameTextInLanguage = gameText.filter(\n      (row) => row.language == game.treatment.gameLanguage\n    )[0];\n\n    return (\n      <div dir=\"auto\">\n        <h4>{gameTextInLanguage.THANKS_finished}</h4>\n        <p>{gameTextInLanguage.THANKS_thanksForParticipating}</p>\n        {game.treatment.showProlificCode ? (\n          <p>\n            {gameTextInLanguage.THANKS_prolificCodePart1}{\" \"}\n            <b>{game.treatment.prolificCode}</b>\n            {gameTextInLanguage.THANKS_prolificCodePart2}\n          </p>\n        ) : null}\n      </div>\n    );\n  }\n}\n"]},"sourceType":"module","hash":"1c89f7ab4d4cfea811597a9a78269f789be1e3a3"}
