{"metadata":{},"options":{"compact":false,"sourceMaps":true,"ast":true,"babelrc":false,"configFile":false,"parserOpts":{"sourceType":"module","sourceFileName":"/Users/stefpop/Desktop/repos/withBrandon/crossling_reference/experiments/from-scratch/client/game/SocialInteractions.jsx","plugins":["*","flow","jsx","asyncGenerators","bigInt","classPrivateMethods","classPrivateProperties","classProperties","doExpressions","dynamicImport","exportDefaultFrom","exportExtensions","exportNamespaceFrom","functionBind","functionSent","importMeta","nullishCoalescingOperator","numericSeparator","objectRestSpread","optionalCatchBinding","optionalChaining",["pipelineOperator",{"proposal":"minimal"}],"throwExpressions","classProperties","classPrivateProperties","jsx","nullishCoalescingOperator","nullishCoalescingOperator","optionalChaining","optionalChaining","optionalCatchBinding","optionalCatchBinding","classProperties","classPrivateProperties","classPrivateMethods","classProperties","classPrivateProperties","asyncGenerators","asyncGenerators","objectRestSpread","objectRestSpread"],"allowImportExportEverywhere":true,"allowReturnOutsideFunction":true,"allowUndeclaredExports":true,"strictMode":false},"caller":{"name":"meteor","arch":"web.browser"},"sourceFileName":"client/game/SocialInteractions.jsx","filename":"/Users/stefpop/Desktop/repos/withBrandon/crossling_reference/experiments/from-scratch/client/game/SocialInteractions.jsx","cloneInputAst":true,"passPerPreset":false,"envName":"development","cwd":"/Users/stefpop/Desktop/repos/withBrandon/crossling_reference/experiments/from-scratch","root":"/Users/stefpop/Desktop/repos/withBrandon/crossling_reference/experiments/from-scratch","plugins":[{"key":"base$0","visitor":{"_exploded":true,"_verified":true},"options":{}},{"key":"base$0$0","visitor":{"Program":{"enter":[null],"exit":[null]},"_exploded":true,"_verified":true},"options":{"avoidModernSyntax":false,"enforceStrictMode":false,"dynamicImport":true,"generateLetDeclarations":true}},{"key":"transform-runtime","visitor":{"CallExpression":{"enter":[null]},"BinaryExpression":{"enter":[null]},"MemberExpression":{"enter":[null],"exit":[null]},"_exploded":true,"_verified":true,"Identifier":{"enter":[null]},"JSXIdentifier":{"enter":[null]}},"options":{"version":"7.12.5","helpers":true,"useESModules":false,"corejs":false}},{"key":"proposal-class-properties","visitor":{"PrivateName":{"enter":[null]},"ExportDefaultDeclaration":{"enter":[null]},"_exploded":true,"_verified":true,"ClassExpression":{"enter":[null]},"ClassDeclaration":{"enter":[null]}},"options":{"loose":true}},{"key":"transform-react-jsx","visitor":{"_exploded":{},"_verified":{},"JSXNamespacedName":{"enter":[null]},"JSXSpreadChild":{"enter":[null]},"Program":{"enter":[null]},"JSXElement":{"exit":[null]},"JSXFragment":{"exit":[null]},"JSXAttribute":{"enter":[null]}},"options":{"pragma":"React.createElement","pragmaFrag":"React.Fragment","runtime":"classic","throwIfNamespace":true,"useBuiltIns":false}},{"key":"transform-react-display-name","visitor":{"ExportDefaultDeclaration":{"enter":[null]},"CallExpression":{"enter":[null]},"_exploded":true,"_verified":true},"options":{}},{"key":"transform-react-pure-annotations","visitor":{"CallExpression":{"enter":[null]},"_exploded":true,"_verified":true},"options":{}},{"key":"syntax-nullish-coalescing-operator","visitor":{"_exploded":true,"_verified":true},"options":{}},{"key":"proposal-nullish-coalescing-operator","visitor":{"_exploded":{},"_verified":{},"LogicalExpression":{"enter":[null]}},"options":{}},{"key":"syntax-optional-chaining","visitor":{"_exploded":true,"_verified":true},"options":{}},{"key":"proposal-optional-chaining","visitor":{"_exploded":{},"_verified":{},"OptionalCallExpression":{"enter":[null]},"OptionalMemberExpression":{"enter":[null]}},"options":{}},{"key":"syntax-optional-catch-binding","visitor":{"_exploded":true,"_verified":true},"options":{}},{"key":"proposal-optional-catch-binding","visitor":{"_exploded":{},"_verified":{},"CatchClause":{"enter":[null]}},"options":{}},{"key":"syntax-class-properties","visitor":{"_exploded":true,"_verified":true},"options":{}},{"key":"proposal-class-properties","visitor":{"PrivateName":{"enter":[null]},"ExportDefaultDeclaration":{"enter":[null]},"_exploded":true,"_verified":true,"ClassExpression":{"enter":[null]},"ClassDeclaration":{"enter":[null]}},"options":{}},{"key":"syntax-async-generators","visitor":{"_exploded":true,"_verified":true},"options":{}},{"key":"proposal-async-generator-functions","visitor":{"_exploded":{},"_verified":{},"Program":{"enter":[null]}},"options":{}},{"key":"syntax-object-rest-spread","visitor":{"_exploded":true,"_verified":true},"options":{}},{"key":"proposal-object-rest-spread","visitor":{"_exploded":{},"_verified":{},"VariableDeclarator":{"enter":[null]},"ExportNamedDeclaration":{"enter":[null]},"CatchClause":{"enter":[null]},"AssignmentExpression":{"enter":[null]},"ArrayPattern":{"enter":[null]},"ObjectExpression":{"enter":[null]},"FunctionDeclaration":{"enter":[null]},"FunctionExpression":{"enter":[null]},"ObjectMethod":{"enter":[null]},"ArrowFunctionExpression":{"enter":[null]},"ClassMethod":{"enter":[null]},"ClassPrivateMethod":{"enter":[null]},"ForInStatement":{"enter":[null]},"ForOfStatement":{"enter":[null]}},"options":{}},{"key":"transform-literals","visitor":{"NumericLiteral":{"enter":[null]},"StringLiteral":{"enter":[null]},"_exploded":true,"_verified":true},"options":{}},{"key":"transform-template-literals","visitor":{"TaggedTemplateExpression":{"enter":[null]},"TemplateLiteral":{"enter":[null]},"_exploded":true,"_verified":true},"options":{}},{"key":"transform-parameters","visitor":{"_exploded":true,"_verified":true,"FunctionDeclaration":{"enter":[null]},"FunctionExpression":{"enter":[null]},"ObjectMethod":{"enter":[null]},"ArrowFunctionExpression":{"enter":[null]},"ClassMethod":{"enter":[null]},"ClassPrivateMethod":{"enter":[null]}},"options":{}},{"key":"transform-exponentiation-operator","visitor":{"AssignmentExpression":{"enter":[null]},"BinaryExpression":{"enter":[null]},"_exploded":true,"_verified":true},"options":{}}],"presets":[],"generatorOpts":{"filename":"/Users/stefpop/Desktop/repos/withBrandon/crossling_reference/experiments/from-scratch/client/game/SocialInteractions.jsx","comments":true,"compact":false,"sourceMaps":true,"sourceFileName":"client/game/SocialInteractions.jsx"}},"code":"module.export({\n  default: () => SocialInteractions\n});\nlet React;\nmodule.link(\"react\", {\n  default(v) {\n    React = v;\n  }\n\n}, 0);\nlet EventLog;\nmodule.link(\"./EventLog\", {\n  default(v) {\n    EventLog = v;\n  }\n\n}, 1);\nlet ChatLog;\nmodule.link(\"./ChatLog\", {\n  default(v) {\n    ChatLog = v;\n  }\n\n}, 2);\nlet ReactHtmlParser;\nmodule.link(\"react-html-parser\", {\n  default(v) {\n    ReactHtmlParser = v;\n  }\n\n}, 3);\nlet gameText;\nmodule.link(\"../gameText.js\", {\n  gameText(v) {\n    gameText = v;\n  }\n\n}, 4);\n\nclass SocialInteractions extends React.Component {\n  renderPlayer(player) {\n    let self = arguments.length > 1 && arguments[1] !== undefined ? arguments[1] : false;\n    return /*#__PURE__*/React.createElement(\"div\", {\n      className: \"player\",\n      key: player._id\n    }, /*#__PURE__*/React.createElement(\"span\", {\n      className: \"image\"\n    }), /*#__PURE__*/React.createElement(\"img\", {\n      src: player.get(\"avatar\")\n    }), /*#__PURE__*/React.createElement(\"span\", {\n      className: \"name\",\n      style: {\n        color: player.get(\"nameColor\")\n      }\n    }, player.get(\"name\"), self ? \" (You)\" : \"\"), /*#__PURE__*/React.createElement(\"span\", {\n      className: \"name\",\n      style: {\n        color: player.get(\"nameColor\")\n      }\n    }, \"$\", (player.get(\"bonus\") || 0).toFixed(2)));\n  }\n\n  render() {\n    const {\n      game,\n      round,\n      stage,\n      player\n    } = this.props;\n    const gameTextInLanguage = gameText.filter(row => row.language == game.treatment.gameLanguage)[0];\n\n    const otherPlayers = _.reject(game.players, p => p._id === player._id);\n\n    const messages = round.get(\"chat\").map((_ref) => {\n      let {\n        text,\n        playerId,\n        type\n      } = _ref;\n      return {\n        text,\n        subject: game.players.find(p => p._id === playerId),\n        type: type\n      };\n    });\n    return /*#__PURE__*/React.createElement(\"div\", {\n      className: \"social-interactions\"\n    }, /*#__PURE__*/React.createElement(\"center\", null, player.get('role') === \"listener\" ? ReactHtmlParser(\"<b>\" + gameTextInLanguage.PLAYERPROFILE_youAreGuesser + \"</b>\") : ReactHtmlParser(\"<b>\" + gameTextInLanguage.PLAYERPROFILE_youAreDirector + \"</b>\")), /*#__PURE__*/React.createElement(ChatLog, {\n      messages: messages,\n      game: game,\n      round: round,\n      stage: stage,\n      player: player\n    }));\n  }\n\n}","map":{"version":3,"sources":["client/game/SocialInteractions.jsx"],"names":["module","export","default","SocialInteractions","React","link","v","EventLog","ChatLog","ReactHtmlParser","gameText","Component","renderPlayer","player","self","_id","get","color","toFixed","render","game","round","stage","props","gameTextInLanguage","filter","row","language","treatment","gameLanguage","otherPlayers","_","reject","players","p","messages","map","text","playerId","type","subject","find","PLAYERPROFILE_youAreGuesser","PLAYERPROFILE_youAreDirector"],"mappings":"AAAAA,MAAM,CAACC,MAAP,CAAc;AAACC,EAAAA,OAAO,EAAC,MAAIC;AAAb,CAAd;AAAgD,IAAIC,KAAJ;AAAUJ,MAAM,CAACK,IAAP,CAAY,OAAZ,EAAoB;AAACH,EAAAA,OAAO,CAACI,CAAD,EAAG;AAACF,IAAAA,KAAK,GAACE,CAAN;AAAQ;;AAApB,CAApB,EAA0C,CAA1C;AAA6C,IAAIC,QAAJ;AAAaP,MAAM,CAACK,IAAP,CAAY,YAAZ,EAAyB;AAACH,EAAAA,OAAO,CAACI,CAAD,EAAG;AAACC,IAAAA,QAAQ,GAACD,CAAT;AAAW;;AAAvB,CAAzB,EAAkD,CAAlD;AAAqD,IAAIE,OAAJ;AAAYR,MAAM,CAACK,IAAP,CAAY,WAAZ,EAAwB;AAACH,EAAAA,OAAO,CAACI,CAAD,EAAG;AAACE,IAAAA,OAAO,GAACF,CAAR;AAAU;;AAAtB,CAAxB,EAAgD,CAAhD;AAAmD,IAAIG,eAAJ;AAAoBT,MAAM,CAACK,IAAP,CAAY,mBAAZ,EAAgC;AAACH,EAAAA,OAAO,CAACI,CAAD,EAAG;AAACG,IAAAA,eAAe,GAACH,CAAhB;AAAkB;;AAA9B,CAAhC,EAAgE,CAAhE;AAAmE,IAAII,QAAJ;AAAaV,MAAM,CAACK,IAAP,CAAY,gBAAZ,EAA6B;AAACK,EAAAA,QAAQ,CAACJ,CAAD,EAAG;AAACI,IAAAA,QAAQ,GAACJ,CAAT;AAAW;;AAAxB,CAA7B,EAAuD,CAAvD;;AAM7T,MAAMH,kBAAN,SAAiCC,KAAK,CAACO,SAAvC,CAAiD;AAC9DC,EAAAA,YAAY,CAACC,MAAD,EAAuB;AAAA,QAAdC,IAAc,uEAAP,KAAO;AACjC,wBACE;AAAK,MAAA,SAAS,EAAC,QAAf;AAAwB,MAAA,GAAG,EAAED,MAAM,CAACE;AAApC,oBACE;AAAM,MAAA,SAAS,EAAC;AAAhB,MADF,eAEE;AAAK,MAAA,GAAG,EAAEF,MAAM,CAACG,GAAP,CAAW,QAAX;AAAV,MAFF,eAGE;AAAM,MAAA,SAAS,EAAC,MAAhB;AAAuB,MAAA,KAAK,EAAE;AAAEC,QAAAA,KAAK,EAAEJ,MAAM,CAACG,GAAP,CAAW,WAAX;AAAT;AAA9B,OACGH,MAAM,CAACG,GAAP,CAAW,MAAX,CADH,EAEGF,IAAI,GAAG,QAAH,GAAe,EAFtB,CAHF,eAOE;AAAM,MAAA,SAAS,EAAC,MAAhB;AAAuB,MAAA,KAAK,EAAE;AAAEG,QAAAA,KAAK,EAAEJ,MAAM,CAACG,GAAP,CAAW,WAAX;AAAT;AAA9B,YACI,CAACH,MAAM,CAACG,GAAP,CAAW,OAAX,KAAqB,CAAtB,EAAyBE,OAAzB,CAAiC,CAAjC,CADJ,CAPF,CADF;AAaD;;AAEDC,EAAAA,MAAM,GAAG;AACP,UAAM;AAAEC,MAAAA,IAAF;AAAQC,MAAAA,KAAR;AAAeC,MAAAA,KAAf;AAAsBT,MAAAA;AAAtB,QAAiC,KAAKU,KAA5C;AACA,UAAMC,kBAAkB,GAAGd,QAAQ,CAACe,MAAT,CAAgBC,GAAG,IAAIA,GAAG,CAACC,QAAJ,IAAgBP,IAAI,CAACQ,SAAL,CAAeC,YAAtD,EAAoE,CAApE,CAA3B;;AAEA,UAAMC,YAAY,GAAGC,CAAC,CAACC,MAAF,CAASZ,IAAI,CAACa,OAAd,EAAuBC,CAAC,IAAIA,CAAC,CAACnB,GAAF,KAAUF,MAAM,CAACE,GAA7C,CAArB;;AACA,UAAMoB,QAAQ,GAAGd,KAAK,CAACL,GAAN,CAAU,MAAV,EACVoB,GADU,CACN;AAAA,UAAC;AAAEC,QAAAA,IAAF;AAAQC,QAAAA,QAAR;AAAkBC,QAAAA;AAAlB,OAAD;AAAA,aAA+B;AAClCF,QAAAA,IADkC;AAElCG,QAAAA,OAAO,EAAEpB,IAAI,CAACa,OAAL,CAAaQ,IAAb,CAAkBP,CAAC,IAAIA,CAAC,CAACnB,GAAF,KAAUuB,QAAjC,CAFyB;AAGlCC,QAAAA,IAAI,EAAGA;AAH2B,OAA/B;AAAA,KADM,CAAjB;AAOA,wBACE;AAAK,MAAA,SAAS,EAAC;AAAf,oBACE,oCACC1B,MAAM,CAACG,GAAP,CAAW,MAAX,MAAuB,UAAvB,GAAoCP,eAAe,CAAC,QAAQe,kBAAkB,CAACkB,2BAA3B,GAAyD,MAA1D,CAAnD,GAAuHjC,eAAe,CAAC,QAAQe,kBAAkB,CAACmB,4BAA3B,GAA0D,MAA3D,CADvI,CADF,eAIE,oBAAC,OAAD;AAAS,MAAA,QAAQ,EAAER,QAAnB;AAA6B,MAAA,IAAI,EAAEf,IAAnC;AAAyC,MAAA,KAAK,EAAEC,KAAhD;AAAuD,MAAA,KAAK,EAAEC,KAA9D;AAAqE,MAAA,MAAM,EAAET;AAA7E,MAJF,CADF;AASD;;AAtC6D","sourcesContent":["import React from \"react\";\nimport EventLog from \"./EventLog\";\nimport ChatLog from \"./ChatLog\";\nimport ReactHtmlParser from 'react-html-parser';\nimport { gameText } from \"../gameText.js\";\n\nexport default class SocialInteractions extends React.Component {\n  renderPlayer(player, self = false) {\n    return (\n      <div className=\"player\" key={player._id}>\n        <span className=\"image\"></span>\n        <img src={player.get(\"avatar\")} />\n        <span className=\"name\" style={{ color: player.get(\"nameColor\") }}>\n          {player.get(\"name\")}\n          {self ? \" (You)\" :  \"\"}\n        </span>\n        <span className=\"name\" style={{ color: player.get(\"nameColor\") }}>\n          ${(player.get(\"bonus\")||0).toFixed(2)}\n        </span>\n      </div>\n    );\n  }\n\n  render() {\n    const { game, round, stage, player } = this.props;\n    const gameTextInLanguage = gameText.filter(row => row.language == game.treatment.gameLanguage)[0]\n\n    const otherPlayers = _.reject(game.players, p => p._id === player._id);\n    const messages = round.get(\"chat\")\n          .map(({ text, playerId, type }) => ({\n            text,\n            subject: game.players.find(p => p._id === playerId),\n            type : type\n          }));\n\n    return (\n      <div className=\"social-interactions\">    \n        <center>\n        {player.get('role') === \"listener\" ? ReactHtmlParser(\"<b>\" + gameTextInLanguage.PLAYERPROFILE_youAreGuesser + \"</b>\") : ReactHtmlParser(\"<b>\" + gameTextInLanguage.PLAYERPROFILE_youAreDirector + \"</b>\")}\n        </center>\n        <ChatLog messages={messages} game={game} round={round} stage={stage} player={player} />\n\n      </div>\n    );\n  }\n}\n"]},"sourceType":"module","hash":"1fd908df52e10bf5dc5300d03891b08725b295e9"}
