{"metadata":{},"options":{"compact":false,"sourceMaps":true,"ast":true,"babelrc":false,"configFile":false,"parserOpts":{"sourceType":"module","sourceFileName":"/Users/stefpop/Desktop/repos/withBrandon/crossling_reference/experiments/from-scratch/packages/ordered-dict/ordered_dict.js","plugins":["*","flow","jsx","asyncGenerators","bigInt","classPrivateMethods","classPrivateProperties","classProperties","doExpressions","dynamicImport","exportDefaultFrom","exportExtensions","exportNamespaceFrom","functionBind","functionSent","importMeta","nullishCoalescingOperator","numericSeparator","objectRestSpread","optionalCatchBinding","optionalChaining",["pipelineOperator",{"proposal":"minimal"}],"throwExpressions","classProperties","classPrivateProperties","jsx","nullishCoalescingOperator","nullishCoalescingOperator","optionalChaining","optionalChaining","optionalCatchBinding","optionalCatchBinding","classProperties","classPrivateProperties","classPrivateMethods","classProperties","classPrivateProperties","asyncGenerators","asyncGenerators","objectRestSpread","objectRestSpread"],"allowImportExportEverywhere":true,"allowReturnOutsideFunction":true,"allowUndeclaredExports":true,"strictMode":false},"caller":{"name":"meteor","arch":"web.browser.legacy"},"sourceFileName":"packages/ordered-dict/ordered_dict.js","filename":"/Users/stefpop/Desktop/repos/withBrandon/crossling_reference/experiments/from-scratch/packages/ordered-dict/ordered_dict.js","cloneInputAst":true,"passPerPreset":false,"envName":"development","cwd":"/Users/stefpop/Desktop/repos/withBrandon/crossling_reference/experiments/from-scratch","root":"/Users/stefpop/Desktop/repos/withBrandon/crossling_reference/experiments/from-scratch","plugins":[{"key":"base$0","visitor":{"_exploded":true,"_verified":true},"options":{}},{"key":"base$0$0","visitor":{"Program":{"enter":[null],"exit":[null]},"_exploded":true,"_verified":true},"options":{"avoidModernSyntax":true,"enforceStrictMode":false,"dynamicImport":true}},{"key":"transform-runtime","visitor":{"CallExpression":{"enter":[null]},"BinaryExpression":{"enter":[null]},"MemberExpression":{"enter":[null],"exit":[null]},"_exploded":true,"_verified":true,"Identifier":{"enter":[null]},"JSXIdentifier":{"enter":[null]}},"options":{"version":"7.12.5","helpers":true,"useESModules":false,"corejs":false}},{"key":"proposal-class-properties","visitor":{"PrivateName":{"enter":[null]},"ExportDefaultDeclaration":{"enter":[null]},"_exploded":true,"_verified":true,"ClassExpression":{"enter":[null]},"ClassDeclaration":{"enter":[null]}},"options":{"loose":true}},{"key":"base$0$3","visitor":{"FunctionExpression":{"exit":[null]},"_exploded":true,"_verified":true},"options":{}},{"key":"base$0$4","visitor":{"ForInStatement":{"enter":[null]},"_exploded":true,"_verified":true},"options":{}},{"key":"transform-react-jsx","visitor":{"_exploded":{},"_verified":{},"JSXNamespacedName":{"enter":[null]},"JSXSpreadChild":{"enter":[null]},"Program":{"enter":[null]},"JSXElement":{"exit":[null]},"JSXFragment":{"exit":[null]},"JSXAttribute":{"enter":[null]}},"options":{"pragma":"React.createElement","pragmaFrag":"React.Fragment","runtime":"classic","throwIfNamespace":true,"useBuiltIns":false}},{"key":"transform-react-display-name","visitor":{"ExportDefaultDeclaration":{"enter":[null]},"CallExpression":{"enter":[null]},"_exploded":true,"_verified":true},"options":{}},{"key":"transform-react-pure-annotations","visitor":{"CallExpression":{"enter":[null]},"_exploded":true,"_verified":true},"options":{}},{"key":"syntax-nullish-coalescing-operator","visitor":{"_exploded":true,"_verified":true},"options":{}},{"key":"proposal-nullish-coalescing-operator","visitor":{"_exploded":{},"_verified":{},"LogicalExpression":{"enter":[null]}},"options":{}},{"key":"syntax-optional-chaining","visitor":{"_exploded":true,"_verified":true},"options":{}},{"key":"proposal-optional-chaining","visitor":{"_exploded":{},"_verified":{},"OptionalCallExpression":{"enter":[null]},"OptionalMemberExpression":{"enter":[null]}},"options":{}},{"key":"syntax-optional-catch-binding","visitor":{"_exploded":true,"_verified":true},"options":{}},{"key":"proposal-optional-catch-binding","visitor":{"_exploded":{},"_verified":{},"CatchClause":{"enter":[null]}},"options":{}},{"key":"syntax-class-properties","visitor":{"_exploded":true,"_verified":true},"options":{}},{"key":"proposal-class-properties","visitor":{"PrivateName":{"enter":[null]},"ExportDefaultDeclaration":{"enter":[null]},"_exploded":true,"_verified":true,"ClassExpression":{"enter":[null]},"ClassDeclaration":{"enter":[null]}},"options":{}},{"key":"syntax-async-generators","visitor":{"_exploded":true,"_verified":true},"options":{}},{"key":"proposal-async-generator-functions","visitor":{"_exploded":{},"_verified":{},"Program":{"enter":[null]}},"options":{}},{"key":"syntax-object-rest-spread","visitor":{"_exploded":true,"_verified":true},"options":{}},{"key":"proposal-object-rest-spread","visitor":{"_exploded":{},"_verified":{},"VariableDeclarator":{"enter":[null]},"ExportNamedDeclaration":{"enter":[null]},"CatchClause":{"enter":[null]},"AssignmentExpression":{"enter":[null]},"ArrayPattern":{"enter":[null]},"ObjectExpression":{"enter":[null]},"FunctionDeclaration":{"enter":[null]},"FunctionExpression":{"enter":[null]},"ObjectMethod":{"enter":[null]},"ArrowFunctionExpression":{"enter":[null]},"ClassMethod":{"enter":[null]},"ClassPrivateMethod":{"enter":[null]},"ForInStatement":{"enter":[null]},"ForOfStatement":{"enter":[null]}},"options":{}},{"key":"transform-arrow-functions","visitor":{"ArrowFunctionExpression":{"enter":[null]},"_exploded":true,"_verified":true},"options":{}},{"key":"transform-block-scoped-functions","visitor":{"BlockStatement":{"enter":[null]},"SwitchCase":{"enter":[null]},"_exploded":true,"_verified":true},"options":{}},{"key":"transform-block-scoping","visitor":{"VariableDeclaration":{"enter":[null]},"CatchClause":{"enter":[null]},"_exploded":true,"BlockStatement":{"enter":[null]},"SwitchStatement":{"enter":[null]},"Program":{"enter":[null]},"_verified":true,"DoWhileStatement":{"enter":[null]},"ForInStatement":{"enter":[null]},"ForStatement":{"enter":[null]},"WhileStatement":{"enter":[null]},"ForOfStatement":{"enter":[null]}},"options":{}},{"key":"transform-classes","visitor":{"ExportDefaultDeclaration":{"enter":[null]},"ClassDeclaration":{"enter":[null]},"ClassExpression":{"enter":[null]},"_exploded":true,"_verified":true},"options":{"loose":true}},{"key":"transform-computed-properties","visitor":{"ObjectExpression":{"exit":[null]},"_exploded":true,"_verified":true},"options":{"loose":true}},{"key":"transform-destructuring","visitor":{"ExportNamedDeclaration":{"enter":[null]},"CatchClause":{"enter":[null]},"AssignmentExpression":{"enter":[null]},"VariableDeclaration":{"enter":[null]},"_exploded":true,"_verified":true,"ForInStatement":{"enter":[null]},"ForOfStatement":{"enter":[null]}},"options":{}},{"key":"transform-for-of","visitor":{"ForOfStatement":{"enter":[null]},"_exploded":true,"_verified":true},"options":{"loose":true}},{"key":"transform-literals","visitor":{"NumericLiteral":{"enter":[null]},"StringLiteral":{"enter":[null]},"_exploded":true,"_verified":true},"options":{}},{"key":"transform-object-super","visitor":{"ObjectExpression":{"enter":[null]},"_exploded":true,"_verified":true},"options":{}},{"key":"transform-parameters","visitor":{"_exploded":true,"_verified":true,"FunctionDeclaration":{"enter":[null]},"FunctionExpression":{"enter":[null]},"ObjectMethod":{"enter":[null]},"ArrowFunctionExpression":{"enter":[null]},"ClassMethod":{"enter":[null]},"ClassPrivateMethod":{"enter":[null]}},"options":{}},{"key":"transform-shorthand-properties","visitor":{"ObjectMethod":{"enter":[null]},"ObjectProperty":{"enter":[null]},"_exploded":true,"_verified":true},"options":{}},{"key":"transform-spread","visitor":{"ArrayExpression":{"enter":[null]},"CallExpression":{"enter":[null]},"NewExpression":{"enter":[null]},"_exploded":true,"_verified":true},"options":{}},{"key":"transform-sticky-regex","visitor":{"RegExpLiteral":{"enter":[null]},"_exploded":true,"_verified":true},"options":{}},{"key":"transform-template-literals","visitor":{"TaggedTemplateExpression":{"enter":[null]},"TemplateLiteral":{"enter":[null]},"_exploded":true,"_verified":true},"options":{"loose":true}},{"key":"transform-typeof-symbol","visitor":{"UnaryExpression":{"enter":[null]},"_exploded":true,"_verified":true,"BlockStatement":{"enter":[null]},"CatchClause":{"enter":[null]},"DoWhileStatement":{"enter":[null]},"ForInStatement":{"enter":[null]},"ForStatement":{"enter":[null]},"FunctionDeclaration":{"enter":[null]},"FunctionExpression":{"enter":[null]},"Program":{"enter":[null]},"ObjectMethod":{"enter":[null]},"SwitchStatement":{"enter":[null]},"WhileStatement":{"enter":[null]},"ArrowFunctionExpression":{"enter":[null]},"ClassExpression":{"enter":[null]},"ClassDeclaration":{"enter":[null]},"ForOfStatement":{"enter":[null]},"ClassMethod":{"enter":[null]},"ClassPrivateMethod":{"enter":[null]},"StaticBlock":{"enter":[null]},"TSModuleBlock":{"enter":[null]},"AssignmentPattern":{"enter":[null]},"ArrayPattern":{"enter":[null]},"ObjectPattern":{"enter":[null]}},"options":{}},{"key":"transform-unicode-regex","visitor":{"RegExpLiteral":{"enter":[null]},"_exploded":true,"_verified":true},"options":{}},{"key":"transform-property-literals","visitor":{"ObjectProperty":{"exit":[null]},"_exploded":true,"_verified":true},"options":{}},{"key":"transform-exponentiation-operator","visitor":{"AssignmentExpression":{"enter":[null]},"BinaryExpression":{"enter":[null]},"_exploded":true,"_verified":true},"options":{}},{"key":"regenerator-transform","visitor":{"_exploded":true,"_verified":true,"ObjectMethod":{"enter":[null],"exit":[null]},"ClassMethod":{"enter":[null],"exit":[null]},"ClassPrivateMethod":{"enter":[null],"exit":[null]},"FunctionDeclaration":{"exit":[null]},"FunctionExpression":{"exit":[null]},"ArrowFunctionExpression":{"exit":[null]}},"options":{}}],"presets":[],"generatorOpts":{"filename":"/Users/stefpop/Desktop/repos/withBrandon/crossling_reference/experiments/from-scratch/packages/ordered-dict/ordered_dict.js","comments":true,"compact":false,"sourceMaps":true,"sourceFileName":"packages/ordered-dict/ordered_dict.js"}},"code":"module.export({\n  OrderedDict: function () {\n    return OrderedDict;\n  }\n});\n\n// This file defines an ordered dictionary abstraction that is useful for\n// maintaining a dataset backed by observeChanges.  It supports ordering items\n// by specifying the item they now come before.\n// The implementation is a dictionary that contains nodes of a doubly-linked\n// list as its values.\n// constructs a new element struct\n// next and prev are whole elements, not keys.\nfunction element(key, value, next, prev) {\n  return {\n    key: key,\n    value: value,\n    next: next,\n    prev: prev\n  };\n}\n\nvar OrderedDict = /*#__PURE__*/function () {\n  function OrderedDict() {\n    var _this = this;\n\n    this._dict = Object.create(null);\n    this._first = null;\n    this._last = null;\n    this._size = 0;\n\n    for (var _len = arguments.length, args = new Array(_len), _key = 0; _key < _len; _key++) {\n      args[_key] = arguments[_key];\n    }\n\n    if (typeof args[0] === 'function') {\n      this._stringify = args.shift();\n    } else {\n      this._stringify = function (x) {\n        return x;\n      };\n    }\n\n    args.forEach(function (kv) {\n      return _this.putBefore(kv[0], kv[1], null);\n    });\n  } // the \"prefix keys with a space\" thing comes from here\n  // https://github.com/documentcloud/underscore/issues/376#issuecomment-2815649\n\n\n  var _proto = OrderedDict.prototype;\n\n  _proto._k = function () {\n    function _k(key) {\n      return \" \" + this._stringify(key);\n    }\n\n    return _k;\n  }();\n\n  _proto.empty = function () {\n    function empty() {\n      return !this._first;\n    }\n\n    return empty;\n  }();\n\n  _proto.size = function () {\n    function size() {\n      return this._size;\n    }\n\n    return size;\n  }();\n\n  _proto._linkEltIn = function () {\n    function _linkEltIn(elt) {\n      if (!elt.next) {\n        elt.prev = this._last;\n        if (this._last) this._last.next = elt;\n        this._last = elt;\n      } else {\n        elt.prev = elt.next.prev;\n        elt.next.prev = elt;\n        if (elt.prev) elt.prev.next = elt;\n      }\n\n      if (this._first === null || this._first === elt.next) this._first = elt;\n    }\n\n    return _linkEltIn;\n  }();\n\n  _proto._linkEltOut = function () {\n    function _linkEltOut(elt) {\n      if (elt.next) elt.next.prev = elt.prev;\n      if (elt.prev) elt.prev.next = elt.next;\n      if (elt === this._last) this._last = elt.prev;\n      if (elt === this._first) this._first = elt.next;\n    }\n\n    return _linkEltOut;\n  }();\n\n  _proto.putBefore = function () {\n    function putBefore(key, item, before) {\n      if (this._dict[this._k(key)]) throw new Error(\"Item \" + key + \" already present in OrderedDict\");\n      var elt = before ? element(key, item, this._dict[this._k(before)]) : element(key, item, null);\n      if (typeof elt.next === \"undefined\") throw new Error(\"could not find item to put this one before\");\n\n      this._linkEltIn(elt);\n\n      this._dict[this._k(key)] = elt;\n      this._size++;\n    }\n\n    return putBefore;\n  }();\n\n  _proto.append = function () {\n    function append(key, item) {\n      this.putBefore(key, item, null);\n    }\n\n    return append;\n  }();\n\n  _proto.remove = function () {\n    function remove(key) {\n      var elt = this._dict[this._k(key)];\n\n      if (typeof elt === \"undefined\") throw new Error(\"Item \" + key + \" not present in OrderedDict\");\n\n      this._linkEltOut(elt);\n\n      this._size--;\n      delete this._dict[this._k(key)];\n      return elt.value;\n    }\n\n    return remove;\n  }();\n\n  _proto.get = function () {\n    function get(key) {\n      if (this.has(key)) {\n        return this._dict[this._k(key)].value;\n      }\n    }\n\n    return get;\n  }();\n\n  _proto.has = function () {\n    function has(key) {\n      return Object.prototype.hasOwnProperty.call(this._dict, this._k(key));\n    }\n\n    return has;\n  }() // Iterate through the items in this dictionary in order, calling\n  // iter(value, key, index) on each one.\n  // Stops whenever iter returns OrderedDict.BREAK, or after the last element.\n  ;\n\n  _proto.forEach = function () {\n    function forEach(iter) {\n      var context = arguments.length > 1 && arguments[1] !== undefined ? arguments[1] : null;\n      var i = 0;\n      var elt = this._first;\n\n      while (elt !== null) {\n        var b = iter.call(context, elt.value, elt.key, i);\n        if (b === OrderedDict.BREAK) return;\n        elt = elt.next;\n        i++;\n      }\n    }\n\n    return forEach;\n  }();\n\n  _proto.first = function () {\n    function first() {\n      if (this.empty()) {\n        return;\n      }\n\n      return this._first.key;\n    }\n\n    return first;\n  }();\n\n  _proto.firstValue = function () {\n    function firstValue() {\n      if (this.empty()) {\n        return;\n      }\n\n      return this._first.value;\n    }\n\n    return firstValue;\n  }();\n\n  _proto.last = function () {\n    function last() {\n      if (this.empty()) {\n        return;\n      }\n\n      return this._last.key;\n    }\n\n    return last;\n  }();\n\n  _proto.lastValue = function () {\n    function lastValue() {\n      if (this.empty()) {\n        return;\n      }\n\n      return this._last.value;\n    }\n\n    return lastValue;\n  }();\n\n  _proto.prev = function () {\n    function prev(key) {\n      if (this.has(key)) {\n        var elt = this._dict[this._k(key)];\n\n        if (elt.prev) return elt.prev.key;\n      }\n\n      return null;\n    }\n\n    return prev;\n  }();\n\n  _proto.next = function () {\n    function next(key) {\n      if (this.has(key)) {\n        var elt = this._dict[this._k(key)];\n\n        if (elt.next) return elt.next.key;\n      }\n\n      return null;\n    }\n\n    return next;\n  }();\n\n  _proto.moveBefore = function () {\n    function moveBefore(key, before) {\n      var elt = this._dict[this._k(key)];\n\n      var eltBefore = before ? this._dict[this._k(before)] : null;\n\n      if (typeof elt === \"undefined\") {\n        throw new Error(\"Item to move is not present\");\n      }\n\n      if (typeof eltBefore === \"undefined\") {\n        throw new Error(\"Could not find element to move this one before\");\n      }\n\n      if (eltBefore === elt.next) // no moving necessary\n        return; // remove from its old place\n\n      this._linkEltOut(elt); // patch into its new place\n\n\n      elt.next = eltBefore;\n\n      this._linkEltIn(elt);\n    }\n\n    return moveBefore;\n  }() // Linear, sadly.\n  ;\n\n  _proto.indexOf = function () {\n    function indexOf(key) {\n      var _this2 = this;\n\n      var ret = null;\n      this.forEach(function (v, k, i) {\n        if (_this2._k(k) === _this2._k(key)) {\n          ret = i;\n          return OrderedDict.BREAK;\n        }\n\n        return;\n      });\n      return ret;\n    }\n\n    return indexOf;\n  }();\n\n  _proto._checkRep = function () {\n    function _checkRep() {\n      var _this3 = this;\n\n      Object.keys(this._dict).forEach(function (k) {\n        var v = _this3._dict[k];\n\n        if (v.next === v) {\n          throw new Error(\"Next is a loop\");\n        }\n\n        if (v.prev === v) {\n          throw new Error(\"Prev is a loop\");\n        }\n      });\n    }\n\n    return _checkRep;\n  }();\n\n  return OrderedDict;\n}();\n\nOrderedDict.BREAK = {\n  \"break\": true\n};","map":{"version":3,"sources":["packages/ordered-dict/ordered_dict.js"],"names":["module","export","OrderedDict","element","key","value","next","prev","_dict","Object","create","_first","_last","_size","args","_stringify","shift","x","forEach","kv","putBefore","_k","empty","size","_linkEltIn","elt","_linkEltOut","item","before","Error","append","remove","get","has","prototype","hasOwnProperty","call","iter","context","i","b","BREAK","first","firstValue","last","lastValue","moveBefore","eltBefore","indexOf","ret","v","k","_checkRep","keys"],"mappings":"AAAAA,MAAM,CAACC,MAAP,CAAc;AAACC,EAAAA,WAAW,EAAC,YAAU;AAAC,WAAOA,WAAP;AAAmB;AAA3C,CAAd;;AAAA;AACA;AACA;AAEA;AACA;AAEA;AACA;AACA,SAASC,OAAT,CAAiBC,GAAjB,EAAsBC,KAAtB,EAA6BC,IAA7B,EAAmCC,IAAnC,EAAyC;AACvC,SAAO;AACLH,IAAAA,GAAG,EAAEA,GADA;AAELC,IAAAA,KAAK,EAAEA,KAFF;AAGLC,IAAAA,IAAI,EAAEA,IAHD;AAILC,IAAAA,IAAI,EAAEA;AAJD,GAAP;AAMD;;IAEYL,W;AACX,yBAAqB;AAAA;;AACnB,SAAKM,KAAL,GAAaC,MAAM,CAACC,MAAP,CAAc,IAAd,CAAb;AACA,SAAKC,MAAL,GAAc,IAAd;AACA,SAAKC,KAAL,GAAa,IAAb;AACA,SAAKC,KAAL,GAAa,CAAb;;AAJmB,sCAANC,IAAM;AAANA,MAAAA,IAAM;AAAA;;AAMnB,QAAI,OAAOA,IAAI,CAAC,CAAD,CAAX,KAAmB,UAAvB,EAAmC;AACjC,WAAKC,UAAL,GAAkBD,IAAI,CAACE,KAAL,EAAlB;AACD,KAFD,MAEO;AACL,WAAKD,UAAL,GAAkB,UAAUE,CAAV,EAAa;AAAE,eAAOA,CAAP;AAAW,OAA5C;AACD;;AAEDH,IAAAA,IAAI,CAACI,OAAL,CAAa,UAAAC,EAAE;AAAA,aAAI,KAAI,CAACC,SAAL,CAAeD,EAAE,CAAC,CAAD,CAAjB,EAAsBA,EAAE,CAAC,CAAD,CAAxB,EAA6B,IAA7B,CAAJ;AAAA,KAAf;AACD,G,CAED;AACA;;;;;SACAE,E;AAAA,gBAAGjB,GAAH,EAAQ;AACN,aAAO,MAAM,KAAKW,UAAL,CAAgBX,GAAhB,CAAb;AACD;;;;;SAEDkB,K;AAAA,qBAAQ;AACN,aAAO,CAAC,KAAKX,MAAb;AACD;;;;;SAEDY,I;AAAA,oBAAO;AACL,aAAO,KAAKV,KAAZ;AACD;;;;;SAEDW,U;AAAA,wBAAWC,GAAX,EAAgB;AACd,UAAI,CAACA,GAAG,CAACnB,IAAT,EAAe;AACbmB,QAAAA,GAAG,CAAClB,IAAJ,GAAW,KAAKK,KAAhB;AACA,YAAI,KAAKA,KAAT,EACE,KAAKA,KAAL,CAAWN,IAAX,GAAkBmB,GAAlB;AACF,aAAKb,KAAL,GAAaa,GAAb;AACD,OALD,MAKO;AACLA,QAAAA,GAAG,CAAClB,IAAJ,GAAWkB,GAAG,CAACnB,IAAJ,CAASC,IAApB;AACAkB,QAAAA,GAAG,CAACnB,IAAJ,CAASC,IAAT,GAAgBkB,GAAhB;AACA,YAAIA,GAAG,CAAClB,IAAR,EACEkB,GAAG,CAAClB,IAAJ,CAASD,IAAT,GAAgBmB,GAAhB;AACH;;AACD,UAAI,KAAKd,MAAL,KAAgB,IAAhB,IAAwB,KAAKA,MAAL,KAAgBc,GAAG,CAACnB,IAAhD,EACE,KAAKK,MAAL,GAAcc,GAAd;AACH;;;;;SAEDC,W;AAAA,yBAAYD,GAAZ,EAAiB;AACf,UAAIA,GAAG,CAACnB,IAAR,EACEmB,GAAG,CAACnB,IAAJ,CAASC,IAAT,GAAgBkB,GAAG,CAAClB,IAApB;AACF,UAAIkB,GAAG,CAAClB,IAAR,EACEkB,GAAG,CAAClB,IAAJ,CAASD,IAAT,GAAgBmB,GAAG,CAACnB,IAApB;AACF,UAAImB,GAAG,KAAK,KAAKb,KAAjB,EACE,KAAKA,KAAL,GAAaa,GAAG,CAAClB,IAAjB;AACF,UAAIkB,GAAG,KAAK,KAAKd,MAAjB,EACE,KAAKA,MAAL,GAAcc,GAAG,CAACnB,IAAlB;AACH;;;;;SAEDc,S;AAAA,uBAAUhB,GAAV,EAAeuB,IAAf,EAAqBC,MAArB,EAA6B;AAC3B,UAAI,KAAKpB,KAAL,CAAW,KAAKa,EAAL,CAAQjB,GAAR,CAAX,CAAJ,EACE,MAAM,IAAIyB,KAAJ,CAAU,UAAUzB,GAAV,GAAgB,iCAA1B,CAAN;AACF,UAAIqB,GAAG,GAAGG,MAAM,GACdzB,OAAO,CAACC,GAAD,EAAMuB,IAAN,EAAY,KAAKnB,KAAL,CAAW,KAAKa,EAAL,CAAQO,MAAR,CAAX,CAAZ,CADO,GAEdzB,OAAO,CAACC,GAAD,EAAMuB,IAAN,EAAY,IAAZ,CAFT;AAGA,UAAI,OAAOF,GAAG,CAACnB,IAAX,KAAoB,WAAxB,EACE,MAAM,IAAIuB,KAAJ,CAAU,4CAAV,CAAN;;AACF,WAAKL,UAAL,CAAgBC,GAAhB;;AACA,WAAKjB,KAAL,CAAW,KAAKa,EAAL,CAAQjB,GAAR,CAAX,IAA2BqB,GAA3B;AACA,WAAKZ,KAAL;AACD;;;;;SAEDiB,M;AAAA,oBAAO1B,GAAP,EAAYuB,IAAZ,EAAkB;AAChB,WAAKP,SAAL,CAAehB,GAAf,EAAoBuB,IAApB,EAA0B,IAA1B;AACD;;;;;SAEDI,M;AAAA,oBAAO3B,GAAP,EAAY;AACV,UAAIqB,GAAG,GAAG,KAAKjB,KAAL,CAAW,KAAKa,EAAL,CAAQjB,GAAR,CAAX,CAAV;;AACA,UAAI,OAAOqB,GAAP,KAAe,WAAnB,EACE,MAAM,IAAII,KAAJ,CAAU,UAAUzB,GAAV,GAAgB,6BAA1B,CAAN;;AACF,WAAKsB,WAAL,CAAiBD,GAAjB;;AACA,WAAKZ,KAAL;AACA,aAAO,KAAKL,KAAL,CAAW,KAAKa,EAAL,CAAQjB,GAAR,CAAX,CAAP;AACA,aAAOqB,GAAG,CAACpB,KAAX;AACD;;;;;SAED2B,G;AAAA,iBAAI5B,GAAJ,EAAS;AACP,UAAI,KAAK6B,GAAL,CAAS7B,GAAT,CAAJ,EAAmB;AACjB,eAAO,KAAKI,KAAL,CAAW,KAAKa,EAAL,CAAQjB,GAAR,CAAX,EAAyBC,KAAhC;AACD;AACF;;;;;SAED4B,G;AAAA,iBAAI7B,GAAJ,EAAS;AACP,aAAOK,MAAM,CAACyB,SAAP,CAAiBC,cAAjB,CAAgCC,IAAhC,CACL,KAAK5B,KADA,EAEL,KAAKa,EAAL,CAAQjB,GAAR,CAFK,CAAP;AAID;;;MAED;AACA;AAEA;;;SACAc,O;AAAA,qBAAQmB,IAAR,EAA8B;AAAA,UAAhBC,OAAgB,uEAAN,IAAM;AAC5B,UAAIC,CAAC,GAAG,CAAR;AACA,UAAId,GAAG,GAAG,KAAKd,MAAf;;AACA,aAAOc,GAAG,KAAK,IAAf,EAAqB;AACnB,YAAIe,CAAC,GAAGH,IAAI,CAACD,IAAL,CAAUE,OAAV,EAAmBb,GAAG,CAACpB,KAAvB,EAA8BoB,GAAG,CAACrB,GAAlC,EAAuCmC,CAAvC,CAAR;AACA,YAAIC,CAAC,KAAKtC,WAAW,CAACuC,KAAtB,EAA6B;AAC7BhB,QAAAA,GAAG,GAAGA,GAAG,CAACnB,IAAV;AACAiC,QAAAA,CAAC;AACF;AACF;;;;;SAEDG,K;AAAA,qBAAQ;AACN,UAAI,KAAKpB,KAAL,EAAJ,EAAkB;AAChB;AACD;;AACD,aAAO,KAAKX,MAAL,CAAYP,GAAnB;AACD;;;;;SAEDuC,U;AAAA,0BAAa;AACX,UAAI,KAAKrB,KAAL,EAAJ,EAAkB;AAChB;AACD;;AACD,aAAO,KAAKX,MAAL,CAAYN,KAAnB;AACD;;;;;SAEDuC,I;AAAA,oBAAO;AACL,UAAI,KAAKtB,KAAL,EAAJ,EAAkB;AAChB;AACD;;AACD,aAAO,KAAKV,KAAL,CAAWR,GAAlB;AACD;;;;;SAEDyC,S;AAAA,yBAAY;AACV,UAAI,KAAKvB,KAAL,EAAJ,EAAkB;AAChB;AACD;;AACD,aAAO,KAAKV,KAAL,CAAWP,KAAlB;AACD;;;;;SAEDE,I;AAAA,kBAAKH,GAAL,EAAU;AACR,UAAI,KAAK6B,GAAL,CAAS7B,GAAT,CAAJ,EAAmB;AACjB,YAAIqB,GAAG,GAAG,KAAKjB,KAAL,CAAW,KAAKa,EAAL,CAAQjB,GAAR,CAAX,CAAV;;AACA,YAAIqB,GAAG,CAAClB,IAAR,EACE,OAAOkB,GAAG,CAAClB,IAAJ,CAASH,GAAhB;AACH;;AACD,aAAO,IAAP;AACD;;;;;SAEDE,I;AAAA,kBAAKF,GAAL,EAAU;AACR,UAAI,KAAK6B,GAAL,CAAS7B,GAAT,CAAJ,EAAmB;AACjB,YAAIqB,GAAG,GAAG,KAAKjB,KAAL,CAAW,KAAKa,EAAL,CAAQjB,GAAR,CAAX,CAAV;;AACA,YAAIqB,GAAG,CAACnB,IAAR,EACE,OAAOmB,GAAG,CAACnB,IAAJ,CAASF,GAAhB;AACH;;AACD,aAAO,IAAP;AACD;;;;;SAED0C,U;AAAA,wBAAW1C,GAAX,EAAgBwB,MAAhB,EAAwB;AACtB,UAAIH,GAAG,GAAG,KAAKjB,KAAL,CAAW,KAAKa,EAAL,CAAQjB,GAAR,CAAX,CAAV;;AACA,UAAI2C,SAAS,GAAGnB,MAAM,GAAG,KAAKpB,KAAL,CAAW,KAAKa,EAAL,CAAQO,MAAR,CAAX,CAAH,GAAiC,IAAvD;;AACA,UAAI,OAAOH,GAAP,KAAe,WAAnB,EAAgC;AAC9B,cAAM,IAAII,KAAJ,CAAU,6BAAV,CAAN;AACD;;AACD,UAAI,OAAOkB,SAAP,KAAqB,WAAzB,EAAsC;AACpC,cAAM,IAAIlB,KAAJ,CAAU,gDAAV,CAAN;AACD;;AACD,UAAIkB,SAAS,KAAKtB,GAAG,CAACnB,IAAtB,EAA4B;AAC1B,eAVoB,CAWtB;;AACA,WAAKoB,WAAL,CAAiBD,GAAjB,EAZsB,CAatB;;;AACAA,MAAAA,GAAG,CAACnB,IAAJ,GAAWyC,SAAX;;AACA,WAAKvB,UAAL,CAAgBC,GAAhB;AACD;;;MAED;;;SACAuB,O;AAAA,qBAAQ5C,GAAR,EAAa;AAAA;;AACX,UAAI6C,GAAG,GAAG,IAAV;AACA,WAAK/B,OAAL,CAAa,UAACgC,CAAD,EAAIC,CAAJ,EAAOZ,CAAP,EAAa;AACxB,YAAI,MAAI,CAAClB,EAAL,CAAQ8B,CAAR,MAAe,MAAI,CAAC9B,EAAL,CAAQjB,GAAR,CAAnB,EAAiC;AAC/B6C,UAAAA,GAAG,GAAGV,CAAN;AACA,iBAAOrC,WAAW,CAACuC,KAAnB;AACD;;AACD;AACD,OAND;AAOA,aAAOQ,GAAP;AACD;;;;;SAEDG,S;AAAA,yBAAY;AAAA;;AACV3C,MAAAA,MAAM,CAAC4C,IAAP,CAAY,KAAK7C,KAAjB,EAAwBU,OAAxB,CAAgC,UAAAiC,CAAC,EAAI;AACnC,YAAMD,CAAC,GAAG,MAAI,CAAC1C,KAAL,CAAW2C,CAAX,CAAV;;AACA,YAAID,CAAC,CAAC5C,IAAF,KAAW4C,CAAf,EAAkB;AAChB,gBAAM,IAAIrB,KAAJ,CAAU,gBAAV,CAAN;AACD;;AACD,YAAIqB,CAAC,CAAC3C,IAAF,KAAW2C,CAAf,EAAkB;AAChB,gBAAM,IAAIrB,KAAJ,CAAU,gBAAV,CAAN;AACD;AACF,OARD;AASD;;;;;;;;AAGH3B,WAAW,CAACuC,KAAZ,GAAoB;AAAC,WAAS;AAAV,CAApB","sourcesContent":["// This file defines an ordered dictionary abstraction that is useful for\n// maintaining a dataset backed by observeChanges.  It supports ordering items\n// by specifying the item they now come before.\n\n// The implementation is a dictionary that contains nodes of a doubly-linked\n// list as its values.\n\n// constructs a new element struct\n// next and prev are whole elements, not keys.\nfunction element(key, value, next, prev) {\n  return {\n    key: key,\n    value: value,\n    next: next,\n    prev: prev\n  };\n}\n\nexport class OrderedDict {\n  constructor(...args) {\n    this._dict = Object.create(null);\n    this._first = null;\n    this._last = null;\n    this._size = 0;\n\n    if (typeof args[0] === 'function') {\n      this._stringify = args.shift();\n    } else {\n      this._stringify = function (x) { return x; };\n    }\n\n    args.forEach(kv => this.putBefore(kv[0], kv[1], null));\n  }\n\n  // the \"prefix keys with a space\" thing comes from here\n  // https://github.com/documentcloud/underscore/issues/376#issuecomment-2815649\n  _k(key) {\n    return \" \" + this._stringify(key);\n  }\n\n  empty() {\n    return !this._first;\n  }\n\n  size() {\n    return this._size;\n  }\n\n  _linkEltIn(elt) {\n    if (!elt.next) {\n      elt.prev = this._last;\n      if (this._last)\n        this._last.next = elt;\n      this._last = elt;\n    } else {\n      elt.prev = elt.next.prev;\n      elt.next.prev = elt;\n      if (elt.prev)\n        elt.prev.next = elt;\n    }\n    if (this._first === null || this._first === elt.next)\n      this._first = elt;\n  }\n\n  _linkEltOut(elt) {\n    if (elt.next)\n      elt.next.prev = elt.prev;\n    if (elt.prev)\n      elt.prev.next = elt.next;\n    if (elt === this._last)\n      this._last = elt.prev;\n    if (elt === this._first)\n      this._first = elt.next;\n  }\n\n  putBefore(key, item, before) {\n    if (this._dict[this._k(key)])\n      throw new Error(\"Item \" + key + \" already present in OrderedDict\");\n    var elt = before ?\n      element(key, item, this._dict[this._k(before)]) :\n      element(key, item, null);\n    if (typeof elt.next === \"undefined\")\n      throw new Error(\"could not find item to put this one before\");\n    this._linkEltIn(elt);\n    this._dict[this._k(key)] = elt;\n    this._size++;\n  }\n\n  append(key, item) {\n    this.putBefore(key, item, null);\n  }\n\n  remove(key) {\n    var elt = this._dict[this._k(key)];\n    if (typeof elt === \"undefined\")\n      throw new Error(\"Item \" + key + \" not present in OrderedDict\");\n    this._linkEltOut(elt);\n    this._size--;\n    delete this._dict[this._k(key)];\n    return elt.value;\n  }\n\n  get(key) {\n    if (this.has(key)) {\n      return this._dict[this._k(key)].value;\n    }\n  }\n\n  has(key) {\n    return Object.prototype.hasOwnProperty.call(\n      this._dict,\n      this._k(key)\n    );\n  }\n\n  // Iterate through the items in this dictionary in order, calling\n  // iter(value, key, index) on each one.\n\n  // Stops whenever iter returns OrderedDict.BREAK, or after the last element.\n  forEach(iter, context = null) {\n    var i = 0;\n    var elt = this._first;\n    while (elt !== null) {\n      var b = iter.call(context, elt.value, elt.key, i);\n      if (b === OrderedDict.BREAK) return;\n      elt = elt.next;\n      i++;\n    }\n  }\n\n  first() {\n    if (this.empty()) {\n      return;\n    }\n    return this._first.key;\n  }\n\n  firstValue() {\n    if (this.empty()) {\n      return;\n    }\n    return this._first.value;\n  }\n\n  last() {\n    if (this.empty()) {\n      return;\n    }\n    return this._last.key;\n  }\n\n  lastValue() {\n    if (this.empty()) {\n      return;\n    }\n    return this._last.value;\n  }\n\n  prev(key) {\n    if (this.has(key)) {\n      var elt = this._dict[this._k(key)];\n      if (elt.prev)\n        return elt.prev.key;\n    }\n    return null;\n  }\n\n  next(key) {\n    if (this.has(key)) {\n      var elt = this._dict[this._k(key)];\n      if (elt.next)\n        return elt.next.key;\n    }\n    return null;\n  }\n\n  moveBefore(key, before) {\n    var elt = this._dict[this._k(key)];\n    var eltBefore = before ? this._dict[this._k(before)] : null;\n    if (typeof elt === \"undefined\") {\n      throw new Error(\"Item to move is not present\");\n    }\n    if (typeof eltBefore === \"undefined\") {\n      throw new Error(\"Could not find element to move this one before\");\n    }\n    if (eltBefore === elt.next) // no moving necessary\n      return;\n    // remove from its old place\n    this._linkEltOut(elt);\n    // patch into its new place\n    elt.next = eltBefore;\n    this._linkEltIn(elt);\n  }\n\n  // Linear, sadly.\n  indexOf(key) {\n    var ret = null;\n    this.forEach((v, k, i) => {\n      if (this._k(k) === this._k(key)) {\n        ret = i;\n        return OrderedDict.BREAK;\n      }\n      return;\n    });\n    return ret;\n  }\n\n  _checkRep() {\n    Object.keys(this._dict).forEach(k => {\n      const v = this._dict[k];\n      if (v.next === v) {\n        throw new Error(\"Next is a loop\");\n      }\n      if (v.prev === v) {\n        throw new Error(\"Prev is a loop\");\n      }\n    });\n  }\n}\n\nOrderedDict.BREAK = {\"break\": true};\n"]},"sourceType":"module","hash":"227db99e54ebb59ed7f93eb351e0076ea1936b34"}
