{"metadata":{},"options":{"compact":false,"sourceMaps":true,"ast":true,"babelrc":false,"configFile":false,"parserOpts":{"sourceType":"module","sourceFileName":"/Users/stefpop/Desktop/repos/withBrandon/crossling_reference/experiments/from-scratch/packages/empirica:core/api/player-inputs/methods.js","plugins":["*","flow","jsx","asyncGenerators","bigInt","classPrivateMethods","classPrivateProperties","classProperties","doExpressions","dynamicImport","exportDefaultFrom","exportExtensions","exportNamespaceFrom","functionBind","functionSent","importMeta","nullishCoalescingOperator","numericSeparator","objectRestSpread","optionalCatchBinding","optionalChaining",["pipelineOperator",{"proposal":"minimal"}],"throwExpressions","objectRestSpread","objectRestSpread","asyncGenerators","classProperties","classPrivateProperties","jsx","nullishCoalescingOperator","nullishCoalescingOperator","optionalChaining","optionalChaining","optionalCatchBinding","optionalCatchBinding","classProperties","classPrivateProperties","classPrivateMethods","classProperties","classPrivateProperties","asyncGenerators","asyncGenerators","objectRestSpread","objectRestSpread"],"allowImportExportEverywhere":true,"allowReturnOutsideFunction":true,"allowUndeclaredExports":true,"strictMode":false},"caller":{"name":"meteor","arch":"os.osx.x86_64"},"sourceFileName":"packages/empirica:core/api/player-inputs/methods.js","filename":"/Users/stefpop/Desktop/repos/withBrandon/crossling_reference/experiments/from-scratch/packages/empirica:core/api/player-inputs/methods.js","cloneInputAst":true,"passPerPreset":false,"envName":"development","cwd":"/Users/stefpop/Desktop/repos/withBrandon/crossling_reference/experiments/from-scratch","root":"/Users/stefpop/Desktop/repos/withBrandon/crossling_reference/experiments/from-scratch","plugins":[{"key":"base$0","visitor":{"_exploded":true,"_verified":true},"options":{}},{"key":"base$0$0","visitor":{"Program":{"enter":[null],"exit":[null]},"_exploded":true,"_verified":true},"options":{"avoidModernSyntax":false,"enforceStrictMode":false,"dynamicImport":true,"generateLetDeclarations":true}},{"key":"transform-runtime","visitor":{"CallExpression":{"enter":[null]},"BinaryExpression":{"enter":[null]},"MemberExpression":{"enter":[null],"exit":[null]},"_exploded":true,"_verified":true,"Identifier":{"enter":[null]},"JSXIdentifier":{"enter":[null]}},"options":{"version":"7.12.5","helpers":true,"useESModules":false,"corejs":false}},{"key":"syntax-object-rest-spread","visitor":{"_exploded":true,"_verified":true},"options":{}},{"key":"proposal-object-rest-spread","visitor":{"_exploded":{},"_verified":{},"VariableDeclarator":{"enter":[null]},"ExportNamedDeclaration":{"enter":[null]},"CatchClause":{"enter":[null]},"AssignmentExpression":{"enter":[null]},"ArrayPattern":{"enter":[null]},"ObjectExpression":{"enter":[null]},"FunctionDeclaration":{"enter":[null]},"FunctionExpression":{"enter":[null]},"ObjectMethod":{"enter":[null]},"ArrowFunctionExpression":{"enter":[null]},"ClassMethod":{"enter":[null]},"ClassPrivateMethod":{"enter":[null]},"ForInStatement":{"enter":[null]},"ForOfStatement":{"enter":[null]}},"options":{}},{"key":"transform-meteor-async-await","visitor":{"AwaitExpression":{"enter":[null]},"_exploded":true,"_verified":true,"FunctionDeclaration":{"exit":[null]},"FunctionExpression":{"exit":[null]},"ObjectMethod":{"exit":[null]},"ArrowFunctionExpression":{"exit":[null]},"ClassMethod":{"exit":[null]},"ClassPrivateMethod":{"exit":[null]}},"options":{"useNativeAsyncAwait":false}},{"key":"proposal-async-generator-functions","visitor":{"_exploded":{},"_verified":{},"Program":{"enter":[null]}},"options":{}},{"key":"proposal-class-properties","visitor":{"PrivateName":{"enter":[null]},"ExportDefaultDeclaration":{"enter":[null]},"_exploded":true,"_verified":true,"ClassExpression":{"enter":[null]},"ClassDeclaration":{"enter":[null]}},"options":{"loose":true}},{"key":"transform-react-jsx","visitor":{"_exploded":{},"_verified":{},"JSXNamespacedName":{"enter":[null]},"JSXSpreadChild":{"enter":[null]},"Program":{"enter":[null]},"JSXElement":{"exit":[null]},"JSXFragment":{"exit":[null]},"JSXAttribute":{"enter":[null]}},"options":{"pragma":"React.createElement","pragmaFrag":"React.Fragment","runtime":"classic","throwIfNamespace":true,"useBuiltIns":false}},{"key":"transform-react-display-name","visitor":{"ExportDefaultDeclaration":{"enter":[null]},"CallExpression":{"enter":[null]},"_exploded":true,"_verified":true},"options":{}},{"key":"transform-react-pure-annotations","visitor":{"CallExpression":{"enter":[null]},"_exploded":true,"_verified":true},"options":{}},{"key":"syntax-nullish-coalescing-operator","visitor":{"_exploded":true,"_verified":true},"options":{}},{"key":"proposal-nullish-coalescing-operator","visitor":{"_exploded":{},"_verified":{},"LogicalExpression":{"enter":[null]}},"options":{}},{"key":"syntax-optional-chaining","visitor":{"_exploded":true,"_verified":true},"options":{}},{"key":"proposal-optional-chaining","visitor":{"_exploded":{},"_verified":{},"OptionalCallExpression":{"enter":[null]},"OptionalMemberExpression":{"enter":[null]}},"options":{}},{"key":"syntax-optional-catch-binding","visitor":{"_exploded":true,"_verified":true},"options":{}},{"key":"proposal-optional-catch-binding","visitor":{"_exploded":{},"_verified":{},"CatchClause":{"enter":[null]}},"options":{}},{"key":"syntax-class-properties","visitor":{"_exploded":true,"_verified":true},"options":{}},{"key":"proposal-class-properties","visitor":{"PrivateName":{"enter":[null]},"ExportDefaultDeclaration":{"enter":[null]},"_exploded":true,"_verified":true,"ClassExpression":{"enter":[null]},"ClassDeclaration":{"enter":[null]}},"options":{}},{"key":"syntax-async-generators","visitor":{"_exploded":true,"_verified":true},"options":{}},{"key":"proposal-async-generator-functions","visitor":{"_exploded":{},"_verified":{},"Program":{"enter":[null]}},"options":{}},{"key":"syntax-object-rest-spread","visitor":{"_exploded":true,"_verified":true},"options":{}},{"key":"proposal-object-rest-spread","visitor":{"_exploded":{},"_verified":{},"VariableDeclarator":{"enter":[null]},"ExportNamedDeclaration":{"enter":[null]},"CatchClause":{"enter":[null]},"AssignmentExpression":{"enter":[null]},"ArrayPattern":{"enter":[null]},"ObjectExpression":{"enter":[null]},"FunctionDeclaration":{"enter":[null]},"FunctionExpression":{"enter":[null]},"ObjectMethod":{"enter":[null]},"ArrowFunctionExpression":{"enter":[null]},"ClassMethod":{"enter":[null]},"ClassPrivateMethod":{"enter":[null]},"ForInStatement":{"enter":[null]},"ForOfStatement":{"enter":[null]}},"options":{}},{"key":"transform-literals","visitor":{"NumericLiteral":{"enter":[null]},"StringLiteral":{"enter":[null]},"_exploded":true,"_verified":true},"options":{}},{"key":"transform-template-literals","visitor":{"TaggedTemplateExpression":{"enter":[null]},"TemplateLiteral":{"enter":[null]},"_exploded":true,"_verified":true},"options":{}},{"key":"transform-parameters","visitor":{"_exploded":true,"_verified":true,"FunctionDeclaration":{"enter":[null]},"FunctionExpression":{"enter":[null]},"ObjectMethod":{"enter":[null]},"ArrowFunctionExpression":{"enter":[null]},"ClassMethod":{"enter":[null]},"ClassPrivateMethod":{"enter":[null]}},"options":{}},{"key":"transform-exponentiation-operator","visitor":{"AssignmentExpression":{"enter":[null]},"BinaryExpression":{"enter":[null]},"_exploded":true,"_verified":true},"options":{}}],"presets":[],"generatorOpts":{"filename":"/Users/stefpop/Desktop/repos/withBrandon/crossling_reference/experiments/from-scratch/packages/empirica:core/api/player-inputs/methods.js","comments":true,"compact":false,"sourceMaps":true,"sourceFileName":"packages/empirica:core/api/player-inputs/methods.js"}},"code":"module.export({\n  addPlayerInput: () => addPlayerInput\n});\nlet ValidatedMethod;\nmodule.link(\"meteor/mdg:validated-method\", {\n  ValidatedMethod(v) {\n    ValidatedMethod = v;\n  }\n\n}, 0);\nlet SimpleSchema;\nmodule.link(\"simpl-schema\", {\n  default(v) {\n    SimpleSchema = v;\n  }\n\n}, 1);\nlet Players;\nmodule.link(\"../players/players.js\", {\n  Players(v) {\n    Players = v;\n  }\n\n}, 2);\nlet PlayerInputs;\nmodule.link(\"./player-inputs.js\", {\n  PlayerInputs(v) {\n    PlayerInputs = v;\n  }\n\n}, 3);\nconst addPlayerInput = new ValidatedMethod({\n  name: \"PlayerInputs.methods.add\",\n  validate: new SimpleSchema({\n    playerId: {\n      type: String,\n      regEx: SimpleSchema.RegEx.Id\n    },\n    gameId: {\n      type: String,\n      regEx: SimpleSchema.RegEx.Id,\n      optional: true\n    },\n    gameLobbyId: {\n      type: String,\n      regEx: SimpleSchema.RegEx.Id,\n      optional: true\n    },\n    data: {\n      type: String\n    }\n  }).validator(),\n\n  run(_ref) {\n    let {\n      playerId,\n      gameId,\n      gameLobbyId,\n      data: rawData\n    } = _ref;\n    const player = Players.findOne(playerId);\n\n    if (!player) {\n      throw new Error(\"player not found\");\n    }\n\n    if (!gameId && !gameLobbyId) {\n      throw new Error(\"gameId or gameLobbyId required\");\n    }\n\n    const data = JSON.parse(rawData);\n    PlayerInputs.insert({\n      playerId,\n      gameId,\n      gameLobbyId,\n      data\n    }, {\n      autoConvert: false,\n      filter: false,\n      validate: false,\n      trimStrings: false,\n      removeEmptyStrings: false\n    });\n  }\n\n});","map":{"version":3,"sources":["packages/empirica:core/api/player-inputs/methods.js"],"names":["module","export","addPlayerInput","ValidatedMethod","link","v","SimpleSchema","default","Players","PlayerInputs","name","validate","playerId","type","String","regEx","RegEx","Id","gameId","optional","gameLobbyId","data","validator","run","rawData","player","findOne","Error","JSON","parse","insert","autoConvert","filter","trimStrings","removeEmptyStrings"],"mappings":"AAAAA,MAAM,CAACC,MAAP,CAAc;AAACC,EAAAA,cAAc,EAAC,MAAIA;AAApB,CAAd;AAAmD,IAAIC,eAAJ;AAAoBH,MAAM,CAACI,IAAP,CAAY,6BAAZ,EAA0C;AAACD,EAAAA,eAAe,CAACE,CAAD,EAAG;AAACF,IAAAA,eAAe,GAACE,CAAhB;AAAkB;;AAAtC,CAA1C,EAAkF,CAAlF;AAAqF,IAAIC,YAAJ;AAAiBN,MAAM,CAACI,IAAP,CAAY,cAAZ,EAA2B;AAACG,EAAAA,OAAO,CAACF,CAAD,EAAG;AAACC,IAAAA,YAAY,GAACD,CAAb;AAAe;;AAA3B,CAA3B,EAAwD,CAAxD;AAA2D,IAAIG,OAAJ;AAAYR,MAAM,CAACI,IAAP,CAAY,uBAAZ,EAAoC;AAACI,EAAAA,OAAO,CAACH,CAAD,EAAG;AAACG,IAAAA,OAAO,GAACH,CAAR;AAAU;;AAAtB,CAApC,EAA4D,CAA5D;AAA+D,IAAII,YAAJ;AAAiBT,MAAM,CAACI,IAAP,CAAY,oBAAZ,EAAiC;AAACK,EAAAA,YAAY,CAACJ,CAAD,EAAG;AAACI,IAAAA,YAAY,GAACJ,CAAb;AAAe;;AAAhC,CAAjC,EAAmE,CAAnE;AAO7T,MAAMH,cAAc,GAAG,IAAIC,eAAJ,CAAoB;AAChDO,EAAAA,IAAI,EAAE,0BAD0C;AAGhDC,EAAAA,QAAQ,EAAE,IAAIL,YAAJ,CAAiB;AACzBM,IAAAA,QAAQ,EAAE;AACRC,MAAAA,IAAI,EAAEC,MADE;AAERC,MAAAA,KAAK,EAAET,YAAY,CAACU,KAAb,CAAmBC;AAFlB,KADe;AAKzBC,IAAAA,MAAM,EAAE;AACNL,MAAAA,IAAI,EAAEC,MADA;AAENC,MAAAA,KAAK,EAAET,YAAY,CAACU,KAAb,CAAmBC,EAFpB;AAGNE,MAAAA,QAAQ,EAAE;AAHJ,KALiB;AAUzBC,IAAAA,WAAW,EAAE;AACXP,MAAAA,IAAI,EAAEC,MADK;AAEXC,MAAAA,KAAK,EAAET,YAAY,CAACU,KAAb,CAAmBC,EAFf;AAGXE,MAAAA,QAAQ,EAAE;AAHC,KAVY;AAezBE,IAAAA,IAAI,EAAE;AACJR,MAAAA,IAAI,EAAEC;AADF;AAfmB,GAAjB,EAkBPQ,SAlBO,EAHsC;;AAuBhDC,EAAAA,GAAG,OAAmD;AAAA,QAAlD;AAAEX,MAAAA,QAAF;AAAYM,MAAAA,MAAZ;AAAoBE,MAAAA,WAApB;AAAiCC,MAAAA,IAAI,EAAEG;AAAvC,KAAkD;AACpD,UAAMC,MAAM,GAAGjB,OAAO,CAACkB,OAAR,CAAgBd,QAAhB,CAAf;;AACA,QAAI,CAACa,MAAL,EAAa;AACX,YAAM,IAAIE,KAAJ,CAAU,kBAAV,CAAN;AACD;;AACD,QAAI,CAACT,MAAD,IAAW,CAACE,WAAhB,EAA6B;AAC3B,YAAM,IAAIO,KAAJ,CAAU,gCAAV,CAAN;AACD;;AAED,UAAMN,IAAI,GAAGO,IAAI,CAACC,KAAL,CAAWL,OAAX,CAAb;AACAf,IAAAA,YAAY,CAACqB,MAAb,CACE;AAAElB,MAAAA,QAAF;AAAYM,MAAAA,MAAZ;AAAoBE,MAAAA,WAApB;AAAiCC,MAAAA;AAAjC,KADF,EAEE;AACEU,MAAAA,WAAW,EAAE,KADf;AAEEC,MAAAA,MAAM,EAAE,KAFV;AAGErB,MAAAA,QAAQ,EAAE,KAHZ;AAIEsB,MAAAA,WAAW,EAAE,KAJf;AAKEC,MAAAA,kBAAkB,EAAE;AALtB,KAFF;AAUD;;AA3C+C,CAApB,CAAvB","sourcesContent":["import { ValidatedMethod } from \"meteor/mdg:validated-method\";\nimport SimpleSchema from \"simpl-schema\";\nimport { Players } from \"../players/players.js\";\nimport { PlayerInputs } from \"./player-inputs.js\";\n\n// addPlayerInput is non-destructive, it just keeps adding onto a player's\n// input data.\nexport const addPlayerInput = new ValidatedMethod({\n  name: \"PlayerInputs.methods.add\",\n\n  validate: new SimpleSchema({\n    playerId: {\n      type: String,\n      regEx: SimpleSchema.RegEx.Id\n    },\n    gameId: {\n      type: String,\n      regEx: SimpleSchema.RegEx.Id,\n      optional: true\n    },\n    gameLobbyId: {\n      type: String,\n      regEx: SimpleSchema.RegEx.Id,\n      optional: true\n    },\n    data: {\n      type: String\n    }\n  }).validator(),\n\n  run({ playerId, gameId, gameLobbyId, data: rawData }) {\n    const player = Players.findOne(playerId);\n    if (!player) {\n      throw new Error(\"player not found\");\n    }\n    if (!gameId && !gameLobbyId) {\n      throw new Error(\"gameId or gameLobbyId required\");\n    }\n\n    const data = JSON.parse(rawData);\n    PlayerInputs.insert(\n      { playerId, gameId, gameLobbyId, data },\n      {\n        autoConvert: false,\n        filter: false,\n        validate: false,\n        trimStrings: false,\n        removeEmptyStrings: false\n      }\n    );\n  }\n});\n"]},"sourceType":"module","hash":"22960a6e95ea03c8c836e7017d83b711fdef39bf"}
