{"metadata":{},"options":{"compact":false,"sourceMaps":true,"ast":true,"babelrc":false,"configFile":false,"parserOpts":{"sourceType":"module","sourceFileName":"/Users/stefpop/Desktop/repos/withBrandon/crossling_reference/experiments/from-scratch/packages/empirica:core/ui/components/StageTimeWrapper.jsx","plugins":["*","flow","jsx","asyncGenerators","bigInt","classPrivateMethods","classPrivateProperties","classProperties","doExpressions","dynamicImport","exportDefaultFrom","exportExtensions","exportNamespaceFrom","functionBind","functionSent","importMeta","nullishCoalescingOperator","numericSeparator","objectRestSpread","optionalCatchBinding","optionalChaining",["pipelineOperator",{"proposal":"minimal"}],"throwExpressions","classProperties","classPrivateProperties","jsx","nullishCoalescingOperator","nullishCoalescingOperator","optionalChaining","optionalChaining","optionalCatchBinding","optionalCatchBinding","classProperties","classPrivateProperties","classPrivateMethods","classProperties","classPrivateProperties","asyncGenerators","asyncGenerators","objectRestSpread","objectRestSpread"],"allowImportExportEverywhere":true,"allowReturnOutsideFunction":true,"allowUndeclaredExports":true,"strictMode":false},"caller":{"name":"meteor","arch":"web.browser"},"sourceFileName":"packages/empirica:core/ui/components/StageTimeWrapper.jsx","filename":"/Users/stefpop/Desktop/repos/withBrandon/crossling_reference/experiments/from-scratch/packages/empirica:core/ui/components/StageTimeWrapper.jsx","cloneInputAst":true,"passPerPreset":false,"envName":"development","cwd":"/Users/stefpop/Desktop/repos/withBrandon/crossling_reference/experiments/from-scratch","root":"/Users/stefpop/Desktop/repos/withBrandon/crossling_reference/experiments/from-scratch","plugins":[{"key":"base$0","visitor":{"_exploded":true,"_verified":true},"options":{}},{"key":"base$0$0","visitor":{"Program":{"enter":[null],"exit":[null]},"_exploded":true,"_verified":true},"options":{"avoidModernSyntax":false,"enforceStrictMode":false,"dynamicImport":true,"generateLetDeclarations":true}},{"key":"transform-runtime","visitor":{"CallExpression":{"enter":[null]},"BinaryExpression":{"enter":[null]},"MemberExpression":{"enter":[null],"exit":[null]},"_exploded":true,"_verified":true,"Identifier":{"enter":[null]},"JSXIdentifier":{"enter":[null]}},"options":{"version":"7.12.5","helpers":true,"useESModules":false,"corejs":false}},{"key":"proposal-class-properties","visitor":{"PrivateName":{"enter":[null]},"ExportDefaultDeclaration":{"enter":[null]},"_exploded":true,"_verified":true,"ClassExpression":{"enter":[null]},"ClassDeclaration":{"enter":[null]}},"options":{"loose":true}},{"key":"transform-react-jsx","visitor":{"_exploded":{},"_verified":{},"JSXNamespacedName":{"enter":[null]},"JSXSpreadChild":{"enter":[null]},"Program":{"enter":[null]},"JSXElement":{"exit":[null]},"JSXFragment":{"exit":[null]},"JSXAttribute":{"enter":[null]}},"options":{"pragma":"React.createElement","pragmaFrag":"React.Fragment","runtime":"classic","throwIfNamespace":true,"useBuiltIns":false}},{"key":"transform-react-display-name","visitor":{"ExportDefaultDeclaration":{"enter":[null]},"CallExpression":{"enter":[null]},"_exploded":true,"_verified":true},"options":{}},{"key":"transform-react-pure-annotations","visitor":{"CallExpression":{"enter":[null]},"_exploded":true,"_verified":true},"options":{}},{"key":"syntax-nullish-coalescing-operator","visitor":{"_exploded":true,"_verified":true},"options":{}},{"key":"proposal-nullish-coalescing-operator","visitor":{"_exploded":{},"_verified":{},"LogicalExpression":{"enter":[null]}},"options":{}},{"key":"syntax-optional-chaining","visitor":{"_exploded":true,"_verified":true},"options":{}},{"key":"proposal-optional-chaining","visitor":{"_exploded":{},"_verified":{},"OptionalCallExpression":{"enter":[null]},"OptionalMemberExpression":{"enter":[null]}},"options":{}},{"key":"syntax-optional-catch-binding","visitor":{"_exploded":true,"_verified":true},"options":{}},{"key":"proposal-optional-catch-binding","visitor":{"_exploded":{},"_verified":{},"CatchClause":{"enter":[null]}},"options":{}},{"key":"syntax-class-properties","visitor":{"_exploded":true,"_verified":true},"options":{}},{"key":"proposal-class-properties","visitor":{"PrivateName":{"enter":[null]},"ExportDefaultDeclaration":{"enter":[null]},"_exploded":true,"_verified":true,"ClassExpression":{"enter":[null]},"ClassDeclaration":{"enter":[null]}},"options":{}},{"key":"syntax-async-generators","visitor":{"_exploded":true,"_verified":true},"options":{}},{"key":"proposal-async-generator-functions","visitor":{"_exploded":{},"_verified":{},"Program":{"enter":[null]}},"options":{}},{"key":"syntax-object-rest-spread","visitor":{"_exploded":true,"_verified":true},"options":{}},{"key":"proposal-object-rest-spread","visitor":{"_exploded":{},"_verified":{},"VariableDeclarator":{"enter":[null]},"ExportNamedDeclaration":{"enter":[null]},"CatchClause":{"enter":[null]},"AssignmentExpression":{"enter":[null]},"ArrayPattern":{"enter":[null]},"ObjectExpression":{"enter":[null]},"FunctionDeclaration":{"enter":[null]},"FunctionExpression":{"enter":[null]},"ObjectMethod":{"enter":[null]},"ArrowFunctionExpression":{"enter":[null]},"ClassMethod":{"enter":[null]},"ClassPrivateMethod":{"enter":[null]},"ForInStatement":{"enter":[null]},"ForOfStatement":{"enter":[null]}},"options":{}},{"key":"transform-literals","visitor":{"NumericLiteral":{"enter":[null]},"StringLiteral":{"enter":[null]},"_exploded":true,"_verified":true},"options":{}},{"key":"transform-template-literals","visitor":{"TaggedTemplateExpression":{"enter":[null]},"TemplateLiteral":{"enter":[null]},"_exploded":true,"_verified":true},"options":{}},{"key":"transform-parameters","visitor":{"_exploded":true,"_verified":true,"FunctionDeclaration":{"enter":[null]},"FunctionExpression":{"enter":[null]},"ObjectMethod":{"enter":[null]},"ArrowFunctionExpression":{"enter":[null]},"ClassMethod":{"enter":[null]},"ClassPrivateMethod":{"enter":[null]}},"options":{}},{"key":"transform-exponentiation-operator","visitor":{"AssignmentExpression":{"enter":[null]},"BinaryExpression":{"enter":[null]},"_exploded":true,"_verified":true},"options":{}}],"presets":[],"generatorOpts":{"filename":"/Users/stefpop/Desktop/repos/withBrandon/crossling_reference/experiments/from-scratch/packages/empirica:core/ui/components/StageTimeWrapper.jsx","comments":true,"compact":false,"sourceMaps":true,"sourceFileName":"packages/empirica:core/ui/components/StageTimeWrapper.jsx"}},"code":"let _objectSpread;\n\nmodule.link(\"@babel/runtime/helpers/objectSpread2\", {\n  default(v) {\n    _objectSpread = v;\n  }\n\n}, 0);\n\nlet _objectWithoutProperties;\n\nmodule.link(\"@babel/runtime/helpers/objectWithoutProperties\", {\n  default(v) {\n    _objectWithoutProperties = v;\n  }\n\n}, 1);\nlet TimeSync;\nmodule.link(\"meteor/mizzao:timesync\", {\n  TimeSync(v) {\n    TimeSync = v;\n  }\n\n}, 0);\nlet withTracker;\nmodule.link(\"meteor/react-meteor-data\", {\n  withTracker(v) {\n    withTracker = v;\n  }\n\n}, 1);\nlet moment;\nmodule.link(\"moment\", {\n  default(v) {\n    moment = v;\n  }\n\n}, 2);\nmodule.exportDefault(withTracker((_ref) => {\n  let {\n    stage,\n    player\n  } = _ref,\n      rest = _objectWithoutProperties(_ref, [\"stage\", \"player\"]);\n\n  const now = moment(TimeSync.serverTime(null, 100));\n  const startTimeAt = stage && moment(stage.startTimeAt);\n  const started = stage && now.isSameOrAfter(startTimeAt);\n  const endTimeAt = stage && startTimeAt.add(stage.durationInSeconds, \"seconds\");\n  const ended = stage && now.isSameOrAfter(endTimeAt);\n  const timedOut = stage && player && !player.stage.submitted && ended;\n  const roundOver = stage && player && player.stage.submitted || timedOut;\n  let remainingSeconds = stage && endTimeAt.diff(now, \"seconds\");\n\n  if (remainingSeconds && remainingSeconds < 0) {\n    remainingSeconds = 0;\n  }\n\n  const elapsedSeconds = stage && now.diff(startTimeAt, \"seconds\");\n  return _objectSpread({\n    timedOut,\n    roundOver,\n    stage,\n    player,\n    started,\n    ended,\n    endTimeAt,\n    now,\n    remainingSeconds,\n    elapsedSeconds\n  }, rest);\n}));","map":{"version":3,"sources":["packages/empirica:core/ui/components/StageTimeWrapper.jsx"],"names":["_objectSpread","module","link","default","v","_objectWithoutProperties","TimeSync","withTracker","moment","exportDefault","stage","player","rest","now","serverTime","startTimeAt","started","isSameOrAfter","endTimeAt","add","durationInSeconds","ended","timedOut","submitted","roundOver","remainingSeconds","diff","elapsedSeconds"],"mappings":"AAAA,IAAIA,aAAJ;;AAAkBC,MAAM,CAACC,IAAP,CAAY,sCAAZ,EAAmD;AAACC,EAAAA,OAAO,CAACC,CAAD,EAAG;AAACJ,IAAAA,aAAa,GAACI,CAAd;AAAgB;;AAA5B,CAAnD,EAAiF,CAAjF;;AAAoF,IAAIC,wBAAJ;;AAA6BJ,MAAM,CAACC,IAAP,CAAY,gDAAZ,EAA6D;AAACC,EAAAA,OAAO,CAACC,CAAD,EAAG;AAACC,IAAAA,wBAAwB,GAACD,CAAzB;AAA2B;;AAAvC,CAA7D,EAAsG,CAAtG;AAAnI,IAAIE,QAAJ;AAAaL,MAAM,CAACC,IAAP,CAAY,wBAAZ,EAAqC;AAACI,EAAAA,QAAQ,CAACF,CAAD,EAAG;AAACE,IAAAA,QAAQ,GAACF,CAAT;AAAW;;AAAxB,CAArC,EAA+D,CAA/D;AAAkE,IAAIG,WAAJ;AAAgBN,MAAM,CAACC,IAAP,CAAY,0BAAZ,EAAuC;AAACK,EAAAA,WAAW,CAACH,CAAD,EAAG;AAACG,IAAAA,WAAW,GAACH,CAAZ;AAAc;;AAA9B,CAAvC,EAAuE,CAAvE;AAA0E,IAAII,MAAJ;AAAWP,MAAM,CAACC,IAAP,CAAY,QAAZ,EAAqB;AAACC,EAAAA,OAAO,CAACC,CAAD,EAAG;AAACI,IAAAA,MAAM,GAACJ,CAAP;AAAS;;AAArB,CAArB,EAA4C,CAA5C;AAApLH,MAAM,CAACQ,aAAP,CAMeF,WAAW,CAAC,UAAgC;AAAA,MAA/B;AAAEG,IAAAA,KAAF;AAASC,IAAAA;AAAT,GAA+B;AAAA,MAAXC,IAAW;;AACzD,QAAMC,GAAG,GAAGL,MAAM,CAACF,QAAQ,CAACQ,UAAT,CAAoB,IAApB,EAA0B,GAA1B,CAAD,CAAlB;AACA,QAAMC,WAAW,GAAGL,KAAK,IAAIF,MAAM,CAACE,KAAK,CAACK,WAAP,CAAnC;AACA,QAAMC,OAAO,GAAGN,KAAK,IAAIG,GAAG,CAACI,aAAJ,CAAkBF,WAAlB,CAAzB;AACA,QAAMG,SAAS,GACbR,KAAK,IAAIK,WAAW,CAACI,GAAZ,CAAgBT,KAAK,CAACU,iBAAtB,EAAyC,SAAzC,CADX;AAEA,QAAMC,KAAK,GAAGX,KAAK,IAAIG,GAAG,CAACI,aAAJ,CAAkBC,SAAlB,CAAvB;AACA,QAAMI,QAAQ,GAAGZ,KAAK,IAAIC,MAAT,IAAmB,CAACA,MAAM,CAACD,KAAP,CAAaa,SAAjC,IAA8CF,KAA/D;AACA,QAAMG,SAAS,GAAId,KAAK,IAAIC,MAAT,IAAmBA,MAAM,CAACD,KAAP,CAAaa,SAAjC,IAA+CD,QAAjE;AACA,MAAIG,gBAAgB,GAAGf,KAAK,IAAIQ,SAAS,CAACQ,IAAV,CAAeb,GAAf,EAAoB,SAApB,CAAhC;;AACA,MAAIY,gBAAgB,IAAIA,gBAAgB,GAAG,CAA3C,EAA8C;AAC5CA,IAAAA,gBAAgB,GAAG,CAAnB;AACD;;AACD,QAAME,cAAc,GAAGjB,KAAK,IAAIG,GAAG,CAACa,IAAJ,CAASX,WAAT,EAAsB,SAAtB,CAAhC;AACA;AACEO,IAAAA,QADF;AAEEE,IAAAA,SAFF;AAGEd,IAAAA,KAHF;AAIEC,IAAAA,MAJF;AAKEK,IAAAA,OALF;AAMEK,IAAAA,KANF;AAOEH,IAAAA,SAPF;AAQEL,IAAAA,GARF;AASEY,IAAAA,gBATF;AAUEE,IAAAA;AAVF,KAWKf,IAXL;AAaD,CA3ByB,CAN1B","sourcesContent":["// Handles all the timing stuff\nimport { TimeSync } from \"meteor/mizzao:timesync\";\nimport { withTracker } from \"meteor/react-meteor-data\";\nimport moment from \"moment\";\n\n// Handles all the timing stuff\nexport default withTracker(({ stage, player, ...rest }) => {\n  const now = moment(TimeSync.serverTime(null, 100));\n  const startTimeAt = stage && moment(stage.startTimeAt);\n  const started = stage && now.isSameOrAfter(startTimeAt);\n  const endTimeAt =\n    stage && startTimeAt.add(stage.durationInSeconds, \"seconds\");\n  const ended = stage && now.isSameOrAfter(endTimeAt);\n  const timedOut = stage && player && !player.stage.submitted && ended;\n  const roundOver = (stage && player && player.stage.submitted) || timedOut;\n  let remainingSeconds = stage && endTimeAt.diff(now, \"seconds\");\n  if (remainingSeconds && remainingSeconds < 0) {\n    remainingSeconds = 0;\n  }\n  const elapsedSeconds = stage && now.diff(startTimeAt, \"seconds\");\n  return {\n    timedOut,\n    roundOver,\n    stage,\n    player,\n    started,\n    ended,\n    endTimeAt,\n    now,\n    remainingSeconds,\n    elapsedSeconds,\n    ...rest\n  };\n});\n"]},"sourceType":"module","hash":"274067c31e9bdbef3a7f487ef61e0c4d7b14b815"}
