{"metadata":{},"options":{"compact":false,"sourceMaps":true,"ast":true,"babelrc":false,"configFile":false,"parserOpts":{"sourceType":"module","sourceFileName":"/Users/stefpop/Desktop/repos/withBrandon/crossling_reference/experiments/from-scratch/packages/empirica:core/api/player-logs/methods.js","plugins":["*","flow","jsx","asyncGenerators","bigInt","classPrivateMethods","classPrivateProperties","classProperties","doExpressions","dynamicImport","exportDefaultFrom","exportExtensions","exportNamespaceFrom","functionBind","functionSent","importMeta","nullishCoalescingOperator","numericSeparator","objectRestSpread","optionalCatchBinding","optionalChaining",["pipelineOperator",{"proposal":"minimal"}],"throwExpressions","classProperties","classPrivateProperties","jsx","nullishCoalescingOperator","nullishCoalescingOperator","optionalChaining","optionalChaining","optionalCatchBinding","optionalCatchBinding","classProperties","classPrivateProperties","classPrivateMethods","classProperties","classPrivateProperties","asyncGenerators","asyncGenerators","objectRestSpread","objectRestSpread"],"allowImportExportEverywhere":true,"allowReturnOutsideFunction":true,"allowUndeclaredExports":true,"strictMode":false},"caller":{"name":"meteor","arch":"web.browser"},"sourceFileName":"packages/empirica:core/api/player-logs/methods.js","filename":"/Users/stefpop/Desktop/repos/withBrandon/crossling_reference/experiments/from-scratch/packages/empirica:core/api/player-logs/methods.js","cloneInputAst":true,"passPerPreset":false,"envName":"development","cwd":"/Users/stefpop/Desktop/repos/withBrandon/crossling_reference/experiments/from-scratch","root":"/Users/stefpop/Desktop/repos/withBrandon/crossling_reference/experiments/from-scratch","plugins":[{"key":"base$0","visitor":{"_exploded":true,"_verified":true},"options":{}},{"key":"base$0$0","visitor":{"Program":{"enter":[null],"exit":[null]},"_exploded":true,"_verified":true},"options":{"avoidModernSyntax":false,"enforceStrictMode":false,"dynamicImport":true,"generateLetDeclarations":true}},{"key":"transform-runtime","visitor":{"CallExpression":{"enter":[null]},"BinaryExpression":{"enter":[null]},"MemberExpression":{"enter":[null],"exit":[null]},"_exploded":true,"_verified":true,"Identifier":{"enter":[null]},"JSXIdentifier":{"enter":[null]}},"options":{"version":"7.12.5","helpers":true,"useESModules":false,"corejs":false}},{"key":"proposal-class-properties","visitor":{"PrivateName":{"enter":[null]},"ExportDefaultDeclaration":{"enter":[null]},"_exploded":true,"_verified":true,"ClassExpression":{"enter":[null]},"ClassDeclaration":{"enter":[null]}},"options":{"loose":true}},{"key":"transform-react-jsx","visitor":{"_exploded":{},"_verified":{},"JSXNamespacedName":{"enter":[null]},"JSXSpreadChild":{"enter":[null]},"Program":{"enter":[null]},"JSXElement":{"exit":[null]},"JSXFragment":{"exit":[null]},"JSXAttribute":{"enter":[null]}},"options":{"pragma":"React.createElement","pragmaFrag":"React.Fragment","runtime":"classic","throwIfNamespace":true,"useBuiltIns":false}},{"key":"transform-react-display-name","visitor":{"ExportDefaultDeclaration":{"enter":[null]},"CallExpression":{"enter":[null]},"_exploded":true,"_verified":true},"options":{}},{"key":"transform-react-pure-annotations","visitor":{"CallExpression":{"enter":[null]},"_exploded":true,"_verified":true},"options":{}},{"key":"syntax-nullish-coalescing-operator","visitor":{"_exploded":true,"_verified":true},"options":{}},{"key":"proposal-nullish-coalescing-operator","visitor":{"_exploded":{},"_verified":{},"LogicalExpression":{"enter":[null]}},"options":{}},{"key":"syntax-optional-chaining","visitor":{"_exploded":true,"_verified":true},"options":{}},{"key":"proposal-optional-chaining","visitor":{"_exploded":{},"_verified":{},"OptionalCallExpression":{"enter":[null]},"OptionalMemberExpression":{"enter":[null]}},"options":{}},{"key":"syntax-optional-catch-binding","visitor":{"_exploded":true,"_verified":true},"options":{}},{"key":"proposal-optional-catch-binding","visitor":{"_exploded":{},"_verified":{},"CatchClause":{"enter":[null]}},"options":{}},{"key":"syntax-class-properties","visitor":{"_exploded":true,"_verified":true},"options":{}},{"key":"proposal-class-properties","visitor":{"PrivateName":{"enter":[null]},"ExportDefaultDeclaration":{"enter":[null]},"_exploded":true,"_verified":true,"ClassExpression":{"enter":[null]},"ClassDeclaration":{"enter":[null]}},"options":{}},{"key":"syntax-async-generators","visitor":{"_exploded":true,"_verified":true},"options":{}},{"key":"proposal-async-generator-functions","visitor":{"_exploded":{},"_verified":{},"Program":{"enter":[null]}},"options":{}},{"key":"syntax-object-rest-spread","visitor":{"_exploded":true,"_verified":true},"options":{}},{"key":"proposal-object-rest-spread","visitor":{"_exploded":{},"_verified":{},"VariableDeclarator":{"enter":[null]},"ExportNamedDeclaration":{"enter":[null]},"CatchClause":{"enter":[null]},"AssignmentExpression":{"enter":[null]},"ArrayPattern":{"enter":[null]},"ObjectExpression":{"enter":[null]},"FunctionDeclaration":{"enter":[null]},"FunctionExpression":{"enter":[null]},"ObjectMethod":{"enter":[null]},"ArrowFunctionExpression":{"enter":[null]},"ClassMethod":{"enter":[null]},"ClassPrivateMethod":{"enter":[null]},"ForInStatement":{"enter":[null]},"ForOfStatement":{"enter":[null]}},"options":{}},{"key":"transform-literals","visitor":{"NumericLiteral":{"enter":[null]},"StringLiteral":{"enter":[null]},"_exploded":true,"_verified":true},"options":{}},{"key":"transform-template-literals","visitor":{"TaggedTemplateExpression":{"enter":[null]},"TemplateLiteral":{"enter":[null]},"_exploded":true,"_verified":true},"options":{}},{"key":"transform-parameters","visitor":{"_exploded":true,"_verified":true,"FunctionDeclaration":{"enter":[null]},"FunctionExpression":{"enter":[null]},"ObjectMethod":{"enter":[null]},"ArrowFunctionExpression":{"enter":[null]},"ClassMethod":{"enter":[null]},"ClassPrivateMethod":{"enter":[null]}},"options":{}},{"key":"transform-exponentiation-operator","visitor":{"AssignmentExpression":{"enter":[null]},"BinaryExpression":{"enter":[null]},"_exploded":true,"_verified":true},"options":{}}],"presets":[],"generatorOpts":{"filename":"/Users/stefpop/Desktop/repos/withBrandon/crossling_reference/experiments/from-scratch/packages/empirica:core/api/player-logs/methods.js","comments":true,"compact":false,"sourceMaps":true,"sourceFileName":"packages/empirica:core/api/player-logs/methods.js"}},"code":"module.export({\n  playerLog: () => playerLog\n});\nlet ValidatedMethod;\nmodule.link(\"meteor/mdg:validated-method\", {\n  ValidatedMethod(v) {\n    ValidatedMethod = v;\n  }\n\n}, 0);\nlet SimpleSchema;\nmodule.link(\"simpl-schema\", {\n  default(v) {\n    SimpleSchema = v;\n  }\n\n}, 1);\nlet PlayerLogs;\nmodule.link(\"./player-logs.js\", {\n  PlayerLogs(v) {\n    PlayerLogs = v;\n  }\n\n}, 2);\nlet Players;\nmodule.link(\"../players/players.js\", {\n  Players(v) {\n    Players = v;\n  }\n\n}, 3);\nconst playerLog = new ValidatedMethod({\n  name: \"PlayerLogs.methods.add\",\n  validate: new SimpleSchema({\n    playerId: {\n      type: String,\n      regEx: SimpleSchema.RegEx.Id\n    },\n    stageId: {\n      type: String,\n      regEx: SimpleSchema.RegEx.Id,\n      optional: true\n    },\n    roundId: {\n      type: String,\n      regEx: SimpleSchema.RegEx.Id,\n      optional: true\n    },\n    gameId: {\n      type: String,\n      regEx: SimpleSchema.RegEx.Id,\n      optional: true\n    },\n    name: {\n      type: String,\n      max: 255\n    },\n    jsonData: {\n      type: String\n    }\n  }).validator(),\n\n  run(_ref) {\n    let {\n      playerId,\n      gameId,\n      roundId,\n      stageId,\n      name,\n      jsonData\n    } = _ref;\n    const player = Players.findOne(playerId);\n\n    if (!player) {\n      throw new Error(\"player not found\");\n    }\n\n    PlayerLogs.insert({\n      playerId,\n      gameId,\n      roundId,\n      stageId,\n      name,\n      jsonData\n    }, {\n      autoConvert: false,\n      filter: false,\n      validate: false,\n      trimStrings: false,\n      removeEmptyStrings: false\n    });\n  }\n\n});","map":{"version":3,"sources":["packages/empirica:core/api/player-logs/methods.js"],"names":["module","export","playerLog","ValidatedMethod","link","v","SimpleSchema","default","PlayerLogs","Players","name","validate","playerId","type","String","regEx","RegEx","Id","stageId","optional","roundId","gameId","max","jsonData","validator","run","player","findOne","Error","insert","autoConvert","filter","trimStrings","removeEmptyStrings"],"mappings":"AAAAA,MAAM,CAACC,MAAP,CAAc;AAACC,EAAAA,SAAS,EAAC,MAAIA;AAAf,CAAd;AAAyC,IAAIC,eAAJ;AAAoBH,MAAM,CAACI,IAAP,CAAY,6BAAZ,EAA0C;AAACD,EAAAA,eAAe,CAACE,CAAD,EAAG;AAACF,IAAAA,eAAe,GAACE,CAAhB;AAAkB;;AAAtC,CAA1C,EAAkF,CAAlF;AAAqF,IAAIC,YAAJ;AAAiBN,MAAM,CAACI,IAAP,CAAY,cAAZ,EAA2B;AAACG,EAAAA,OAAO,CAACF,CAAD,EAAG;AAACC,IAAAA,YAAY,GAACD,CAAb;AAAe;;AAA3B,CAA3B,EAAwD,CAAxD;AAA2D,IAAIG,UAAJ;AAAeR,MAAM,CAACI,IAAP,CAAY,kBAAZ,EAA+B;AAACI,EAAAA,UAAU,CAACH,CAAD,EAAG;AAACG,IAAAA,UAAU,GAACH,CAAX;AAAa;;AAA5B,CAA/B,EAA6D,CAA7D;AAAgE,IAAII,OAAJ;AAAYT,MAAM,CAACI,IAAP,CAAY,uBAAZ,EAAoC;AAACK,EAAAA,OAAO,CAACJ,CAAD,EAAG;AAACI,IAAAA,OAAO,GAACJ,CAAR;AAAU;;AAAtB,CAApC,EAA4D,CAA5D;AAOlT,MAAMH,SAAS,GAAG,IAAIC,eAAJ,CAAoB;AAC3CO,EAAAA,IAAI,EAAE,wBADqC;AAG3CC,EAAAA,QAAQ,EAAE,IAAIL,YAAJ,CAAiB;AACzBM,IAAAA,QAAQ,EAAE;AACRC,MAAAA,IAAI,EAAEC,MADE;AAERC,MAAAA,KAAK,EAAET,YAAY,CAACU,KAAb,CAAmBC;AAFlB,KADe;AAKzBC,IAAAA,OAAO,EAAE;AACPL,MAAAA,IAAI,EAAEC,MADC;AAEPC,MAAAA,KAAK,EAAET,YAAY,CAACU,KAAb,CAAmBC,EAFnB;AAGPE,MAAAA,QAAQ,EAAE;AAHH,KALgB;AAUzBC,IAAAA,OAAO,EAAE;AACPP,MAAAA,IAAI,EAAEC,MADC;AAEPC,MAAAA,KAAK,EAAET,YAAY,CAACU,KAAb,CAAmBC,EAFnB;AAGPE,MAAAA,QAAQ,EAAE;AAHH,KAVgB;AAezBE,IAAAA,MAAM,EAAE;AACNR,MAAAA,IAAI,EAAEC,MADA;AAENC,MAAAA,KAAK,EAAET,YAAY,CAACU,KAAb,CAAmBC,EAFpB;AAGNE,MAAAA,QAAQ,EAAE;AAHJ,KAfiB;AAoBzBT,IAAAA,IAAI,EAAE;AACJG,MAAAA,IAAI,EAAEC,MADF;AAEJQ,MAAAA,GAAG,EAAE;AAFD,KApBmB;AAwBzBC,IAAAA,QAAQ,EAAE;AACRV,MAAAA,IAAI,EAAEC;AADE;AAxBe,GAAjB,EA2BPU,SA3BO,EAHiC;;AAgC3CC,EAAAA,GAAG,OAAyD;AAAA,QAAxD;AAAEb,MAAAA,QAAF;AAAYS,MAAAA,MAAZ;AAAoBD,MAAAA,OAApB;AAA6BF,MAAAA,OAA7B;AAAsCR,MAAAA,IAAtC;AAA4Ca,MAAAA;AAA5C,KAAwD;AAC1D,UAAMG,MAAM,GAAGjB,OAAO,CAACkB,OAAR,CAAgBf,QAAhB,CAAf;;AACA,QAAI,CAACc,MAAL,EAAa;AACX,YAAM,IAAIE,KAAJ,CAAU,kBAAV,CAAN;AACD;;AAEDpB,IAAAA,UAAU,CAACqB,MAAX,CACE;AAAEjB,MAAAA,QAAF;AAAYS,MAAAA,MAAZ;AAAoBD,MAAAA,OAApB;AAA6BF,MAAAA,OAA7B;AAAsCR,MAAAA,IAAtC;AAA4Ca,MAAAA;AAA5C,KADF,EAEE;AACEO,MAAAA,WAAW,EAAE,KADf;AAEEC,MAAAA,MAAM,EAAE,KAFV;AAGEpB,MAAAA,QAAQ,EAAE,KAHZ;AAIEqB,MAAAA,WAAW,EAAE,KAJf;AAKEC,MAAAA,kBAAkB,EAAE;AALtB,KAFF;AAUD;;AAhD0C,CAApB,CAAlB","sourcesContent":["import { ValidatedMethod } from \"meteor/mdg:validated-method\";\nimport SimpleSchema from \"simpl-schema\";\n\nimport { PlayerLogs } from \"./player-logs.js\";\nimport { Players } from \"../players/players.js\";\n\n// playerLog is non-destructive, it just keeps adding onto a player's logs.\nexport const playerLog = new ValidatedMethod({\n  name: \"PlayerLogs.methods.add\",\n\n  validate: new SimpleSchema({\n    playerId: {\n      type: String,\n      regEx: SimpleSchema.RegEx.Id\n    },\n    stageId: {\n      type: String,\n      regEx: SimpleSchema.RegEx.Id,\n      optional: true\n    },\n    roundId: {\n      type: String,\n      regEx: SimpleSchema.RegEx.Id,\n      optional: true\n    },\n    gameId: {\n      type: String,\n      regEx: SimpleSchema.RegEx.Id,\n      optional: true\n    },\n    name: {\n      type: String,\n      max: 255\n    },\n    jsonData: {\n      type: String\n    }\n  }).validator(),\n\n  run({ playerId, gameId, roundId, stageId, name, jsonData }) {\n    const player = Players.findOne(playerId);\n    if (!player) {\n      throw new Error(\"player not found\");\n    }\n\n    PlayerLogs.insert(\n      { playerId, gameId, roundId, stageId, name, jsonData },\n      {\n        autoConvert: false,\n        filter: false,\n        validate: false,\n        trimStrings: false,\n        removeEmptyStrings: false\n      }\n    );\n  }\n});\n"]},"sourceType":"module","hash":"30edfd20eae43163228e45075128ed5ec7251f74"}
