{"metadata":{},"options":{"compact":false,"sourceMaps":true,"ast":true,"babelrc":false,"configFile":false,"parserOpts":{"sourceType":"module","sourceFileName":"/Users/stefpop/Desktop/repos/withBrandon/crossling_reference/experiments/from-scratch/packages/empirica:core/api/factor-types/methods.js","plugins":["*","flow","jsx","asyncGenerators","bigInt","classPrivateMethods","classPrivateProperties","classProperties","doExpressions","dynamicImport","exportDefaultFrom","exportExtensions","exportNamespaceFrom","functionBind","functionSent","importMeta","nullishCoalescingOperator","numericSeparator","objectRestSpread","optionalCatchBinding","optionalChaining",["pipelineOperator",{"proposal":"minimal"}],"throwExpressions","classProperties","classPrivateProperties","jsx","nullishCoalescingOperator","nullishCoalescingOperator","optionalChaining","optionalChaining","optionalCatchBinding","optionalCatchBinding","classProperties","classPrivateProperties","classPrivateMethods","classProperties","classPrivateProperties","asyncGenerators","asyncGenerators","objectRestSpread","objectRestSpread"],"allowImportExportEverywhere":true,"allowReturnOutsideFunction":true,"allowUndeclaredExports":true,"strictMode":false},"caller":{"name":"meteor","arch":"web.browser"},"sourceFileName":"packages/empirica:core/api/factor-types/methods.js","filename":"/Users/stefpop/Desktop/repos/withBrandon/crossling_reference/experiments/from-scratch/packages/empirica:core/api/factor-types/methods.js","cloneInputAst":true,"passPerPreset":false,"envName":"development","cwd":"/Users/stefpop/Desktop/repos/withBrandon/crossling_reference/experiments/from-scratch","root":"/Users/stefpop/Desktop/repos/withBrandon/crossling_reference/experiments/from-scratch","plugins":[{"key":"base$0","visitor":{"_exploded":true,"_verified":true},"options":{}},{"key":"base$0$0","visitor":{"Program":{"enter":[null],"exit":[null]},"_exploded":true,"_verified":true},"options":{"avoidModernSyntax":false,"enforceStrictMode":false,"dynamicImport":true,"generateLetDeclarations":true}},{"key":"transform-runtime","visitor":{"CallExpression":{"enter":[null]},"BinaryExpression":{"enter":[null]},"MemberExpression":{"enter":[null],"exit":[null]},"_exploded":true,"_verified":true,"Identifier":{"enter":[null]},"JSXIdentifier":{"enter":[null]}},"options":{"version":"7.12.5","helpers":true,"useESModules":false,"corejs":false}},{"key":"proposal-class-properties","visitor":{"PrivateName":{"enter":[null]},"ExportDefaultDeclaration":{"enter":[null]},"_exploded":true,"_verified":true,"ClassExpression":{"enter":[null]},"ClassDeclaration":{"enter":[null]}},"options":{"loose":true}},{"key":"transform-react-jsx","visitor":{"_exploded":{},"_verified":{},"JSXNamespacedName":{"enter":[null]},"JSXSpreadChild":{"enter":[null]},"Program":{"enter":[null]},"JSXElement":{"exit":[null]},"JSXFragment":{"exit":[null]},"JSXAttribute":{"enter":[null]}},"options":{"pragma":"React.createElement","pragmaFrag":"React.Fragment","runtime":"classic","throwIfNamespace":true,"useBuiltIns":false}},{"key":"transform-react-display-name","visitor":{"ExportDefaultDeclaration":{"enter":[null]},"CallExpression":{"enter":[null]},"_exploded":true,"_verified":true},"options":{}},{"key":"transform-react-pure-annotations","visitor":{"CallExpression":{"enter":[null]},"_exploded":true,"_verified":true},"options":{}},{"key":"syntax-nullish-coalescing-operator","visitor":{"_exploded":true,"_verified":true},"options":{}},{"key":"proposal-nullish-coalescing-operator","visitor":{"_exploded":{},"_verified":{},"LogicalExpression":{"enter":[null]}},"options":{}},{"key":"syntax-optional-chaining","visitor":{"_exploded":true,"_verified":true},"options":{}},{"key":"proposal-optional-chaining","visitor":{"_exploded":{},"_verified":{},"OptionalCallExpression":{"enter":[null]},"OptionalMemberExpression":{"enter":[null]}},"options":{}},{"key":"syntax-optional-catch-binding","visitor":{"_exploded":true,"_verified":true},"options":{}},{"key":"proposal-optional-catch-binding","visitor":{"_exploded":{},"_verified":{},"CatchClause":{"enter":[null]}},"options":{}},{"key":"syntax-class-properties","visitor":{"_exploded":true,"_verified":true},"options":{}},{"key":"proposal-class-properties","visitor":{"PrivateName":{"enter":[null]},"ExportDefaultDeclaration":{"enter":[null]},"_exploded":true,"_verified":true,"ClassExpression":{"enter":[null]},"ClassDeclaration":{"enter":[null]}},"options":{}},{"key":"syntax-async-generators","visitor":{"_exploded":true,"_verified":true},"options":{}},{"key":"proposal-async-generator-functions","visitor":{"_exploded":{},"_verified":{},"Program":{"enter":[null]}},"options":{}},{"key":"syntax-object-rest-spread","visitor":{"_exploded":true,"_verified":true},"options":{}},{"key":"proposal-object-rest-spread","visitor":{"_exploded":{},"_verified":{},"VariableDeclarator":{"enter":[null]},"ExportNamedDeclaration":{"enter":[null]},"CatchClause":{"enter":[null]},"AssignmentExpression":{"enter":[null]},"ArrayPattern":{"enter":[null]},"ObjectExpression":{"enter":[null]},"FunctionDeclaration":{"enter":[null]},"FunctionExpression":{"enter":[null]},"ObjectMethod":{"enter":[null]},"ArrowFunctionExpression":{"enter":[null]},"ClassMethod":{"enter":[null]},"ClassPrivateMethod":{"enter":[null]},"ForInStatement":{"enter":[null]},"ForOfStatement":{"enter":[null]}},"options":{}},{"key":"transform-literals","visitor":{"NumericLiteral":{"enter":[null]},"StringLiteral":{"enter":[null]},"_exploded":true,"_verified":true},"options":{}},{"key":"transform-template-literals","visitor":{"TaggedTemplateExpression":{"enter":[null]},"TemplateLiteral":{"enter":[null]},"_exploded":true,"_verified":true},"options":{}},{"key":"transform-parameters","visitor":{"_exploded":true,"_verified":true,"FunctionDeclaration":{"enter":[null]},"FunctionExpression":{"enter":[null]},"ObjectMethod":{"enter":[null]},"ArrowFunctionExpression":{"enter":[null]},"ClassMethod":{"enter":[null]},"ClassPrivateMethod":{"enter":[null]}},"options":{}},{"key":"transform-exponentiation-operator","visitor":{"AssignmentExpression":{"enter":[null]},"BinaryExpression":{"enter":[null]},"_exploded":true,"_verified":true},"options":{}}],"presets":[],"generatorOpts":{"filename":"/Users/stefpop/Desktop/repos/withBrandon/crossling_reference/experiments/from-scratch/packages/empirica:core/api/factor-types/methods.js","comments":true,"compact":false,"sourceMaps":true,"sourceFileName":"packages/empirica:core/api/factor-types/methods.js"}},"code":"module.export({\n  createFactorType: () => createFactorType,\n  updateFactorType: () => updateFactorType\n});\nlet SimpleSchema;\nmodule.link(\"simpl-schema\", {\n  default(v) {\n    SimpleSchema = v;\n  }\n\n}, 0);\nlet ValidatedMethod;\nmodule.link(\"meteor/mdg:validated-method\", {\n  ValidatedMethod(v) {\n    ValidatedMethod = v;\n  }\n\n}, 1);\nlet Factors;\nmodule.link(\"../factors/factors.js\", {\n  Factors(v) {\n    Factors = v;\n  }\n\n}, 2);\nlet FactorTypes;\nmodule.link(\"./factor-types.js\", {\n  FactorTypes(v) {\n    FactorTypes = v;\n  }\n\n}, 3);\nlet IdSchema;\nmodule.link(\"../default-schemas.js\", {\n  IdSchema(v) {\n    IdSchema = v;\n  }\n\n}, 4);\nconst createFactorType = new ValidatedMethod({\n  name: \"FactorTypes.methods.create\",\n  validate: FactorTypes.schema.omit(\"createdAt\", \"updatedAt\").extend(new SimpleSchema({\n    initialValues: {\n      type: Array,\n      optional: true\n    },\n    \"initialValues.$\": {\n      type: SimpleSchema.oneOf({\n        type: String,\n        scopedUnique: \"type\"\n      }, {\n        type: SimpleSchema.Integer,\n        scopedUnique: \"type\"\n      }, {\n        type: Number,\n        scopedUnique: \"type\"\n      }, {\n        type: Boolean,\n        scopedUnique: \"type\"\n      })\n    }\n  })).validator(),\n\n  run(factorType) {\n    if (!this.userId) {\n      throw new Error(\"unauthorized\");\n    }\n\n    const {\n      initialValues\n    } = factorType;\n    const factorTypeId = FactorTypes.insert(_.omit(factorType, \"initialValues\"), {\n      autoConvert: false\n    });\n    initialValues.forEach(value => Factors.insert({\n      factorTypeId,\n      value\n    }));\n  }\n\n});\nconst updateFactorType = new ValidatedMethod({\n  name: \"FactorTypes.methods.update\",\n  validate: new SimpleSchema({\n    archived: {\n      type: Boolean,\n      optional: true\n    }\n  }).extend(IdSchema).validator(),\n\n  run(_ref) {\n    let {\n      _id,\n      archived\n    } = _ref;\n\n    if (!this.userId) {\n      throw new Error(\"unauthorized\");\n    }\n\n    const factorType = FactorTypes.findOne(_id);\n\n    if (!factorType) {\n      throw new Error(\"not found\");\n    }\n\n    const $set = {},\n          $unset = {};\n\n    if (archived !== undefined) {\n      if (archived) {\n        if (factorType.archivedAt) {\n          throw new Error(\"not found\");\n        }\n\n        $set.archivedAt = new Date();\n        $set.archivedById = this.userId;\n      }\n\n      if (!archived) {\n        if (!factorType.archivedAt) {\n          throw new Error(\"not found\");\n        }\n\n        $unset.archivedAt = true;\n        $unset.archivedById = true;\n      }\n    }\n\n    const modifier = {};\n\n    if (Object.keys($set).length > 0) {\n      modifier.$set = $set;\n    }\n\n    if (Object.keys($unset).length > 0) {\n      modifier.$unset = $unset;\n    }\n\n    if (Object.keys(modifier).length === 0) {\n      return;\n    }\n\n    FactorTypes.update(_id, modifier);\n  }\n\n});","map":{"version":3,"sources":["packages/empirica:core/api/factor-types/methods.js"],"names":["module","export","createFactorType","updateFactorType","SimpleSchema","link","default","v","ValidatedMethod","Factors","FactorTypes","IdSchema","name","validate","schema","omit","extend","initialValues","type","Array","optional","oneOf","String","scopedUnique","Integer","Number","Boolean","validator","run","factorType","userId","Error","factorTypeId","insert","_","autoConvert","forEach","value","archived","_id","findOne","$set","$unset","undefined","archivedAt","Date","archivedById","modifier","Object","keys","length","update"],"mappings":"AAAAA,MAAM,CAACC,MAAP,CAAc;AAACC,EAAAA,gBAAgB,EAAC,MAAIA,gBAAtB;AAAuCC,EAAAA,gBAAgB,EAAC,MAAIA;AAA5D,CAAd;AAA6F,IAAIC,YAAJ;AAAiBJ,MAAM,CAACK,IAAP,CAAY,cAAZ,EAA2B;AAACC,EAAAA,OAAO,CAACC,CAAD,EAAG;AAACH,IAAAA,YAAY,GAACG,CAAb;AAAe;;AAA3B,CAA3B,EAAwD,CAAxD;AAA2D,IAAIC,eAAJ;AAAoBR,MAAM,CAACK,IAAP,CAAY,6BAAZ,EAA0C;AAACG,EAAAA,eAAe,CAACD,CAAD,EAAG;AAACC,IAAAA,eAAe,GAACD,CAAhB;AAAkB;;AAAtC,CAA1C,EAAkF,CAAlF;AAAqF,IAAIE,OAAJ;AAAYT,MAAM,CAACK,IAAP,CAAY,uBAAZ,EAAoC;AAACI,EAAAA,OAAO,CAACF,CAAD,EAAG;AAACE,IAAAA,OAAO,GAACF,CAAR;AAAU;;AAAtB,CAApC,EAA4D,CAA5D;AAA+D,IAAIG,WAAJ;AAAgBV,MAAM,CAACK,IAAP,CAAY,mBAAZ,EAAgC;AAACK,EAAAA,WAAW,CAACH,CAAD,EAAG;AAACG,IAAAA,WAAW,GAACH,CAAZ;AAAc;;AAA9B,CAAhC,EAAgE,CAAhE;AAAmE,IAAII,QAAJ;AAAaX,MAAM,CAACK,IAAP,CAAY,uBAAZ,EAAoC;AAACM,EAAAA,QAAQ,CAACJ,CAAD,EAAG;AAACI,IAAAA,QAAQ,GAACJ,CAAT;AAAW;;AAAxB,CAApC,EAA8D,CAA9D;AAOtb,MAAML,gBAAgB,GAAG,IAAIM,eAAJ,CAAoB;AAClDI,EAAAA,IAAI,EAAE,4BAD4C;AAGlDC,EAAAA,QAAQ,EAAEH,WAAW,CAACI,MAAZ,CACPC,IADO,CACF,WADE,EACW,WADX,EAEPC,MAFO,CAGN,IAAIZ,YAAJ,CAAiB;AACfa,IAAAA,aAAa,EAAE;AACbC,MAAAA,IAAI,EAAEC,KADO;AAEbC,MAAAA,QAAQ,EAAE;AAFG,KADA;AAMf,uBAAmB;AACjBF,MAAAA,IAAI,EAAEd,YAAY,CAACiB,KAAb,CACJ;AACEH,QAAAA,IAAI,EAAEI,MADR;AAEEC,QAAAA,YAAY,EAAE;AAFhB,OADI,EAKJ;AACEL,QAAAA,IAAI,EAAEd,YAAY,CAACoB,OADrB;AAEED,QAAAA,YAAY,EAAE;AAFhB,OALI,EASJ;AACEL,QAAAA,IAAI,EAAEO,MADR;AAEEF,QAAAA,YAAY,EAAE;AAFhB,OATI,EAaJ;AACEL,QAAAA,IAAI,EAAEQ,OADR;AAEEH,QAAAA,YAAY,EAAE;AAFhB,OAbI;AADW;AANJ,GAAjB,CAHM,EA+BPI,SA/BO,EAHwC;;AAoClDC,EAAAA,GAAG,CAACC,UAAD,EAAa;AACd,QAAI,CAAC,KAAKC,MAAV,EAAkB;AAChB,YAAM,IAAIC,KAAJ,CAAU,cAAV,CAAN;AACD;;AAED,UAAM;AAAEd,MAAAA;AAAF,QAAoBY,UAA1B;AACA,UAAMG,YAAY,GAAGtB,WAAW,CAACuB,MAAZ,CACnBC,CAAC,CAACnB,IAAF,CAAOc,UAAP,EAAmB,eAAnB,CADmB,EAEnB;AAAEM,MAAAA,WAAW,EAAE;AAAf,KAFmB,CAArB;AAKAlB,IAAAA,aAAa,CAACmB,OAAd,CAAsBC,KAAK,IAAI5B,OAAO,CAACwB,MAAR,CAAe;AAAED,MAAAA,YAAF;AAAgBK,MAAAA;AAAhB,KAAf,CAA/B;AACD;;AAhDiD,CAApB,CAAzB;AAmDA,MAAMlC,gBAAgB,GAAG,IAAIK,eAAJ,CAAoB;AAClDI,EAAAA,IAAI,EAAE,4BAD4C;AAGlDC,EAAAA,QAAQ,EAAE,IAAIT,YAAJ,CAAiB;AACzBkC,IAAAA,QAAQ,EAAE;AACRpB,MAAAA,IAAI,EAAEQ,OADE;AAERN,MAAAA,QAAQ,EAAE;AAFF;AADe,GAAjB,EAMPJ,MANO,CAMAL,QANA,EAOPgB,SAPO,EAHwC;;AAYlDC,EAAAA,GAAG,OAAoB;AAAA,QAAnB;AAAEW,MAAAA,GAAF;AAAOD,MAAAA;AAAP,KAAmB;;AACrB,QAAI,CAAC,KAAKR,MAAV,EAAkB;AAChB,YAAM,IAAIC,KAAJ,CAAU,cAAV,CAAN;AACD;;AACD,UAAMF,UAAU,GAAGnB,WAAW,CAAC8B,OAAZ,CAAoBD,GAApB,CAAnB;;AACA,QAAI,CAACV,UAAL,EAAiB;AACf,YAAM,IAAIE,KAAJ,CAAU,WAAV,CAAN;AACD;;AAED,UAAMU,IAAI,GAAG,EAAb;AAAA,UACEC,MAAM,GAAG,EADX;;AAGA,QAAIJ,QAAQ,KAAKK,SAAjB,EAA4B;AAC1B,UAAIL,QAAJ,EAAc;AACZ,YAAIT,UAAU,CAACe,UAAf,EAA2B;AACzB,gBAAM,IAAIb,KAAJ,CAAU,WAAV,CAAN;AACD;;AAEDU,QAAAA,IAAI,CAACG,UAAL,GAAkB,IAAIC,IAAJ,EAAlB;AACAJ,QAAAA,IAAI,CAACK,YAAL,GAAoB,KAAKhB,MAAzB;AACD;;AACD,UAAI,CAACQ,QAAL,EAAe;AACb,YAAI,CAACT,UAAU,CAACe,UAAhB,EAA4B;AAC1B,gBAAM,IAAIb,KAAJ,CAAU,WAAV,CAAN;AACD;;AAEDW,QAAAA,MAAM,CAACE,UAAP,GAAoB,IAApB;AACAF,QAAAA,MAAM,CAACI,YAAP,GAAsB,IAAtB;AACD;AACF;;AAED,UAAMC,QAAQ,GAAG,EAAjB;;AACA,QAAIC,MAAM,CAACC,IAAP,CAAYR,IAAZ,EAAkBS,MAAlB,GAA2B,CAA/B,EAAkC;AAChCH,MAAAA,QAAQ,CAACN,IAAT,GAAgBA,IAAhB;AACD;;AACD,QAAIO,MAAM,CAACC,IAAP,CAAYP,MAAZ,EAAoBQ,MAApB,GAA6B,CAAjC,EAAoC;AAClCH,MAAAA,QAAQ,CAACL,MAAT,GAAkBA,MAAlB;AACD;;AACD,QAAIM,MAAM,CAACC,IAAP,CAAYF,QAAZ,EAAsBG,MAAtB,KAAiC,CAArC,EAAwC;AACtC;AACD;;AAEDxC,IAAAA,WAAW,CAACyC,MAAZ,CAAmBZ,GAAnB,EAAwBQ,QAAxB;AACD;;AAvDiD,CAApB,CAAzB","sourcesContent":["import SimpleSchema from \"simpl-schema\";\nimport { ValidatedMethod } from \"meteor/mdg:validated-method\";\n\nimport { Factors } from \"../factors/factors.js\";\nimport { FactorTypes } from \"./factor-types.js\";\nimport { IdSchema } from \"../default-schemas.js\";\n\nexport const createFactorType = new ValidatedMethod({\n  name: \"FactorTypes.methods.create\",\n\n  validate: FactorTypes.schema\n    .omit(\"createdAt\", \"updatedAt\")\n    .extend(\n      new SimpleSchema({\n        initialValues: {\n          type: Array,\n          optional: true\n        },\n\n        \"initialValues.$\": {\n          type: SimpleSchema.oneOf(\n            {\n              type: String,\n              scopedUnique: \"type\"\n            },\n            {\n              type: SimpleSchema.Integer,\n              scopedUnique: \"type\"\n            },\n            {\n              type: Number,\n              scopedUnique: \"type\"\n            },\n            {\n              type: Boolean,\n              scopedUnique: \"type\"\n            }\n          )\n        }\n      })\n    )\n    .validator(),\n\n  run(factorType) {\n    if (!this.userId) {\n      throw new Error(\"unauthorized\");\n    }\n\n    const { initialValues } = factorType;\n    const factorTypeId = FactorTypes.insert(\n      _.omit(factorType, \"initialValues\"),\n      { autoConvert: false }\n    );\n\n    initialValues.forEach(value => Factors.insert({ factorTypeId, value }));\n  }\n});\n\nexport const updateFactorType = new ValidatedMethod({\n  name: \"FactorTypes.methods.update\",\n\n  validate: new SimpleSchema({\n    archived: {\n      type: Boolean,\n      optional: true\n    }\n  })\n    .extend(IdSchema)\n    .validator(),\n\n  run({ _id, archived }) {\n    if (!this.userId) {\n      throw new Error(\"unauthorized\");\n    }\n    const factorType = FactorTypes.findOne(_id);\n    if (!factorType) {\n      throw new Error(\"not found\");\n    }\n\n    const $set = {},\n      $unset = {};\n\n    if (archived !== undefined) {\n      if (archived) {\n        if (factorType.archivedAt) {\n          throw new Error(\"not found\");\n        }\n\n        $set.archivedAt = new Date();\n        $set.archivedById = this.userId;\n      }\n      if (!archived) {\n        if (!factorType.archivedAt) {\n          throw new Error(\"not found\");\n        }\n\n        $unset.archivedAt = true;\n        $unset.archivedById = true;\n      }\n    }\n\n    const modifier = {};\n    if (Object.keys($set).length > 0) {\n      modifier.$set = $set;\n    }\n    if (Object.keys($unset).length > 0) {\n      modifier.$unset = $unset;\n    }\n    if (Object.keys(modifier).length === 0) {\n      return;\n    }\n\n    FactorTypes.update(_id, modifier);\n  }\n});\n"]},"sourceType":"module","hash":"37c8a5a155b2a313b1942027df37722e5dc8b452"}
