{"metadata":{},"options":{"compact":false,"sourceMaps":true,"ast":true,"babelrc":false,"configFile":false,"parserOpts":{"sourceType":"module","sourceFileName":"/Users/stefpop/Desktop/repos/withBrandon/crossling_reference/experiments/from-scratch/packages/empirica:core/lib/componentChecker.js","plugins":["*","flow","jsx","asyncGenerators","bigInt","classPrivateMethods","classPrivateProperties","classProperties","doExpressions","dynamicImport","exportDefaultFrom","exportExtensions","exportNamespaceFrom","functionBind","functionSent","importMeta","nullishCoalescingOperator","numericSeparator","objectRestSpread","optionalCatchBinding","optionalChaining",["pipelineOperator",{"proposal":"minimal"}],"throwExpressions","objectRestSpread","objectRestSpread","asyncGenerators","classProperties","classPrivateProperties","jsx","nullishCoalescingOperator","nullishCoalescingOperator","optionalChaining","optionalChaining","optionalCatchBinding","optionalCatchBinding","classProperties","classPrivateProperties","classPrivateMethods","classProperties","classPrivateProperties","asyncGenerators","asyncGenerators","objectRestSpread","objectRestSpread"],"allowImportExportEverywhere":true,"allowReturnOutsideFunction":true,"allowUndeclaredExports":true,"strictMode":false},"caller":{"name":"meteor","arch":"os.osx.x86_64"},"sourceFileName":"packages/empirica:core/lib/componentChecker.js","filename":"/Users/stefpop/Desktop/repos/withBrandon/crossling_reference/experiments/from-scratch/packages/empirica:core/lib/componentChecker.js","cloneInputAst":true,"passPerPreset":false,"envName":"development","cwd":"/Users/stefpop/Desktop/repos/withBrandon/crossling_reference/experiments/from-scratch","root":"/Users/stefpop/Desktop/repos/withBrandon/crossling_reference/experiments/from-scratch","plugins":[{"key":"base$0","visitor":{"_exploded":true,"_verified":true},"options":{}},{"key":"base$0$0","visitor":{"Program":{"enter":[null],"exit":[null]},"_exploded":true,"_verified":true},"options":{"avoidModernSyntax":false,"enforceStrictMode":false,"dynamicImport":true,"generateLetDeclarations":true}},{"key":"transform-runtime","visitor":{"CallExpression":{"enter":[null]},"BinaryExpression":{"enter":[null]},"MemberExpression":{"enter":[null],"exit":[null]},"_exploded":true,"_verified":true,"Identifier":{"enter":[null]},"JSXIdentifier":{"enter":[null]}},"options":{"version":"7.12.5","helpers":true,"useESModules":false,"corejs":false}},{"key":"syntax-object-rest-spread","visitor":{"_exploded":true,"_verified":true},"options":{}},{"key":"proposal-object-rest-spread","visitor":{"_exploded":{},"_verified":{},"VariableDeclarator":{"enter":[null]},"ExportNamedDeclaration":{"enter":[null]},"CatchClause":{"enter":[null]},"AssignmentExpression":{"enter":[null]},"ArrayPattern":{"enter":[null]},"ObjectExpression":{"enter":[null]},"FunctionDeclaration":{"enter":[null]},"FunctionExpression":{"enter":[null]},"ObjectMethod":{"enter":[null]},"ArrowFunctionExpression":{"enter":[null]},"ClassMethod":{"enter":[null]},"ClassPrivateMethod":{"enter":[null]},"ForInStatement":{"enter":[null]},"ForOfStatement":{"enter":[null]}},"options":{}},{"key":"transform-meteor-async-await","visitor":{"AwaitExpression":{"enter":[null]},"_exploded":true,"_verified":true,"FunctionDeclaration":{"exit":[null]},"FunctionExpression":{"exit":[null]},"ObjectMethod":{"exit":[null]},"ArrowFunctionExpression":{"exit":[null]},"ClassMethod":{"exit":[null]},"ClassPrivateMethod":{"exit":[null]}},"options":{"useNativeAsyncAwait":false}},{"key":"proposal-async-generator-functions","visitor":{"_exploded":{},"_verified":{},"Program":{"enter":[null]}},"options":{}},{"key":"proposal-class-properties","visitor":{"PrivateName":{"enter":[null]},"ExportDefaultDeclaration":{"enter":[null]},"_exploded":true,"_verified":true,"ClassExpression":{"enter":[null]},"ClassDeclaration":{"enter":[null]}},"options":{"loose":true}},{"key":"transform-react-jsx","visitor":{"_exploded":{},"_verified":{},"JSXNamespacedName":{"enter":[null]},"JSXSpreadChild":{"enter":[null]},"Program":{"enter":[null]},"JSXElement":{"exit":[null]},"JSXFragment":{"exit":[null]},"JSXAttribute":{"enter":[null]}},"options":{"pragma":"React.createElement","pragmaFrag":"React.Fragment","runtime":"classic","throwIfNamespace":true,"useBuiltIns":false}},{"key":"transform-react-display-name","visitor":{"ExportDefaultDeclaration":{"enter":[null]},"CallExpression":{"enter":[null]},"_exploded":true,"_verified":true},"options":{}},{"key":"transform-react-pure-annotations","visitor":{"CallExpression":{"enter":[null]},"_exploded":true,"_verified":true},"options":{}},{"key":"syntax-nullish-coalescing-operator","visitor":{"_exploded":true,"_verified":true},"options":{}},{"key":"proposal-nullish-coalescing-operator","visitor":{"_exploded":{},"_verified":{},"LogicalExpression":{"enter":[null]}},"options":{}},{"key":"syntax-optional-chaining","visitor":{"_exploded":true,"_verified":true},"options":{}},{"key":"proposal-optional-chaining","visitor":{"_exploded":{},"_verified":{},"OptionalCallExpression":{"enter":[null]},"OptionalMemberExpression":{"enter":[null]}},"options":{}},{"key":"syntax-optional-catch-binding","visitor":{"_exploded":true,"_verified":true},"options":{}},{"key":"proposal-optional-catch-binding","visitor":{"_exploded":{},"_verified":{},"CatchClause":{"enter":[null]}},"options":{}},{"key":"syntax-class-properties","visitor":{"_exploded":true,"_verified":true},"options":{}},{"key":"proposal-class-properties","visitor":{"PrivateName":{"enter":[null]},"ExportDefaultDeclaration":{"enter":[null]},"_exploded":true,"_verified":true,"ClassExpression":{"enter":[null]},"ClassDeclaration":{"enter":[null]}},"options":{}},{"key":"syntax-async-generators","visitor":{"_exploded":true,"_verified":true},"options":{}},{"key":"proposal-async-generator-functions","visitor":{"_exploded":{},"_verified":{},"Program":{"enter":[null]}},"options":{}},{"key":"syntax-object-rest-spread","visitor":{"_exploded":true,"_verified":true},"options":{}},{"key":"proposal-object-rest-spread","visitor":{"_exploded":{},"_verified":{},"VariableDeclarator":{"enter":[null]},"ExportNamedDeclaration":{"enter":[null]},"CatchClause":{"enter":[null]},"AssignmentExpression":{"enter":[null]},"ArrayPattern":{"enter":[null]},"ObjectExpression":{"enter":[null]},"FunctionDeclaration":{"enter":[null]},"FunctionExpression":{"enter":[null]},"ObjectMethod":{"enter":[null]},"ArrowFunctionExpression":{"enter":[null]},"ClassMethod":{"enter":[null]},"ClassPrivateMethod":{"enter":[null]},"ForInStatement":{"enter":[null]},"ForOfStatement":{"enter":[null]}},"options":{}},{"key":"transform-literals","visitor":{"NumericLiteral":{"enter":[null]},"StringLiteral":{"enter":[null]},"_exploded":true,"_verified":true},"options":{}},{"key":"transform-template-literals","visitor":{"TaggedTemplateExpression":{"enter":[null]},"TemplateLiteral":{"enter":[null]},"_exploded":true,"_verified":true},"options":{}},{"key":"transform-parameters","visitor":{"_exploded":true,"_verified":true,"FunctionDeclaration":{"enter":[null]},"FunctionExpression":{"enter":[null]},"ObjectMethod":{"enter":[null]},"ArrowFunctionExpression":{"enter":[null]},"ClassMethod":{"enter":[null]},"ClassPrivateMethod":{"enter":[null]}},"options":{}},{"key":"transform-exponentiation-operator","visitor":{"AssignmentExpression":{"enter":[null]},"BinaryExpression":{"enter":[null]},"_exploded":true,"_verified":true},"options":{}}],"presets":[],"generatorOpts":{"filename":"/Users/stefpop/Desktop/repos/withBrandon/crossling_reference/experiments/from-scratch/packages/empirica:core/lib/componentChecker.js","comments":true,"compact":false,"sourceMaps":true,"sourceFileName":"packages/empirica:core/lib/componentChecker.js"}},"code":"!function (module1) {\n  let React;\n  module1.link(\"react\", {\n    default(v) {\n      React = v;\n    }\n\n  }, 0);\n\n  function isClassComponent(component) {\n    return typeof component === \"function\" && !!component.prototype.isReactComponent ? true : false;\n  }\n\n  function isFunctionComponent(component) {\n    return typeof component === \"function\" && String(component).includes(\"return React.createElement\") ? true : false;\n  }\n\n  function isReactComponent(component) {\n    return isClassComponent(component) || isFunctionComponent(component) ? true : false;\n  }\n\n  function isElement(element) {\n    return /*#__PURE__*/React.isValidElement(element);\n  }\n\n  function isDOMTypeElement(element) {\n    return isElement(element) && typeof element.type === \"string\";\n  }\n\n  function isCompositeTypeElement(element) {\n    return isElement(element) && typeof element.type === \"function\";\n  }\n\n  module.exports = {\n    isClassComponent,\n    isFunctionComponent,\n    isReactComponent,\n    isElement,\n    isDOMTypeElement,\n    isCompositeTypeElement\n  };\n}.call(this, module);","map":{"version":3,"sources":["packages/empirica:core/lib/componentChecker.js"],"names":["React","module1","link","default","v","isClassComponent","component","prototype","isReactComponent","isFunctionComponent","String","includes","isElement","element","isValidElement","isDOMTypeElement","type","isCompositeTypeElement","module","exports"],"mappings":";AAAA,MAAIA,KAAJ;AAAUC,EAAAA,OAAO,CAACC,IAAR,CAAa,OAAb,EAAqB;AAACC,IAAAA,OAAO,CAACC,CAAD,EAAG;AAACJ,MAAAA,KAAK,GAACI,CAAN;AAAQ;;AAApB,GAArB,EAA2C,CAA3C;;AAEV,WAASC,gBAAT,CAA0BC,SAA1B,EAAqC;AACnC,WAAO,OAAOA,SAAP,KAAqB,UAArB,IACL,CAAC,CAACA,SAAS,CAACC,SAAV,CAAoBC,gBADjB,GAEH,IAFG,GAGH,KAHJ;AAID;;AAED,WAASC,mBAAT,CAA6BH,SAA7B,EAAwC;AACtC,WAAO,OAAOA,SAAP,KAAqB,UAArB,IACLI,MAAM,CAACJ,SAAD,CAAN,CAAkBK,QAAlB,CAA2B,4BAA3B,CADK,GAEH,IAFG,GAGH,KAHJ;AAID;;AAED,WAASH,gBAAT,CAA0BF,SAA1B,EAAqC;AACnC,WAAOD,gBAAgB,CAACC,SAAD,CAAhB,IAA+BG,mBAAmB,CAACH,SAAD,CAAlD,GACH,IADG,GAEH,KAFJ;AAGD;;AAED,WAASM,SAAT,CAAmBC,OAAnB,EAA4B;AAC1B,wBAAOb,KAAK,CAACc,cAAN,CAAqBD,OAArB,CAAP;AACD;;AAED,WAASE,gBAAT,CAA0BF,OAA1B,EAAmC;AACjC,WAAOD,SAAS,CAACC,OAAD,CAAT,IAAsB,OAAOA,OAAO,CAACG,IAAf,KAAwB,QAArD;AACD;;AAED,WAASC,sBAAT,CAAgCJ,OAAhC,EAAyC;AACvC,WAAOD,SAAS,CAACC,OAAD,CAAT,IAAsB,OAAOA,OAAO,CAACG,IAAf,KAAwB,UAArD;AACD;;AAEDE,EAAAA,MAAM,CAACC,OAAP,GAAiB;AACfd,IAAAA,gBADe;AAEfI,IAAAA,mBAFe;AAGfD,IAAAA,gBAHe;AAIfI,IAAAA,SAJe;AAKfG,IAAAA,gBALe;AAMfE,IAAAA;AANe,GAAjB","sourcesContent":["import React from \"react\";\n\nfunction isClassComponent(component) {\n  return typeof component === \"function\" &&\n    !!component.prototype.isReactComponent\n    ? true\n    : false;\n}\n\nfunction isFunctionComponent(component) {\n  return typeof component === \"function\" &&\n    String(component).includes(\"return React.createElement\")\n    ? true\n    : false;\n}\n\nfunction isReactComponent(component) {\n  return isClassComponent(component) || isFunctionComponent(component)\n    ? true\n    : false;\n}\n\nfunction isElement(element) {\n  return React.isValidElement(element);\n}\n\nfunction isDOMTypeElement(element) {\n  return isElement(element) && typeof element.type === \"string\";\n}\n\nfunction isCompositeTypeElement(element) {\n  return isElement(element) && typeof element.type === \"function\";\n}\n\nmodule.exports = {\n  isClassComponent,\n  isFunctionComponent,\n  isReactComponent,\n  isElement,\n  isDOMTypeElement,\n  isCompositeTypeElement\n};\n"]},"sourceType":"module","hash":"3a644d84a90ea0e21077392d48e57ef7e09a7791"}
