{"metadata":{},"options":{"compact":false,"sourceMaps":true,"ast":true,"babelrc":false,"configFile":false,"parserOpts":{"sourceType":"module","sourceFileName":"/Users/stefpop/Desktop/repos/withBrandon/crossling_reference/experiments/from-scratch/server/degenEtal2020/itemIDsToName.js","plugins":["*","flow","jsx","asyncGenerators","bigInt","classPrivateMethods","classPrivateProperties","classProperties","doExpressions","dynamicImport","exportDefaultFrom","exportExtensions","exportNamespaceFrom","functionBind","functionSent","importMeta","nullishCoalescingOperator","numericSeparator","objectRestSpread","optionalCatchBinding","optionalChaining",["pipelineOperator",{"proposal":"minimal"}],"throwExpressions","objectRestSpread","objectRestSpread","asyncGenerators","classProperties","classPrivateProperties","jsx","nullishCoalescingOperator","nullishCoalescingOperator","optionalChaining","optionalChaining","optionalCatchBinding","optionalCatchBinding","classProperties","classPrivateProperties","classPrivateMethods","classProperties","classPrivateProperties","asyncGenerators","asyncGenerators","objectRestSpread","objectRestSpread"],"allowImportExportEverywhere":true,"allowReturnOutsideFunction":true,"allowUndeclaredExports":true,"strictMode":false},"caller":{"name":"meteor","arch":"os.osx.x86_64"},"sourceFileName":"server/degenEtal2020/itemIDsToName.js","filename":"/Users/stefpop/Desktop/repos/withBrandon/crossling_reference/experiments/from-scratch/server/degenEtal2020/itemIDsToName.js","cloneInputAst":true,"passPerPreset":false,"envName":"development","cwd":"/Users/stefpop/Desktop/repos/withBrandon/crossling_reference/experiments/from-scratch","root":"/Users/stefpop/Desktop/repos/withBrandon/crossling_reference/experiments/from-scratch","plugins":[{"key":"base$0","visitor":{"_exploded":true,"_verified":true},"options":{}},{"key":"base$0$0","visitor":{"Program":{"enter":[null],"exit":[null]},"_exploded":true,"_verified":true},"options":{"avoidModernSyntax":false,"enforceStrictMode":false,"dynamicImport":true,"generateLetDeclarations":true}},{"key":"transform-runtime","visitor":{"CallExpression":{"enter":[null]},"BinaryExpression":{"enter":[null]},"MemberExpression":{"enter":[null],"exit":[null]},"_exploded":true,"_verified":true,"Identifier":{"enter":[null]},"JSXIdentifier":{"enter":[null]}},"options":{"version":"7.12.5","helpers":true,"useESModules":false,"corejs":false}},{"key":"syntax-object-rest-spread","visitor":{"_exploded":true,"_verified":true},"options":{}},{"key":"proposal-object-rest-spread","visitor":{"_exploded":{},"_verified":{},"VariableDeclarator":{"enter":[null]},"ExportNamedDeclaration":{"enter":[null]},"CatchClause":{"enter":[null]},"AssignmentExpression":{"enter":[null]},"ArrayPattern":{"enter":[null]},"ObjectExpression":{"enter":[null]},"FunctionDeclaration":{"enter":[null]},"FunctionExpression":{"enter":[null]},"ObjectMethod":{"enter":[null]},"ArrowFunctionExpression":{"enter":[null]},"ClassMethod":{"enter":[null]},"ClassPrivateMethod":{"enter":[null]},"ForInStatement":{"enter":[null]},"ForOfStatement":{"enter":[null]}},"options":{}},{"key":"transform-meteor-async-await","visitor":{"AwaitExpression":{"enter":[null]},"_exploded":true,"_verified":true,"FunctionDeclaration":{"exit":[null]},"FunctionExpression":{"exit":[null]},"ObjectMethod":{"exit":[null]},"ArrowFunctionExpression":{"exit":[null]},"ClassMethod":{"exit":[null]},"ClassPrivateMethod":{"exit":[null]}},"options":{"useNativeAsyncAwait":false}},{"key":"proposal-async-generator-functions","visitor":{"_exploded":{},"_verified":{},"Program":{"enter":[null]}},"options":{}},{"key":"proposal-class-properties","visitor":{"PrivateName":{"enter":[null]},"ExportDefaultDeclaration":{"enter":[null]},"_exploded":true,"_verified":true,"ClassExpression":{"enter":[null]},"ClassDeclaration":{"enter":[null]}},"options":{"loose":true}},{"key":"transform-react-jsx","visitor":{"_exploded":{},"_verified":{},"JSXNamespacedName":{"enter":[null]},"JSXSpreadChild":{"enter":[null]},"Program":{"enter":[null]},"JSXElement":{"exit":[null]},"JSXFragment":{"exit":[null]},"JSXAttribute":{"enter":[null]}},"options":{"pragma":"React.createElement","pragmaFrag":"React.Fragment","runtime":"classic","throwIfNamespace":true,"useBuiltIns":false}},{"key":"transform-react-display-name","visitor":{"ExportDefaultDeclaration":{"enter":[null]},"CallExpression":{"enter":[null]},"_exploded":true,"_verified":true},"options":{}},{"key":"transform-react-pure-annotations","visitor":{"CallExpression":{"enter":[null]},"_exploded":true,"_verified":true},"options":{}},{"key":"syntax-nullish-coalescing-operator","visitor":{"_exploded":true,"_verified":true},"options":{}},{"key":"proposal-nullish-coalescing-operator","visitor":{"_exploded":{},"_verified":{},"LogicalExpression":{"enter":[null]}},"options":{}},{"key":"syntax-optional-chaining","visitor":{"_exploded":true,"_verified":true},"options":{}},{"key":"proposal-optional-chaining","visitor":{"_exploded":{},"_verified":{},"OptionalCallExpression":{"enter":[null]},"OptionalMemberExpression":{"enter":[null]}},"options":{}},{"key":"syntax-optional-catch-binding","visitor":{"_exploded":true,"_verified":true},"options":{}},{"key":"proposal-optional-catch-binding","visitor":{"_exploded":{},"_verified":{},"CatchClause":{"enter":[null]}},"options":{}},{"key":"syntax-class-properties","visitor":{"_exploded":true,"_verified":true},"options":{}},{"key":"proposal-class-properties","visitor":{"PrivateName":{"enter":[null]},"ExportDefaultDeclaration":{"enter":[null]},"_exploded":true,"_verified":true,"ClassExpression":{"enter":[null]},"ClassDeclaration":{"enter":[null]}},"options":{}},{"key":"syntax-async-generators","visitor":{"_exploded":true,"_verified":true},"options":{}},{"key":"proposal-async-generator-functions","visitor":{"_exploded":{},"_verified":{},"Program":{"enter":[null]}},"options":{}},{"key":"syntax-object-rest-spread","visitor":{"_exploded":true,"_verified":true},"options":{}},{"key":"proposal-object-rest-spread","visitor":{"_exploded":{},"_verified":{},"VariableDeclarator":{"enter":[null]},"ExportNamedDeclaration":{"enter":[null]},"CatchClause":{"enter":[null]},"AssignmentExpression":{"enter":[null]},"ArrayPattern":{"enter":[null]},"ObjectExpression":{"enter":[null]},"FunctionDeclaration":{"enter":[null]},"FunctionExpression":{"enter":[null]},"ObjectMethod":{"enter":[null]},"ArrowFunctionExpression":{"enter":[null]},"ClassMethod":{"enter":[null]},"ClassPrivateMethod":{"enter":[null]},"ForInStatement":{"enter":[null]},"ForOfStatement":{"enter":[null]}},"options":{}},{"key":"transform-literals","visitor":{"NumericLiteral":{"enter":[null]},"StringLiteral":{"enter":[null]},"_exploded":true,"_verified":true},"options":{}},{"key":"transform-template-literals","visitor":{"TaggedTemplateExpression":{"enter":[null]},"TemplateLiteral":{"enter":[null]},"_exploded":true,"_verified":true},"options":{}},{"key":"transform-parameters","visitor":{"_exploded":true,"_verified":true,"FunctionDeclaration":{"enter":[null]},"FunctionExpression":{"enter":[null]},"ObjectMethod":{"enter":[null]},"ArrowFunctionExpression":{"enter":[null]},"ClassMethod":{"enter":[null]},"ClassPrivateMethod":{"enter":[null]}},"options":{}},{"key":"transform-exponentiation-operator","visitor":{"AssignmentExpression":{"enter":[null]},"BinaryExpression":{"enter":[null]},"_exploded":true,"_verified":true},"options":{}}],"presets":[],"generatorOpts":{"filename":"/Users/stefpop/Desktop/repos/withBrandon/crossling_reference/experiments/from-scratch/server/degenEtal2020/itemIDsToName.js","comments":true,"compact":false,"sourceMaps":true,"sourceFileName":"server/degenEtal2020/itemIDsToName.js"}},"code":"module.export({\n  colorSizeIDsToName: () => colorSizeIDsToName,\n  subSuperIDsToName: () => subSuperIDsToName,\n  subSuperNonCriticalItems: () => subSuperNonCriticalItems,\n  superdomainsToIndex: () => superdomainsToIndex\n});\nconst colorSizeIDsToName = {\n  'colorSizeStimulus_0_0_0': 'small_yellow_bellpepper',\n  'colorSizeStimulus_0_1_0': 'big_yellow_bellpepper',\n  'colorSizeStimulus_0_0_1': 'small_red_bellpepper',\n  'colorSizeStimulus_0_1_1': 'big_red_bellpepper',\n  'colorSizeStimulus_1_0_0': 'small_pink_balloon',\n  'colorSizeStimulus_1_1_0': 'big_pink_balloon',\n  'colorSizeStimulus_1_0_1': 'small_yellow_balloon',\n  'colorSizeStimulus_1_1_1': 'big_yellow_balloon',\n  'colorSizeStimulus_2_0_0': 'small_blue_cap',\n  'colorSizeStimulus_2_1_0': 'big_blue_cap',\n  'colorSizeStimulus_2_0_1': 'small_orange_cap',\n  'colorSizeStimulus_2_1_1': 'big_orange_cap',\n  'colorSizeStimulus_3_0_0': 'small_black_belt',\n  'colorSizeStimulus_3_1_0': 'big_black_belt',\n  'colorSizeStimulus_3_0_1': 'small_brown_belt',\n  'colorSizeStimulus_3_1_1': 'big_brown_belt',\n  'colorSizeStimulus_4_0_0': 'small_purple_bike',\n  'colorSizeStimulus_4_1_0': 'big_purple_bike',\n  'colorSizeStimulus_4_0_1': 'small_red_bike',\n  'colorSizeStimulus_4_1_1': 'big_red_bike',\n  'colorSizeStimulus_5_0_0': 'small_orange_billiardball',\n  'colorSizeStimulus_5_1_0': 'big_orange_billiardball',\n  'colorSizeStimulus_5_0_1': 'small_purple_billiardball',\n  'colorSizeStimulus_5_1_1': 'big_purple_billiardball',\n  'colorSizeStimulus_6_0_0': 'small_blue_binder',\n  'colorSizeStimulus_6_1_0': 'big_blue_binder',\n  'colorSizeStimulus_6_0_1': 'small_green_binder',\n  'colorSizeStimulus_6_1_1': 'big_green_binder',\n  'colorSizeStimulus_7_0_0': 'small_black_book',\n  'colorSizeStimulus_7_1_0': 'big_black_book',\n  'colorSizeStimulus_7_0_1': 'small_blue_book',\n  'colorSizeStimulus_7_1_1': 'big_blue_book',\n  'colorSizeStimulus_8_0_0': 'small_green_bracelet',\n  'colorSizeStimulus_8_1_0': 'big_green_bracelet',\n  'colorSizeStimulus_8_0_1': 'small_purple_bracelet',\n  'colorSizeStimulus_8_1_1': 'big_purple_bracelet',\n  'colorSizeStimulus_9_0_0': 'small_pink_bucket',\n  'colorSizeStimulus_9_1_0': 'big_pink_bucket',\n  'colorSizeStimulus_9_0_1': 'small_red_bucket',\n  'colorSizeStimulus_9_1_1': 'big_red_bucket',\n  'colorSizeStimulus_10_0_0': 'small_blue_butterfly',\n  'colorSizeStimulus_10_1_0': 'big_blue_butterfly',\n  'colorSizeStimulus_10_0_1': 'small_purple_butterfly',\n  'colorSizeStimulus_10_1_1': 'big_purple_butterfly',\n  'colorSizeStimulus_11_0_0': 'small_blue_candle',\n  'colorSizeStimulus_11_1_0': 'big_blue_candle',\n  'colorSizeStimulus_11_0_1': 'small_red_candle',\n  'colorSizeStimulus_11_1_1': 'big_red_candle',\n  'colorSizeStimulus_12_0_0': 'small_green_chair',\n  'colorSizeStimulus_12_1_0': 'big_green_chair',\n  'colorSizeStimulus_12_0_1': 'small_red_chair',\n  'colorSizeStimulus_12_1_1': 'big_red_chair',\n  'colorSizeStimulus_13_0_0': 'small_orange_coathanger',\n  'colorSizeStimulus_13_1_0': 'big_orange_coathanger',\n  'colorSizeStimulus_13_0_1': 'small_purple_coathanger',\n  'colorSizeStimulus_13_1_1': 'big_purple_coathanger',\n  'colorSizeStimulus_14_0_0': 'small_black_comb',\n  'colorSizeStimulus_14_1_0': 'big_black_comb',\n  'colorSizeStimulus_14_0_1': 'small_blue_comb',\n  'colorSizeStimulus_14_1_1': 'big_blue_comb',\n  'colorSizeStimulus_15_0_0': 'small_blue_cushion',\n  'colorSizeStimulus_15_1_0': 'big_blue_cushion',\n  'colorSizeStimulus_15_0_1': 'small_orange_cushion',\n  'colorSizeStimulus_15_1_1': 'big_orange_cushion',\n  'colorSizeStimulus_16_0_0': 'small_blue_guitar',\n  'colorSizeStimulus_16_1_0': 'big_blue_guitar',\n  'colorSizeStimulus_16_0_1': 'small_green_guitar',\n  'colorSizeStimulus_16_1_1': 'big_green_guitar',\n  'colorSizeStimulus_17_0_0': 'small_purple_flower',\n  'colorSizeStimulus_17_1_0': 'big_purple_flower',\n  'colorSizeStimulus_17_0_1': 'small_red_flower',\n  'colorSizeStimulus_17_1_1': 'big_red_flower',\n  'colorSizeStimulus_18_0_0': 'small_green_framee',\n  'colorSizeStimulus_18_1_0': 'big_green_framee',\n  'colorSizeStimulus_18_0_1': 'small_pink_framee',\n  'colorSizeStimulus_18_1_1': 'big_pink_framee',\n  'colorSizeStimulus_19_0_0': 'small_white_pingpongball',\n  'colorSizeStimulus_19_1_0': 'big_white_pingpongball',\n  'colorSizeStimulus_19_0_1': 'small_orange_pingpongball',\n  'colorSizeStimulus_19_1_1': 'big_orange_pingpongball',\n  'colorSizeStimulus_20_0_0': 'small_pink_hairdryer',\n  'colorSizeStimulus_20_1_0': 'big_pink_hairdryer',\n  'colorSizeStimulus_20_0_1': 'small_purple_hairdryer',\n  'colorSizeStimulus_20_1_1': 'big_purple_hairdryer',\n  'colorSizeStimulus_21_0_0': 'small_brown_jacket',\n  'colorSizeStimulus_21_1_0': 'big_brown_jacket',\n  'colorSizeStimulus_21_0_1': 'small_green_jacket',\n  'colorSizeStimulus_21_1_1': 'big_green_jacket',\n  'colorSizeStimulus_22_0_0': 'small_orange_napkin',\n  'colorSizeStimulus_22_1_0': 'big_orange_napkin',\n  'colorSizeStimulus_22_0_1': 'small_yellow_napkin',\n  'colorSizeStimulus_22_1_1': 'big_yellow_napkin',\n  'colorSizeStimulus_23_0_0': 'small_blue_scarf',\n  'colorSizeStimulus_23_1_0': 'big_blue_scarf',\n  'colorSizeStimulus_23_0_1': 'small_red_scarf',\n  'colorSizeStimulus_23_1_1': 'big_red_scarf',\n  'colorSizeStimulus_24_0_0': 'small_green_pepper',\n  'colorSizeStimulus_24_1_0': 'big_green_pepper',\n  'colorSizeStimulus_24_0_1': 'small_red_pepper',\n  'colorSizeStimulus_24_1_1': 'big_red_pepper',\n  'colorSizeStimulus_25_0_0': 'small_pink_phone',\n  'colorSizeStimulus_25_1_0': 'big_pink_phone',\n  'colorSizeStimulus_25_0_1': 'small_white_phone',\n  'colorSizeStimulus_25_1_1': 'big_white_phone',\n  'colorSizeStimulus_26_0_0': 'small_grey_rock',\n  'colorSizeStimulus_26_1_0': 'big_grey_rock',\n  'colorSizeStimulus_26_0_1': 'small_tan_rock',\n  'colorSizeStimulus_26_1_1': 'big_tan_rock',\n  'colorSizeStimulus_27_0_0': 'small_blue_rug',\n  'colorSizeStimulus_27_1_0': 'big_blue_rug',\n  'colorSizeStimulus_27_0_1': 'small_purple_rug',\n  'colorSizeStimulus_27_1_1': 'big_purple_rug',\n  'colorSizeStimulus_28_0_0': 'small_white_shoe',\n  'colorSizeStimulus_28_1_0': 'big_white_shoe',\n  'colorSizeStimulus_28_0_1': 'small_yellow_shoe',\n  'colorSizeStimulus_28_1_1': 'big_yellow_shoe',\n  'colorSizeStimulus_29_0_0': 'small_purple_stapler',\n  'colorSizeStimulus_29_1_0': 'big_purple_stapler',\n  'colorSizeStimulus_29_0_1': 'small_red_stapler',\n  'colorSizeStimulus_29_1_1': 'big_red_stapler',\n  'colorSizeStimulus_30_0_0': 'small_blue_tack',\n  'colorSizeStimulus_30_1_0': 'big_blue_tack',\n  'colorSizeStimulus_30_0_1': 'small_red_tack',\n  'colorSizeStimulus_30_1_1': 'big_red_tack',\n  'colorSizeStimulus_31_0_0': 'small_pink_teacup',\n  'colorSizeStimulus_31_1_0': 'big_pink_teacup',\n  'colorSizeStimulus_31_0_1': 'small_white_teacup',\n  'colorSizeStimulus_31_1_1': 'big_white_teacup',\n  'colorSizeStimulus_32_0_0': 'small_blue_toothbrush',\n  'colorSizeStimulus_32_1_0': 'big_blue_toothbrush',\n  'colorSizeStimulus_32_0_1': 'small_red_toothbrush',\n  'colorSizeStimulus_32_1_1': 'big_red_toothbrush',\n  'colorSizeStimulus_33_0_0': 'small_black_turtle',\n  'colorSizeStimulus_33_1_0': 'big_black_turtle',\n  'colorSizeStimulus_33_0_1': 'small_brown_turtle',\n  'colorSizeStimulus_33_1_1': 'big_brown_turtle',\n  'colorSizeStimulus_34_0_0': 'small_pink_weddingcake',\n  'colorSizeStimulus_34_1_0': 'big_pink_weddingcake',\n  'colorSizeStimulus_34_0_1': 'small_white_weddingcake',\n  'colorSizeStimulus_34_1_1': 'big_white_weddingcake',\n  'colorSizeStimulus_35_0_0': 'small_purple_yarn',\n  'colorSizeStimulus_35_1_0': 'big_purple_yarn',\n  'colorSizeStimulus_35_0_1': 'small_red_yarn',\n  'colorSizeStimulus_35_1_1': 'big_red_yarn'\n};\nconst subSuperIDsToName = {\n  'subSuperStimulus_0_0_0': 'pug',\n  'subSuperStimulus_0_1_0': 'husky',\n  'subSuperStimulus_0_2_0': 'dalmatian',\n  'subSuperStimulus_0_3_0': 'germanShepherd',\n  'subSuperStimulus_1_0_1': 'rose',\n  'subSuperStimulus_1_1_1': 'daisy',\n  'subSuperStimulus_1_2_1': 'sunflower',\n  'subSuperStimulus_1_3_1': 'tulip',\n  'subSuperStimulus_2_0_0': 'grizzlyBear',\n  'subSuperStimulus_2_1_0': 'blackBear',\n  'subSuperStimulus_2_2_0': 'pandaBear',\n  'subSuperStimulus_2_3_0': 'polarBear',\n  'subSuperStimulus_3_0_2': 'convertible',\n  'subSuperStimulus_3_1_2': 'suv',\n  'subSuperStimulus_3_2_2': 'minivan',\n  'subSuperStimulus_3_3_2': 'sportsCar',\n  'subSuperStimulus_4_0_3': 'gummyBears',\n  'subSuperStimulus_4_1_3': 'skittles',\n  'subSuperStimulus_4_2_3': 'jellyBeans',\n  'subSuperStimulus_4_3_3': 'mnMs',\n  'subSuperStimulus_5_0_4': 'poloShirt',\n  'subSuperStimulus_5_1_4': 'dressShirt',\n  'subSuperStimulus_5_2_4': 'hawaiiShirt',\n  'subSuperStimulus_5_3_4': 'tShirt',\n  'subSuperStimulus_6_0_0': 'eagle',\n  'subSuperStimulus_6_1_0': 'hummingBird',\n  'subSuperStimulus_6_2_0': 'parrot',\n  'subSuperStimulus_6_3_0': 'pigeon',\n  'subSuperStimulus_7_0_0': 'clownFish',\n  'subSuperStimulus_7_1_0': 'swordFish',\n  'subSuperStimulus_7_2_0': 'goldFish',\n  'subSuperStimulus_7_3_0': 'catfish',\n  'subSuperStimulus_8_0_5': 'picnicTable',\n  'subSuperStimulus_8_1_5': 'coffeeTable',\n  'subSuperStimulus_8_2_5': 'diningTable',\n  'subSuperStimulus_8_3_5': 'bedsideTable'\n};\nconst subSuperNonCriticalItems = ['ambulance.jpg', 'bathrobe.jpg', 'bed.jpg', 'bison.jpg', 'blackStimulus.jpg', 'bookcase.jpg', 'campShirt.jpg', 'candyCorn.jpg', 'chips.jpg', 'cookies.jpg', 'cow.jpg', 'crocodile.jpg', 'discusFish.jpg', 'dress.jpg', 'elephant.jpg', 'firetruck.jpg', 'gloves.jpg', 'grasses.jpg', 'greyhound.jpg', 'hamster.jpg', 'horse.jpg', 'iguana.jpg', 'ivy.jpg', 'kitten.jpg', 'koalaBear.jpg', 'lamp.jpg', 'lily.jpg', 'lion.jpg', 'lobster.jpg', 'motorcycle.jpg', 'objectSet.js', 'pig.jpg', 'popcorn.jpg', 'pottedPlant.jpg', 'pretzels.jpg', 'rabbit.jpg', 'rhino.jpg', 'rosemary.jpg', 'sedan.jpg', 'sheep.jpg', 'sideTable.jpg', 'snake.jpg', 'socks.jpg', 'sparrow.jpg', 'squirrel.jpg', 'train.jpg', 'wardrobe.jpg'];\nconst superdomainsToIndex = {\n  0: 'animal',\n  1: 'plant',\n  2: 'vehicle',\n  3: 'snack',\n  4: 'clothing',\n  5: 'furniture'\n};","map":{"version":3,"sources":["server/degenEtal2020/itemIDsToName.js"],"names":["module","export","colorSizeIDsToName","subSuperIDsToName","subSuperNonCriticalItems","superdomainsToIndex"],"mappings":"AAAAA,MAAM,CAACC,MAAP,CAAc;AAACC,EAAAA,kBAAkB,EAAC,MAAIA,kBAAxB;AAA2CC,EAAAA,iBAAiB,EAAC,MAAIA,iBAAjE;AAAmFC,EAAAA,wBAAwB,EAAC,MAAIA,wBAAhH;AAAyIC,EAAAA,mBAAmB,EAAC,MAAIA;AAAjK,CAAd;AACO,MAAMH,kBAAkB,GAAG;AAC9B,6BAA2B,yBADG;AAE9B,6BAA2B,uBAFG;AAG9B,6BAA2B,sBAHG;AAI9B,6BAA2B,oBAJG;AAK9B,6BAA2B,oBALG;AAM9B,6BAA2B,kBANG;AAO9B,6BAA2B,sBAPG;AAQ9B,6BAA2B,oBARG;AAS9B,6BAA2B,gBATG;AAU9B,6BAA2B,cAVG;AAW9B,6BAA2B,kBAXG;AAY9B,6BAA2B,gBAZG;AAa9B,6BAA2B,kBAbG;AAc9B,6BAA2B,gBAdG;AAe9B,6BAA2B,kBAfG;AAgB9B,6BAA2B,gBAhBG;AAiB9B,6BAA2B,mBAjBG;AAkB9B,6BAA2B,iBAlBG;AAmB9B,6BAA2B,gBAnBG;AAoB9B,6BAA2B,cApBG;AAqB9B,6BAA2B,2BArBG;AAsB9B,6BAA2B,yBAtBG;AAuB9B,6BAA2B,2BAvBG;AAwB9B,6BAA2B,yBAxBG;AAyB9B,6BAA2B,mBAzBG;AA0B9B,6BAA2B,iBA1BG;AA2B9B,6BAA2B,oBA3BG;AA4B9B,6BAA2B,kBA5BG;AA6B9B,6BAA2B,kBA7BG;AA8B9B,6BAA2B,gBA9BG;AA+B9B,6BAA2B,iBA/BG;AAgC9B,6BAA2B,eAhCG;AAiC9B,6BAA2B,sBAjCG;AAkC9B,6BAA2B,oBAlCG;AAmC9B,6BAA2B,uBAnCG;AAoC9B,6BAA2B,qBApCG;AAqC9B,6BAA2B,mBArCG;AAsC9B,6BAA2B,iBAtCG;AAuC9B,6BAA2B,kBAvCG;AAwC9B,6BAA2B,gBAxCG;AAyC9B,8BAA4B,sBAzCE;AA0C9B,8BAA4B,oBA1CE;AA2C9B,8BAA4B,wBA3CE;AA4C9B,8BAA4B,sBA5CE;AA6C9B,8BAA4B,mBA7CE;AA8C9B,8BAA4B,iBA9CE;AA+C9B,8BAA4B,kBA/CE;AAgD9B,8BAA4B,gBAhDE;AAiD9B,8BAA4B,mBAjDE;AAkD9B,8BAA4B,iBAlDE;AAmD9B,8BAA4B,iBAnDE;AAoD9B,8BAA4B,eApDE;AAqD9B,8BAA4B,yBArDE;AAsD9B,8BAA4B,uBAtDE;AAuD9B,8BAA4B,yBAvDE;AAwD9B,8BAA4B,uBAxDE;AAyD9B,8BAA4B,kBAzDE;AA0D9B,8BAA4B,gBA1DE;AA2D9B,8BAA4B,iBA3DE;AA4D9B,8BAA4B,eA5DE;AA6D9B,8BAA4B,oBA7DE;AA8D9B,8BAA4B,kBA9DE;AA+D9B,8BAA4B,sBA/DE;AAgE9B,8BAA4B,oBAhEE;AAiE9B,8BAA4B,mBAjEE;AAkE9B,8BAA4B,iBAlEE;AAmE9B,8BAA4B,oBAnEE;AAoE9B,8BAA4B,kBApEE;AAqE9B,8BAA4B,qBArEE;AAsE9B,8BAA4B,mBAtEE;AAuE9B,8BAA4B,kBAvEE;AAwE9B,8BAA4B,gBAxEE;AAyE9B,8BAA4B,oBAzEE;AA0E9B,8BAA4B,kBA1EE;AA2E9B,8BAA4B,mBA3EE;AA4E9B,8BAA4B,iBA5EE;AA6E9B,8BAA4B,0BA7EE;AA8E9B,8BAA4B,wBA9EE;AA+E9B,8BAA4B,2BA/EE;AAgF9B,8BAA4B,yBAhFE;AAiF9B,8BAA4B,sBAjFE;AAkF9B,8BAA4B,oBAlFE;AAmF9B,8BAA4B,wBAnFE;AAoF9B,8BAA4B,sBApFE;AAqF9B,8BAA4B,oBArFE;AAsF9B,8BAA4B,kBAtFE;AAuF9B,8BAA4B,oBAvFE;AAwF9B,8BAA4B,kBAxFE;AAyF9B,8BAA4B,qBAzFE;AA0F9B,8BAA4B,mBA1FE;AA2F9B,8BAA4B,qBA3FE;AA4F9B,8BAA4B,mBA5FE;AA6F9B,8BAA4B,kBA7FE;AA8F9B,8BAA4B,gBA9FE;AA+F9B,8BAA4B,iBA/FE;AAgG9B,8BAA4B,eAhGE;AAiG9B,8BAA4B,oBAjGE;AAkG9B,8BAA4B,kBAlGE;AAmG9B,8BAA4B,kBAnGE;AAoG9B,8BAA4B,gBApGE;AAqG9B,8BAA4B,kBArGE;AAsG9B,8BAA4B,gBAtGE;AAuG9B,8BAA4B,mBAvGE;AAwG9B,8BAA4B,iBAxGE;AAyG9B,8BAA4B,iBAzGE;AA0G9B,8BAA4B,eA1GE;AA2G9B,8BAA4B,gBA3GE;AA4G9B,8BAA4B,cA5GE;AA6G9B,8BAA4B,gBA7GE;AA8G9B,8BAA4B,cA9GE;AA+G9B,8BAA4B,kBA/GE;AAgH9B,8BAA4B,gBAhHE;AAiH9B,8BAA4B,kBAjHE;AAkH9B,8BAA4B,gBAlHE;AAmH9B,8BAA4B,mBAnHE;AAoH9B,8BAA4B,iBApHE;AAqH9B,8BAA4B,sBArHE;AAsH9B,8BAA4B,oBAtHE;AAuH9B,8BAA4B,mBAvHE;AAwH9B,8BAA4B,iBAxHE;AAyH9B,8BAA4B,iBAzHE;AA0H9B,8BAA4B,eA1HE;AA2H9B,8BAA4B,gBA3HE;AA4H9B,8BAA4B,cA5HE;AA6H9B,8BAA4B,mBA7HE;AA8H9B,8BAA4B,iBA9HE;AA+H9B,8BAA4B,oBA/HE;AAgI9B,8BAA4B,kBAhIE;AAiI9B,8BAA4B,uBAjIE;AAkI9B,8BAA4B,qBAlIE;AAmI9B,8BAA4B,sBAnIE;AAoI9B,8BAA4B,oBApIE;AAqI9B,8BAA4B,oBArIE;AAsI9B,8BAA4B,kBAtIE;AAuI9B,8BAA4B,oBAvIE;AAwI9B,8BAA4B,kBAxIE;AAyI9B,8BAA4B,wBAzIE;AA0I9B,8BAA4B,sBA1IE;AA2I9B,8BAA4B,yBA3IE;AA4I9B,8BAA4B,uBA5IE;AA6I9B,8BAA4B,mBA7IE;AA8I9B,8BAA4B,iBA9IE;AA+I9B,8BAA4B,gBA/IE;AAgJ9B,8BAA4B;AAhJE,CAA3B;AAoJA,MAAMC,iBAAiB,GAAG;AAC7B,4BAA0B,KADG;AAE7B,4BAA0B,OAFG;AAG7B,4BAA0B,WAHG;AAI7B,4BAA0B,gBAJG;AAK7B,4BAA0B,MALG;AAM7B,4BAA0B,OANG;AAO7B,4BAA0B,WAPG;AAQ7B,4BAA0B,OARG;AAS7B,4BAA0B,aATG;AAU7B,4BAA0B,WAVG;AAW7B,4BAA0B,WAXG;AAY7B,4BAA0B,WAZG;AAa7B,4BAA0B,aAbG;AAc7B,4BAA0B,KAdG;AAe7B,4BAA0B,SAfG;AAgB7B,4BAA0B,WAhBG;AAiB7B,4BAA0B,YAjBG;AAkB7B,4BAA0B,UAlBG;AAmB7B,4BAA0B,YAnBG;AAoB7B,4BAA0B,MApBG;AAqB7B,4BAA0B,WArBG;AAsB7B,4BAA0B,YAtBG;AAuB7B,4BAA0B,aAvBG;AAwB7B,4BAA0B,QAxBG;AAyB7B,4BAA0B,OAzBG;AA0B7B,4BAA0B,aA1BG;AA2B7B,4BAA0B,QA3BG;AA4B7B,4BAA0B,QA5BG;AA6B7B,4BAA0B,WA7BG;AA8B7B,4BAA0B,WA9BG;AA+B7B,4BAA0B,UA/BG;AAgC7B,4BAA0B,SAhCG;AAiC7B,4BAA0B,aAjCG;AAkC7B,4BAA0B,aAlCG;AAmC7B,4BAA0B,aAnCG;AAoC7B,4BAA0B;AApCG,CAA1B;AAuCA,MAAMC,wBAAwB,GAAG,CACpC,eADoC,EAEpC,cAFoC,EAGpC,SAHoC,EAIpC,WAJoC,EAKpC,mBALoC,EAMpC,cANoC,EAOpC,eAPoC,EAQpC,eARoC,EASpC,WAToC,EAUpC,aAVoC,EAWpC,SAXoC,EAYpC,eAZoC,EAapC,gBAboC,EAcpC,WAdoC,EAepC,cAfoC,EAgBpC,eAhBoC,EAiBpC,YAjBoC,EAkBpC,aAlBoC,EAmBpC,eAnBoC,EAoBpC,aApBoC,EAqBpC,WArBoC,EAsBpC,YAtBoC,EAuBpC,SAvBoC,EAwBpC,YAxBoC,EAyBpC,eAzBoC,EA0BpC,UA1BoC,EA2BpC,UA3BoC,EA4BpC,UA5BoC,EA6BpC,aA7BoC,EA8BpC,gBA9BoC,EA+BpC,cA/BoC,EAgCpC,SAhCoC,EAiCpC,aAjCoC,EAkCpC,iBAlCoC,EAmCpC,cAnCoC,EAoCpC,YApCoC,EAqCpC,WArCoC,EAsCpC,cAtCoC,EAuCpC,WAvCoC,EAwCpC,WAxCoC,EAyCpC,eAzCoC,EA0CpC,WA1CoC,EA2CpC,WA3CoC,EA4CpC,aA5CoC,EA6CpC,cA7CoC,EA8CpC,WA9CoC,EA+CpC,cA/CoC,CAAjC;AAkDA,MAAMC,mBAAmB,GAAG;AAC/B,KAAG,QAD4B;AAE/B,KAAG,OAF4B;AAG/B,KAAG,SAH4B;AAI/B,KAAG,OAJ4B;AAK/B,KAAG,UAL4B;AAM/B,KAAG;AAN4B,CAA5B","sourcesContent":["// format: colorSizeSimulus_<item number>_<size>_<color>\nexport const colorSizeIDsToName = {\n    'colorSizeStimulus_0_0_0': 'small_yellow_bellpepper',\n    'colorSizeStimulus_0_1_0': 'big_yellow_bellpepper',\n    'colorSizeStimulus_0_0_1': 'small_red_bellpepper',\n    'colorSizeStimulus_0_1_1': 'big_red_bellpepper',\n    'colorSizeStimulus_1_0_0': 'small_pink_balloon',\n    'colorSizeStimulus_1_1_0': 'big_pink_balloon',\n    'colorSizeStimulus_1_0_1': 'small_yellow_balloon',\n    'colorSizeStimulus_1_1_1': 'big_yellow_balloon',\n    'colorSizeStimulus_2_0_0': 'small_blue_cap',\n    'colorSizeStimulus_2_1_0': 'big_blue_cap',\n    'colorSizeStimulus_2_0_1': 'small_orange_cap',\n    'colorSizeStimulus_2_1_1': 'big_orange_cap',\n    'colorSizeStimulus_3_0_0': 'small_black_belt',\n    'colorSizeStimulus_3_1_0': 'big_black_belt',\n    'colorSizeStimulus_3_0_1': 'small_brown_belt',\n    'colorSizeStimulus_3_1_1': 'big_brown_belt',\n    'colorSizeStimulus_4_0_0': 'small_purple_bike',\n    'colorSizeStimulus_4_1_0': 'big_purple_bike',\n    'colorSizeStimulus_4_0_1': 'small_red_bike',\n    'colorSizeStimulus_4_1_1': 'big_red_bike',\n    'colorSizeStimulus_5_0_0': 'small_orange_billiardball',\n    'colorSizeStimulus_5_1_0': 'big_orange_billiardball',\n    'colorSizeStimulus_5_0_1': 'small_purple_billiardball',\n    'colorSizeStimulus_5_1_1': 'big_purple_billiardball',\n    'colorSizeStimulus_6_0_0': 'small_blue_binder',\n    'colorSizeStimulus_6_1_0': 'big_blue_binder',\n    'colorSizeStimulus_6_0_1': 'small_green_binder',\n    'colorSizeStimulus_6_1_1': 'big_green_binder',\n    'colorSizeStimulus_7_0_0': 'small_black_book',\n    'colorSizeStimulus_7_1_0': 'big_black_book',\n    'colorSizeStimulus_7_0_1': 'small_blue_book',\n    'colorSizeStimulus_7_1_1': 'big_blue_book',\n    'colorSizeStimulus_8_0_0': 'small_green_bracelet',\n    'colorSizeStimulus_8_1_0': 'big_green_bracelet',\n    'colorSizeStimulus_8_0_1': 'small_purple_bracelet',\n    'colorSizeStimulus_8_1_1': 'big_purple_bracelet',\n    'colorSizeStimulus_9_0_0': 'small_pink_bucket',\n    'colorSizeStimulus_9_1_0': 'big_pink_bucket',\n    'colorSizeStimulus_9_0_1': 'small_red_bucket',\n    'colorSizeStimulus_9_1_1': 'big_red_bucket',\n    'colorSizeStimulus_10_0_0': 'small_blue_butterfly',\n    'colorSizeStimulus_10_1_0': 'big_blue_butterfly',\n    'colorSizeStimulus_10_0_1': 'small_purple_butterfly',\n    'colorSizeStimulus_10_1_1': 'big_purple_butterfly',\n    'colorSizeStimulus_11_0_0': 'small_blue_candle',\n    'colorSizeStimulus_11_1_0': 'big_blue_candle',\n    'colorSizeStimulus_11_0_1': 'small_red_candle',\n    'colorSizeStimulus_11_1_1': 'big_red_candle',\n    'colorSizeStimulus_12_0_0': 'small_green_chair',\n    'colorSizeStimulus_12_1_0': 'big_green_chair',\n    'colorSizeStimulus_12_0_1': 'small_red_chair',\n    'colorSizeStimulus_12_1_1': 'big_red_chair',\n    'colorSizeStimulus_13_0_0': 'small_orange_coathanger',\n    'colorSizeStimulus_13_1_0': 'big_orange_coathanger',\n    'colorSizeStimulus_13_0_1': 'small_purple_coathanger',\n    'colorSizeStimulus_13_1_1': 'big_purple_coathanger',\n    'colorSizeStimulus_14_0_0': 'small_black_comb',\n    'colorSizeStimulus_14_1_0': 'big_black_comb',\n    'colorSizeStimulus_14_0_1': 'small_blue_comb',\n    'colorSizeStimulus_14_1_1': 'big_blue_comb',\n    'colorSizeStimulus_15_0_0': 'small_blue_cushion',\n    'colorSizeStimulus_15_1_0': 'big_blue_cushion',\n    'colorSizeStimulus_15_0_1': 'small_orange_cushion',\n    'colorSizeStimulus_15_1_1': 'big_orange_cushion',\n    'colorSizeStimulus_16_0_0': 'small_blue_guitar',\n    'colorSizeStimulus_16_1_0': 'big_blue_guitar',\n    'colorSizeStimulus_16_0_1': 'small_green_guitar',\n    'colorSizeStimulus_16_1_1': 'big_green_guitar',\n    'colorSizeStimulus_17_0_0': 'small_purple_flower',\n    'colorSizeStimulus_17_1_0': 'big_purple_flower',\n    'colorSizeStimulus_17_0_1': 'small_red_flower',\n    'colorSizeStimulus_17_1_1': 'big_red_flower',\n    'colorSizeStimulus_18_0_0': 'small_green_framee',\n    'colorSizeStimulus_18_1_0': 'big_green_framee',\n    'colorSizeStimulus_18_0_1': 'small_pink_framee',\n    'colorSizeStimulus_18_1_1': 'big_pink_framee',\n    'colorSizeStimulus_19_0_0': 'small_white_pingpongball',\n    'colorSizeStimulus_19_1_0': 'big_white_pingpongball',\n    'colorSizeStimulus_19_0_1': 'small_orange_pingpongball',\n    'colorSizeStimulus_19_1_1': 'big_orange_pingpongball',\n    'colorSizeStimulus_20_0_0': 'small_pink_hairdryer',\n    'colorSizeStimulus_20_1_0': 'big_pink_hairdryer',\n    'colorSizeStimulus_20_0_1': 'small_purple_hairdryer',\n    'colorSizeStimulus_20_1_1': 'big_purple_hairdryer',\n    'colorSizeStimulus_21_0_0': 'small_brown_jacket',\n    'colorSizeStimulus_21_1_0': 'big_brown_jacket',\n    'colorSizeStimulus_21_0_1': 'small_green_jacket',\n    'colorSizeStimulus_21_1_1': 'big_green_jacket',\n    'colorSizeStimulus_22_0_0': 'small_orange_napkin',\n    'colorSizeStimulus_22_1_0': 'big_orange_napkin',\n    'colorSizeStimulus_22_0_1': 'small_yellow_napkin',\n    'colorSizeStimulus_22_1_1': 'big_yellow_napkin',\n    'colorSizeStimulus_23_0_0': 'small_blue_scarf',\n    'colorSizeStimulus_23_1_0': 'big_blue_scarf',\n    'colorSizeStimulus_23_0_1': 'small_red_scarf',\n    'colorSizeStimulus_23_1_1': 'big_red_scarf',\n    'colorSizeStimulus_24_0_0': 'small_green_pepper',\n    'colorSizeStimulus_24_1_0': 'big_green_pepper',\n    'colorSizeStimulus_24_0_1': 'small_red_pepper',\n    'colorSizeStimulus_24_1_1': 'big_red_pepper',\n    'colorSizeStimulus_25_0_0': 'small_pink_phone',\n    'colorSizeStimulus_25_1_0': 'big_pink_phone',\n    'colorSizeStimulus_25_0_1': 'small_white_phone',\n    'colorSizeStimulus_25_1_1': 'big_white_phone',\n    'colorSizeStimulus_26_0_0': 'small_grey_rock',\n    'colorSizeStimulus_26_1_0': 'big_grey_rock',\n    'colorSizeStimulus_26_0_1': 'small_tan_rock',\n    'colorSizeStimulus_26_1_1': 'big_tan_rock',\n    'colorSizeStimulus_27_0_0': 'small_blue_rug',\n    'colorSizeStimulus_27_1_0': 'big_blue_rug',\n    'colorSizeStimulus_27_0_1': 'small_purple_rug',\n    'colorSizeStimulus_27_1_1': 'big_purple_rug',\n    'colorSizeStimulus_28_0_0': 'small_white_shoe',\n    'colorSizeStimulus_28_1_0': 'big_white_shoe',\n    'colorSizeStimulus_28_0_1': 'small_yellow_shoe',\n    'colorSizeStimulus_28_1_1': 'big_yellow_shoe',\n    'colorSizeStimulus_29_0_0': 'small_purple_stapler',\n    'colorSizeStimulus_29_1_0': 'big_purple_stapler',\n    'colorSizeStimulus_29_0_1': 'small_red_stapler',\n    'colorSizeStimulus_29_1_1': 'big_red_stapler',\n    'colorSizeStimulus_30_0_0': 'small_blue_tack',\n    'colorSizeStimulus_30_1_0': 'big_blue_tack',\n    'colorSizeStimulus_30_0_1': 'small_red_tack',\n    'colorSizeStimulus_30_1_1': 'big_red_tack',\n    'colorSizeStimulus_31_0_0': 'small_pink_teacup',\n    'colorSizeStimulus_31_1_0': 'big_pink_teacup',\n    'colorSizeStimulus_31_0_1': 'small_white_teacup',\n    'colorSizeStimulus_31_1_1': 'big_white_teacup',\n    'colorSizeStimulus_32_0_0': 'small_blue_toothbrush',\n    'colorSizeStimulus_32_1_0': 'big_blue_toothbrush',\n    'colorSizeStimulus_32_0_1': 'small_red_toothbrush',\n    'colorSizeStimulus_32_1_1': 'big_red_toothbrush',\n    'colorSizeStimulus_33_0_0': 'small_black_turtle',\n    'colorSizeStimulus_33_1_0': 'big_black_turtle',\n    'colorSizeStimulus_33_0_1': 'small_brown_turtle',\n    'colorSizeStimulus_33_1_1': 'big_brown_turtle',\n    'colorSizeStimulus_34_0_0': 'small_pink_weddingcake',\n    'colorSizeStimulus_34_1_0': 'big_pink_weddingcake',\n    'colorSizeStimulus_34_0_1': 'small_white_weddingcake',\n    'colorSizeStimulus_34_1_1': 'big_white_weddingcake',\n    'colorSizeStimulus_35_0_0': 'small_purple_yarn',\n    'colorSizeStimulus_35_1_0': 'big_purple_yarn',\n    'colorSizeStimulus_35_0_1': 'small_red_yarn',\n    'colorSizeStimulus_35_1_1': 'big_red_yarn'\n}\n\n// format: subSuperStimulus_<basic level>_<subordinate>_<superordinate>\nexport const subSuperIDsToName = {\n    'subSuperStimulus_0_0_0': 'pug',\n    'subSuperStimulus_0_1_0': 'husky',\n    'subSuperStimulus_0_2_0': 'dalmatian',\n    'subSuperStimulus_0_3_0': 'germanShepherd',\n    'subSuperStimulus_1_0_1': 'rose',\n    'subSuperStimulus_1_1_1': 'daisy',\n    'subSuperStimulus_1_2_1': 'sunflower',\n    'subSuperStimulus_1_3_1': 'tulip',\n    'subSuperStimulus_2_0_0': 'grizzlyBear',\n    'subSuperStimulus_2_1_0': 'blackBear',\n    'subSuperStimulus_2_2_0': 'pandaBear',\n    'subSuperStimulus_2_3_0': 'polarBear',\n    'subSuperStimulus_3_0_2': 'convertible',\n    'subSuperStimulus_3_1_2': 'suv',\n    'subSuperStimulus_3_2_2': 'minivan',\n    'subSuperStimulus_3_3_2': 'sportsCar',\n    'subSuperStimulus_4_0_3': 'gummyBears',\n    'subSuperStimulus_4_1_3': 'skittles',\n    'subSuperStimulus_4_2_3': 'jellyBeans',\n    'subSuperStimulus_4_3_3': 'mnMs',\n    'subSuperStimulus_5_0_4': 'poloShirt',\n    'subSuperStimulus_5_1_4': 'dressShirt',\n    'subSuperStimulus_5_2_4': 'hawaiiShirt',\n    'subSuperStimulus_5_3_4': 'tShirt',\n    'subSuperStimulus_6_0_0': 'eagle',\n    'subSuperStimulus_6_1_0': 'hummingBird',\n    'subSuperStimulus_6_2_0': 'parrot',\n    'subSuperStimulus_6_3_0': 'pigeon',\n    'subSuperStimulus_7_0_0': 'clownFish',\n    'subSuperStimulus_7_1_0': 'swordFish',\n    'subSuperStimulus_7_2_0': 'goldFish',\n    'subSuperStimulus_7_3_0': 'catfish',\n    'subSuperStimulus_8_0_5': 'picnicTable',\n    'subSuperStimulus_8_1_5': 'coffeeTable',\n    'subSuperStimulus_8_2_5': 'diningTable',\n    'subSuperStimulus_8_3_5': 'bedsideTable'\n}\n\nexport const subSuperNonCriticalItems = [\n    'ambulance.jpg',\n    'bathrobe.jpg',\n    'bed.jpg',\n    'bison.jpg',\n    'blackStimulus.jpg',\n    'bookcase.jpg',\n    'campShirt.jpg',\n    'candyCorn.jpg',\n    'chips.jpg',\n    'cookies.jpg',\n    'cow.jpg',\n    'crocodile.jpg',\n    'discusFish.jpg',\n    'dress.jpg',\n    'elephant.jpg',\n    'firetruck.jpg',\n    'gloves.jpg',\n    'grasses.jpg',\n    'greyhound.jpg',\n    'hamster.jpg',\n    'horse.jpg',\n    'iguana.jpg',\n    'ivy.jpg',\n    'kitten.jpg',\n    'koalaBear.jpg',\n    'lamp.jpg',\n    'lily.jpg',\n    'lion.jpg',\n    'lobster.jpg',\n    'motorcycle.jpg',\n    'objectSet.js',\n    'pig.jpg',\n    'popcorn.jpg',\n    'pottedPlant.jpg',\n    'pretzels.jpg',\n    'rabbit.jpg',\n    'rhino.jpg',\n    'rosemary.jpg',\n    'sedan.jpg',\n    'sheep.jpg',\n    'sideTable.jpg',\n    'snake.jpg',\n    'socks.jpg',\n    'sparrow.jpg',\n    'squirrel.jpg',\n    'train.jpg',\n    'wardrobe.jpg'\n]\n\nexport const superdomainsToIndex = {\n    0: 'animal',\n    1: 'plant',\n    2: 'vehicle',\n    3: 'snack',\n    4: 'clothing',\n    5: 'furniture'\n}\n"]},"sourceType":"module","hash":"419ae22b018a6ec18b741b03bcd798936dd303c1"}
