{"metadata":{},"options":{"compact":false,"sourceMaps":true,"ast":true,"babelrc":false,"configFile":false,"parserOpts":{"sourceType":"module","sourceFileName":"/Users/stefpop/Desktop/repos/withBrandon/crossling_reference/experiments/from-scratch/packages/empirica:core/api/player-logs/player-logs.js","plugins":["*","flow","jsx","asyncGenerators","bigInt","classPrivateMethods","classPrivateProperties","classProperties","doExpressions","dynamicImport","exportDefaultFrom","exportExtensions","exportNamespaceFrom","functionBind","functionSent","importMeta","nullishCoalescingOperator","numericSeparator","objectRestSpread","optionalCatchBinding","optionalChaining",["pipelineOperator",{"proposal":"minimal"}],"throwExpressions","classProperties","classPrivateProperties","jsx","nullishCoalescingOperator","nullishCoalescingOperator","optionalChaining","optionalChaining","optionalCatchBinding","optionalCatchBinding","classProperties","classPrivateProperties","classPrivateMethods","classProperties","classPrivateProperties","asyncGenerators","asyncGenerators","objectRestSpread","objectRestSpread"],"allowImportExportEverywhere":true,"allowReturnOutsideFunction":true,"allowUndeclaredExports":true,"strictMode":false},"caller":{"name":"meteor","arch":"web.browser.legacy"},"sourceFileName":"packages/empirica:core/api/player-logs/player-logs.js","filename":"/Users/stefpop/Desktop/repos/withBrandon/crossling_reference/experiments/from-scratch/packages/empirica:core/api/player-logs/player-logs.js","cloneInputAst":true,"passPerPreset":false,"envName":"development","cwd":"/Users/stefpop/Desktop/repos/withBrandon/crossling_reference/experiments/from-scratch","root":"/Users/stefpop/Desktop/repos/withBrandon/crossling_reference/experiments/from-scratch","plugins":[{"key":"base$0","visitor":{"_exploded":true,"_verified":true},"options":{}},{"key":"base$0$0","visitor":{"Program":{"enter":[null],"exit":[null]},"_exploded":true,"_verified":true},"options":{"avoidModernSyntax":true,"enforceStrictMode":false,"dynamicImport":true}},{"key":"transform-runtime","visitor":{"CallExpression":{"enter":[null]},"BinaryExpression":{"enter":[null]},"MemberExpression":{"enter":[null],"exit":[null]},"_exploded":true,"_verified":true,"Identifier":{"enter":[null]},"JSXIdentifier":{"enter":[null]}},"options":{"version":"7.12.5","helpers":true,"useESModules":false,"corejs":false}},{"key":"proposal-class-properties","visitor":{"PrivateName":{"enter":[null]},"ExportDefaultDeclaration":{"enter":[null]},"_exploded":true,"_verified":true,"ClassExpression":{"enter":[null]},"ClassDeclaration":{"enter":[null]}},"options":{"loose":true}},{"key":"base$0$3","visitor":{"FunctionExpression":{"exit":[null]},"_exploded":true,"_verified":true},"options":{}},{"key":"base$0$4","visitor":{"ForInStatement":{"enter":[null]},"_exploded":true,"_verified":true},"options":{}},{"key":"transform-react-jsx","visitor":{"_exploded":{},"_verified":{},"JSXNamespacedName":{"enter":[null]},"JSXSpreadChild":{"enter":[null]},"Program":{"enter":[null]},"JSXElement":{"exit":[null]},"JSXFragment":{"exit":[null]},"JSXAttribute":{"enter":[null]}},"options":{"pragma":"React.createElement","pragmaFrag":"React.Fragment","runtime":"classic","throwIfNamespace":true,"useBuiltIns":false}},{"key":"transform-react-display-name","visitor":{"ExportDefaultDeclaration":{"enter":[null]},"CallExpression":{"enter":[null]},"_exploded":true,"_verified":true},"options":{}},{"key":"transform-react-pure-annotations","visitor":{"CallExpression":{"enter":[null]},"_exploded":true,"_verified":true},"options":{}},{"key":"syntax-nullish-coalescing-operator","visitor":{"_exploded":true,"_verified":true},"options":{}},{"key":"proposal-nullish-coalescing-operator","visitor":{"_exploded":{},"_verified":{},"LogicalExpression":{"enter":[null]}},"options":{}},{"key":"syntax-optional-chaining","visitor":{"_exploded":true,"_verified":true},"options":{}},{"key":"proposal-optional-chaining","visitor":{"_exploded":{},"_verified":{},"OptionalCallExpression":{"enter":[null]},"OptionalMemberExpression":{"enter":[null]}},"options":{}},{"key":"syntax-optional-catch-binding","visitor":{"_exploded":true,"_verified":true},"options":{}},{"key":"proposal-optional-catch-binding","visitor":{"_exploded":{},"_verified":{},"CatchClause":{"enter":[null]}},"options":{}},{"key":"syntax-class-properties","visitor":{"_exploded":true,"_verified":true},"options":{}},{"key":"proposal-class-properties","visitor":{"PrivateName":{"enter":[null]},"ExportDefaultDeclaration":{"enter":[null]},"_exploded":true,"_verified":true,"ClassExpression":{"enter":[null]},"ClassDeclaration":{"enter":[null]}},"options":{}},{"key":"syntax-async-generators","visitor":{"_exploded":true,"_verified":true},"options":{}},{"key":"proposal-async-generator-functions","visitor":{"_exploded":{},"_verified":{},"Program":{"enter":[null]}},"options":{}},{"key":"syntax-object-rest-spread","visitor":{"_exploded":true,"_verified":true},"options":{}},{"key":"proposal-object-rest-spread","visitor":{"_exploded":{},"_verified":{},"VariableDeclarator":{"enter":[null]},"ExportNamedDeclaration":{"enter":[null]},"CatchClause":{"enter":[null]},"AssignmentExpression":{"enter":[null]},"ArrayPattern":{"enter":[null]},"ObjectExpression":{"enter":[null]},"FunctionDeclaration":{"enter":[null]},"FunctionExpression":{"enter":[null]},"ObjectMethod":{"enter":[null]},"ArrowFunctionExpression":{"enter":[null]},"ClassMethod":{"enter":[null]},"ClassPrivateMethod":{"enter":[null]},"ForInStatement":{"enter":[null]},"ForOfStatement":{"enter":[null]}},"options":{}},{"key":"transform-arrow-functions","visitor":{"ArrowFunctionExpression":{"enter":[null]},"_exploded":true,"_verified":true},"options":{}},{"key":"transform-block-scoped-functions","visitor":{"BlockStatement":{"enter":[null]},"SwitchCase":{"enter":[null]},"_exploded":true,"_verified":true},"options":{}},{"key":"transform-block-scoping","visitor":{"VariableDeclaration":{"enter":[null]},"CatchClause":{"enter":[null]},"_exploded":true,"BlockStatement":{"enter":[null]},"SwitchStatement":{"enter":[null]},"Program":{"enter":[null]},"_verified":true,"DoWhileStatement":{"enter":[null]},"ForInStatement":{"enter":[null]},"ForStatement":{"enter":[null]},"WhileStatement":{"enter":[null]},"ForOfStatement":{"enter":[null]}},"options":{}},{"key":"transform-classes","visitor":{"ExportDefaultDeclaration":{"enter":[null]},"ClassDeclaration":{"enter":[null]},"ClassExpression":{"enter":[null]},"_exploded":true,"_verified":true},"options":{"loose":true}},{"key":"transform-computed-properties","visitor":{"ObjectExpression":{"exit":[null]},"_exploded":true,"_verified":true},"options":{"loose":true}},{"key":"transform-destructuring","visitor":{"ExportNamedDeclaration":{"enter":[null]},"CatchClause":{"enter":[null]},"AssignmentExpression":{"enter":[null]},"VariableDeclaration":{"enter":[null]},"_exploded":true,"_verified":true,"ForInStatement":{"enter":[null]},"ForOfStatement":{"enter":[null]}},"options":{}},{"key":"transform-for-of","visitor":{"ForOfStatement":{"enter":[null]},"_exploded":true,"_verified":true},"options":{"loose":true}},{"key":"transform-literals","visitor":{"NumericLiteral":{"enter":[null]},"StringLiteral":{"enter":[null]},"_exploded":true,"_verified":true},"options":{}},{"key":"transform-object-super","visitor":{"ObjectExpression":{"enter":[null]},"_exploded":true,"_verified":true},"options":{}},{"key":"transform-parameters","visitor":{"_exploded":true,"_verified":true,"FunctionDeclaration":{"enter":[null]},"FunctionExpression":{"enter":[null]},"ObjectMethod":{"enter":[null]},"ArrowFunctionExpression":{"enter":[null]},"ClassMethod":{"enter":[null]},"ClassPrivateMethod":{"enter":[null]}},"options":{}},{"key":"transform-shorthand-properties","visitor":{"ObjectMethod":{"enter":[null]},"ObjectProperty":{"enter":[null]},"_exploded":true,"_verified":true},"options":{}},{"key":"transform-spread","visitor":{"ArrayExpression":{"enter":[null]},"CallExpression":{"enter":[null]},"NewExpression":{"enter":[null]},"_exploded":true,"_verified":true},"options":{}},{"key":"transform-sticky-regex","visitor":{"RegExpLiteral":{"enter":[null]},"_exploded":true,"_verified":true},"options":{}},{"key":"transform-template-literals","visitor":{"TaggedTemplateExpression":{"enter":[null]},"TemplateLiteral":{"enter":[null]},"_exploded":true,"_verified":true},"options":{"loose":true}},{"key":"transform-typeof-symbol","visitor":{"UnaryExpression":{"enter":[null]},"_exploded":true,"_verified":true,"BlockStatement":{"enter":[null]},"CatchClause":{"enter":[null]},"DoWhileStatement":{"enter":[null]},"ForInStatement":{"enter":[null]},"ForStatement":{"enter":[null]},"FunctionDeclaration":{"enter":[null]},"FunctionExpression":{"enter":[null]},"Program":{"enter":[null]},"ObjectMethod":{"enter":[null]},"SwitchStatement":{"enter":[null]},"WhileStatement":{"enter":[null]},"ArrowFunctionExpression":{"enter":[null]},"ClassExpression":{"enter":[null]},"ClassDeclaration":{"enter":[null]},"ForOfStatement":{"enter":[null]},"ClassMethod":{"enter":[null]},"ClassPrivateMethod":{"enter":[null]},"StaticBlock":{"enter":[null]},"TSModuleBlock":{"enter":[null]},"AssignmentPattern":{"enter":[null]},"ArrayPattern":{"enter":[null]},"ObjectPattern":{"enter":[null]}},"options":{}},{"key":"transform-unicode-regex","visitor":{"RegExpLiteral":{"enter":[null]},"_exploded":true,"_verified":true},"options":{}},{"key":"transform-property-literals","visitor":{"ObjectProperty":{"exit":[null]},"_exploded":true,"_verified":true},"options":{}},{"key":"transform-exponentiation-operator","visitor":{"AssignmentExpression":{"enter":[null]},"BinaryExpression":{"enter":[null]},"_exploded":true,"_verified":true},"options":{}},{"key":"regenerator-transform","visitor":{"_exploded":true,"_verified":true,"ObjectMethod":{"enter":[null],"exit":[null]},"ClassMethod":{"enter":[null],"exit":[null]},"ClassPrivateMethod":{"enter":[null],"exit":[null]},"FunctionDeclaration":{"exit":[null]},"FunctionExpression":{"exit":[null]},"ArrowFunctionExpression":{"exit":[null]}},"options":{}}],"presets":[],"generatorOpts":{"filename":"/Users/stefpop/Desktop/repos/withBrandon/crossling_reference/experiments/from-scratch/packages/empirica:core/api/player-logs/player-logs.js","comments":true,"compact":false,"sourceMaps":true,"sourceFileName":"packages/empirica:core/api/player-logs/player-logs.js"}},"code":"module.export({\n  PlayerLogs: function () {\n    return PlayerLogs;\n  }\n});\nvar SimpleSchema;\nmodule.link(\"simpl-schema\", {\n  \"default\": function (v) {\n    SimpleSchema = v;\n  }\n}, 0);\nvar TimestampSchema, BelongsTo;\nmodule.link(\"../default-schemas\", {\n  TimestampSchema: function (v) {\n    TimestampSchema = v;\n  },\n  BelongsTo: function (v) {\n    BelongsTo = v;\n  }\n}, 1);\nvar PlayerLogs = new Mongo.Collection(\"player_logs\");\nPlayerLogs.schema = new SimpleSchema({\n  stageId: {\n    type: String,\n    regEx: SimpleSchema.RegEx.Id,\n    optional: true\n  },\n  roundId: {\n    type: String,\n    regEx: SimpleSchema.RegEx.Id,\n    optional: true\n  },\n  gameId: {\n    type: String,\n    regEx: SimpleSchema.RegEx.Id,\n    optional: true\n  },\n  name: {\n    type: String,\n    max: 255\n  },\n  jsonData: {\n    type: String\n  }\n});\nPlayerLogs.schema.extend(TimestampSchema);\nPlayerLogs.schema.extend(BelongsTo(\"Players\"));\nPlayerLogs.attachSchema(PlayerLogs.schema);","map":{"version":3,"sources":["packages/empirica:core/api/player-logs/player-logs.js"],"names":["module","export","PlayerLogs","SimpleSchema","link","v","TimestampSchema","BelongsTo","Mongo","Collection","schema","stageId","type","String","regEx","RegEx","Id","optional","roundId","gameId","name","max","jsonData","extend","attachSchema"],"mappings":"AAAAA,MAAM,CAACC,MAAP,CAAc;AAACC,EAAAA,UAAU,EAAC,YAAU;AAAC,WAAOA,UAAP;AAAkB;AAAzC,CAAd;AAA0D,IAAIC,YAAJ;AAAiBH,MAAM,CAACI,IAAP,CAAY,cAAZ,EAA2B;AAAC,aAAQ,UAASC,CAAT,EAAW;AAACF,IAAAA,YAAY,GAACE,CAAb;AAAe;AAApC,CAA3B,EAAiE,CAAjE;AAAoE,IAAIC,eAAJ,EAAoBC,SAApB;AAA8BP,MAAM,CAACI,IAAP,CAAY,oBAAZ,EAAiC;AAACE,EAAAA,eAAe,EAAC,UAASD,CAAT,EAAW;AAACC,IAAAA,eAAe,GAACD,CAAhB;AAAkB,GAA/C;AAAgDE,EAAAA,SAAS,EAAC,UAASF,CAAT,EAAW;AAACE,IAAAA,SAAS,GAACF,CAAV;AAAY;AAAlF,CAAjC,EAAqH,CAArH;AAStK,IAAMH,UAAU,GAAG,IAAIM,KAAK,CAACC,UAAV,CAAqB,aAArB,CAAnB;AAEPP,UAAU,CAACQ,MAAX,GAAoB,IAAIP,YAAJ,CAAiB;AACnCQ,EAAAA,OAAO,EAAE;AACPC,IAAAA,IAAI,EAAEC,MADC;AAEPC,IAAAA,KAAK,EAAEX,YAAY,CAACY,KAAb,CAAmBC,EAFnB;AAGPC,IAAAA,QAAQ,EAAE;AAHH,GAD0B;AAMnCC,EAAAA,OAAO,EAAE;AACPN,IAAAA,IAAI,EAAEC,MADC;AAEPC,IAAAA,KAAK,EAAEX,YAAY,CAACY,KAAb,CAAmBC,EAFnB;AAGPC,IAAAA,QAAQ,EAAE;AAHH,GAN0B;AAWnCE,EAAAA,MAAM,EAAE;AACNP,IAAAA,IAAI,EAAEC,MADA;AAENC,IAAAA,KAAK,EAAEX,YAAY,CAACY,KAAb,CAAmBC,EAFpB;AAGNC,IAAAA,QAAQ,EAAE;AAHJ,GAX2B;AAgBnCG,EAAAA,IAAI,EAAE;AACJR,IAAAA,IAAI,EAAEC,MADF;AAEJQ,IAAAA,GAAG,EAAE;AAFD,GAhB6B;AAoBnCC,EAAAA,QAAQ,EAAE;AACRV,IAAAA,IAAI,EAAEC;AADE;AApByB,CAAjB,CAApB;AAyBAX,UAAU,CAACQ,MAAX,CAAkBa,MAAlB,CAAyBjB,eAAzB;AACAJ,UAAU,CAACQ,MAAX,CAAkBa,MAAlB,CAAyBhB,SAAS,CAAC,SAAD,CAAlC;AACAL,UAAU,CAACsB,YAAX,CAAwBtB,UAAU,CAACQ,MAAnC","sourcesContent":["// PlayerInputs contains small pieces of information associated with a player\n// This can be input forms from intro/outro or intermediate input values while\n// playing the game (e.g. all values while moving a range input, mouse,\n// movements...)\n\nimport SimpleSchema from \"simpl-schema\";\n\nimport { TimestampSchema, BelongsTo } from \"../default-schemas\";\n\nexport const PlayerLogs = new Mongo.Collection(\"player_logs\");\n\nPlayerLogs.schema = new SimpleSchema({\n  stageId: {\n    type: String,\n    regEx: SimpleSchema.RegEx.Id,\n    optional: true\n  },\n  roundId: {\n    type: String,\n    regEx: SimpleSchema.RegEx.Id,\n    optional: true\n  },\n  gameId: {\n    type: String,\n    regEx: SimpleSchema.RegEx.Id,\n    optional: true\n  },\n  name: {\n    type: String,\n    max: 255\n  },\n  jsonData: {\n    type: String\n  }\n});\n\nPlayerLogs.schema.extend(TimestampSchema);\nPlayerLogs.schema.extend(BelongsTo(\"Players\"));\nPlayerLogs.attachSchema(PlayerLogs.schema);\n"]},"sourceType":"module","hash":"485ccbdf66fc32a63c5b76a11005c3a74759fab5"}
