{"metadata":{},"options":{"compact":false,"sourceMaps":true,"ast":true,"babelrc":false,"configFile":false,"parserOpts":{"sourceType":"module","sourceFileName":"/Users/stefpop/Desktop/repos/withBrandon/crossling_reference/experiments/from-scratch/packages/empirica:core/api/stages/stages.js","plugins":["*","flow","jsx","asyncGenerators","bigInt","classPrivateMethods","classPrivateProperties","classProperties","doExpressions","dynamicImport","exportDefaultFrom","exportExtensions","exportNamespaceFrom","functionBind","functionSent","importMeta","nullishCoalescingOperator","numericSeparator","objectRestSpread","optionalCatchBinding","optionalChaining",["pipelineOperator",{"proposal":"minimal"}],"throwExpressions","classProperties","classPrivateProperties","jsx","nullishCoalescingOperator","nullishCoalescingOperator","optionalChaining","optionalChaining","optionalCatchBinding","optionalCatchBinding","classProperties","classPrivateProperties","classPrivateMethods","classProperties","classPrivateProperties","asyncGenerators","asyncGenerators","objectRestSpread","objectRestSpread"],"allowImportExportEverywhere":true,"allowReturnOutsideFunction":true,"allowUndeclaredExports":true,"strictMode":false},"caller":{"name":"meteor","arch":"web.browser.legacy"},"sourceFileName":"packages/empirica:core/api/stages/stages.js","filename":"/Users/stefpop/Desktop/repos/withBrandon/crossling_reference/experiments/from-scratch/packages/empirica:core/api/stages/stages.js","cloneInputAst":true,"passPerPreset":false,"envName":"development","cwd":"/Users/stefpop/Desktop/repos/withBrandon/crossling_reference/experiments/from-scratch","root":"/Users/stefpop/Desktop/repos/withBrandon/crossling_reference/experiments/from-scratch","plugins":[{"key":"base$0","visitor":{"_exploded":true,"_verified":true},"options":{}},{"key":"base$0$0","visitor":{"Program":{"enter":[null],"exit":[null]},"_exploded":true,"_verified":true},"options":{"avoidModernSyntax":true,"enforceStrictMode":false,"dynamicImport":true}},{"key":"transform-runtime","visitor":{"CallExpression":{"enter":[null]},"BinaryExpression":{"enter":[null]},"MemberExpression":{"enter":[null],"exit":[null]},"_exploded":true,"_verified":true,"Identifier":{"enter":[null]},"JSXIdentifier":{"enter":[null]}},"options":{"version":"7.12.5","helpers":true,"useESModules":false,"corejs":false}},{"key":"proposal-class-properties","visitor":{"PrivateName":{"enter":[null]},"ExportDefaultDeclaration":{"enter":[null]},"_exploded":true,"_verified":true,"ClassExpression":{"enter":[null]},"ClassDeclaration":{"enter":[null]}},"options":{"loose":true}},{"key":"base$0$3","visitor":{"FunctionExpression":{"exit":[null]},"_exploded":true,"_verified":true},"options":{}},{"key":"base$0$4","visitor":{"ForInStatement":{"enter":[null]},"_exploded":true,"_verified":true},"options":{}},{"key":"transform-react-jsx","visitor":{"_exploded":{},"_verified":{},"JSXNamespacedName":{"enter":[null]},"JSXSpreadChild":{"enter":[null]},"Program":{"enter":[null]},"JSXElement":{"exit":[null]},"JSXFragment":{"exit":[null]},"JSXAttribute":{"enter":[null]}},"options":{"pragma":"React.createElement","pragmaFrag":"React.Fragment","runtime":"classic","throwIfNamespace":true,"useBuiltIns":false}},{"key":"transform-react-display-name","visitor":{"ExportDefaultDeclaration":{"enter":[null]},"CallExpression":{"enter":[null]},"_exploded":true,"_verified":true},"options":{}},{"key":"transform-react-pure-annotations","visitor":{"CallExpression":{"enter":[null]},"_exploded":true,"_verified":true},"options":{}},{"key":"syntax-nullish-coalescing-operator","visitor":{"_exploded":true,"_verified":true},"options":{}},{"key":"proposal-nullish-coalescing-operator","visitor":{"_exploded":{},"_verified":{},"LogicalExpression":{"enter":[null]}},"options":{}},{"key":"syntax-optional-chaining","visitor":{"_exploded":true,"_verified":true},"options":{}},{"key":"proposal-optional-chaining","visitor":{"_exploded":{},"_verified":{},"OptionalCallExpression":{"enter":[null]},"OptionalMemberExpression":{"enter":[null]}},"options":{}},{"key":"syntax-optional-catch-binding","visitor":{"_exploded":true,"_verified":true},"options":{}},{"key":"proposal-optional-catch-binding","visitor":{"_exploded":{},"_verified":{},"CatchClause":{"enter":[null]}},"options":{}},{"key":"syntax-class-properties","visitor":{"_exploded":true,"_verified":true},"options":{}},{"key":"proposal-class-properties","visitor":{"PrivateName":{"enter":[null]},"ExportDefaultDeclaration":{"enter":[null]},"_exploded":true,"_verified":true,"ClassExpression":{"enter":[null]},"ClassDeclaration":{"enter":[null]}},"options":{}},{"key":"syntax-async-generators","visitor":{"_exploded":true,"_verified":true},"options":{}},{"key":"proposal-async-generator-functions","visitor":{"_exploded":{},"_verified":{},"Program":{"enter":[null]}},"options":{}},{"key":"syntax-object-rest-spread","visitor":{"_exploded":true,"_verified":true},"options":{}},{"key":"proposal-object-rest-spread","visitor":{"_exploded":{},"_verified":{},"VariableDeclarator":{"enter":[null]},"ExportNamedDeclaration":{"enter":[null]},"CatchClause":{"enter":[null]},"AssignmentExpression":{"enter":[null]},"ArrayPattern":{"enter":[null]},"ObjectExpression":{"enter":[null]},"FunctionDeclaration":{"enter":[null]},"FunctionExpression":{"enter":[null]},"ObjectMethod":{"enter":[null]},"ArrowFunctionExpression":{"enter":[null]},"ClassMethod":{"enter":[null]},"ClassPrivateMethod":{"enter":[null]},"ForInStatement":{"enter":[null]},"ForOfStatement":{"enter":[null]}},"options":{}},{"key":"transform-arrow-functions","visitor":{"ArrowFunctionExpression":{"enter":[null]},"_exploded":true,"_verified":true},"options":{}},{"key":"transform-block-scoped-functions","visitor":{"BlockStatement":{"enter":[null]},"SwitchCase":{"enter":[null]},"_exploded":true,"_verified":true},"options":{}},{"key":"transform-block-scoping","visitor":{"VariableDeclaration":{"enter":[null]},"CatchClause":{"enter":[null]},"_exploded":true,"BlockStatement":{"enter":[null]},"SwitchStatement":{"enter":[null]},"Program":{"enter":[null]},"_verified":true,"DoWhileStatement":{"enter":[null]},"ForInStatement":{"enter":[null]},"ForStatement":{"enter":[null]},"WhileStatement":{"enter":[null]},"ForOfStatement":{"enter":[null]}},"options":{}},{"key":"transform-classes","visitor":{"ExportDefaultDeclaration":{"enter":[null]},"ClassDeclaration":{"enter":[null]},"ClassExpression":{"enter":[null]},"_exploded":true,"_verified":true},"options":{"loose":true}},{"key":"transform-computed-properties","visitor":{"ObjectExpression":{"exit":[null]},"_exploded":true,"_verified":true},"options":{"loose":true}},{"key":"transform-destructuring","visitor":{"ExportNamedDeclaration":{"enter":[null]},"CatchClause":{"enter":[null]},"AssignmentExpression":{"enter":[null]},"VariableDeclaration":{"enter":[null]},"_exploded":true,"_verified":true,"ForInStatement":{"enter":[null]},"ForOfStatement":{"enter":[null]}},"options":{}},{"key":"transform-for-of","visitor":{"ForOfStatement":{"enter":[null]},"_exploded":true,"_verified":true},"options":{"loose":true}},{"key":"transform-literals","visitor":{"NumericLiteral":{"enter":[null]},"StringLiteral":{"enter":[null]},"_exploded":true,"_verified":true},"options":{}},{"key":"transform-object-super","visitor":{"ObjectExpression":{"enter":[null]},"_exploded":true,"_verified":true},"options":{}},{"key":"transform-parameters","visitor":{"_exploded":true,"_verified":true,"FunctionDeclaration":{"enter":[null]},"FunctionExpression":{"enter":[null]},"ObjectMethod":{"enter":[null]},"ArrowFunctionExpression":{"enter":[null]},"ClassMethod":{"enter":[null]},"ClassPrivateMethod":{"enter":[null]}},"options":{}},{"key":"transform-shorthand-properties","visitor":{"ObjectMethod":{"enter":[null]},"ObjectProperty":{"enter":[null]},"_exploded":true,"_verified":true},"options":{}},{"key":"transform-spread","visitor":{"ArrayExpression":{"enter":[null]},"CallExpression":{"enter":[null]},"NewExpression":{"enter":[null]},"_exploded":true,"_verified":true},"options":{}},{"key":"transform-sticky-regex","visitor":{"RegExpLiteral":{"enter":[null]},"_exploded":true,"_verified":true},"options":{}},{"key":"transform-template-literals","visitor":{"TaggedTemplateExpression":{"enter":[null]},"TemplateLiteral":{"enter":[null]},"_exploded":true,"_verified":true},"options":{"loose":true}},{"key":"transform-typeof-symbol","visitor":{"UnaryExpression":{"enter":[null]},"_exploded":true,"_verified":true,"BlockStatement":{"enter":[null]},"CatchClause":{"enter":[null]},"DoWhileStatement":{"enter":[null]},"ForInStatement":{"enter":[null]},"ForStatement":{"enter":[null]},"FunctionDeclaration":{"enter":[null]},"FunctionExpression":{"enter":[null]},"Program":{"enter":[null]},"ObjectMethod":{"enter":[null]},"SwitchStatement":{"enter":[null]},"WhileStatement":{"enter":[null]},"ArrowFunctionExpression":{"enter":[null]},"ClassExpression":{"enter":[null]},"ClassDeclaration":{"enter":[null]},"ForOfStatement":{"enter":[null]},"ClassMethod":{"enter":[null]},"ClassPrivateMethod":{"enter":[null]},"StaticBlock":{"enter":[null]},"TSModuleBlock":{"enter":[null]},"AssignmentPattern":{"enter":[null]},"ArrayPattern":{"enter":[null]},"ObjectPattern":{"enter":[null]}},"options":{}},{"key":"transform-unicode-regex","visitor":{"RegExpLiteral":{"enter":[null]},"_exploded":true,"_verified":true},"options":{}},{"key":"transform-property-literals","visitor":{"ObjectProperty":{"exit":[null]},"_exploded":true,"_verified":true},"options":{}},{"key":"transform-exponentiation-operator","visitor":{"AssignmentExpression":{"enter":[null]},"BinaryExpression":{"enter":[null]},"_exploded":true,"_verified":true},"options":{}},{"key":"regenerator-transform","visitor":{"_exploded":true,"_verified":true,"ObjectMethod":{"enter":[null],"exit":[null]},"ClassMethod":{"enter":[null],"exit":[null]},"ClassPrivateMethod":{"enter":[null],"exit":[null]},"FunctionDeclaration":{"exit":[null]},"FunctionExpression":{"exit":[null]},"ArrowFunctionExpression":{"exit":[null]}},"options":{}}],"presets":[],"generatorOpts":{"filename":"/Users/stefpop/Desktop/repos/withBrandon/crossling_reference/experiments/from-scratch/packages/empirica:core/api/stages/stages.js","comments":true,"compact":false,"sourceMaps":true,"sourceFileName":"packages/empirica:core/api/stages/stages.js"}},"code":"module.export({\n  Stages: function () {\n    return Stages;\n  }\n});\nvar SimpleSchema;\nmodule.link(\"simpl-schema\", {\n  \"default\": function (v) {\n    SimpleSchema = v;\n  }\n}, 0);\nvar moment;\nmodule.link(\"moment\", {\n  \"default\": function (v) {\n    moment = v;\n  }\n}, 1);\nvar BelongsTo, TimestampSchema, UserDataSchema, HasManyByRef;\nmodule.link(\"../default-schemas\", {\n  BelongsTo: function (v) {\n    BelongsTo = v;\n  },\n  TimestampSchema: function (v) {\n    TimestampSchema = v;\n  },\n  UserDataSchema: function (v) {\n    UserDataSchema = v;\n  },\n  HasManyByRef: function (v) {\n    HasManyByRef = v;\n  }\n}, 2);\nvar Games;\nmodule.link(\"../games/games\", {\n  Games: function (v) {\n    Games = v;\n  }\n}, 3);\nvar PlayerStages;\nmodule.link(\"../player-stages/player-stages\", {\n  PlayerStages: function (v) {\n    PlayerStages = v;\n  }\n}, 4);\nvar Rounds;\nmodule.link(\"../rounds/rounds\", {\n  Rounds: function (v) {\n    Rounds = v;\n  }\n}, 5);\nvar Stages = new Mongo.Collection(\"stages\");\nStages.helpers({\n  round: function () {\n    return Rounds.findOne(this.roundId);\n  }\n});\nStages.stagePaddingDuration = moment.duration(0.25, \"seconds\");\nStages.schema = new SimpleSchema({\n  // Index represents the 0 based position of the current stage in the ordered\n  // list of a all the game's stages. For display, add 1.\n  index: {\n    type: SimpleSchema.Integer,\n    min: 0,\n    max: 999999 // That's a lot of stages...\n\n  },\n  name: {\n    type: String,\n    max: 64\n  },\n  displayName: {\n    type: String,\n    max: 128 // TODO Add auto value to by default copy the name into the displayName?\n\n  },\n  // This will synchronize the clients timer start time and record start time\n  // for the record\n  startTimeAt: {\n    type: Date,\n    optional: true\n  },\n  durationInSeconds: {\n    type: SimpleSchema.Integer,\n    // One day, that's a lot, but could be \"weird\" experiment, yet no going nuts\n    // into hundreds of years for example.\n    max: 24 * 60 * 60,\n    // It would be difficult to manage a timer that is less than 5s given all\n    // the multi-peer synchronization going on.\n    min: 5\n  }\n});\nStages.schema.extend(TimestampSchema);\nStages.schema.extend(UserDataSchema);\nStages.schema.extend(BelongsTo(\"Rounds\"));\nStages.schema.extend(BelongsTo(\"Games\"));\nStages.schema.extend(HasManyByRef(\"PlayerStages\"));\nStages.attachSchema(Stages.schema);","map":{"version":3,"sources":["packages/empirica:core/api/stages/stages.js"],"names":["module","export","Stages","SimpleSchema","link","v","moment","BelongsTo","TimestampSchema","UserDataSchema","HasManyByRef","Games","PlayerStages","Rounds","Mongo","Collection","helpers","round","findOne","roundId","stagePaddingDuration","duration","schema","index","type","Integer","min","max","name","String","displayName","startTimeAt","Date","optional","durationInSeconds","extend","attachSchema"],"mappings":"AAAAA,MAAM,CAACC,MAAP,CAAc;AAACC,EAAAA,MAAM,EAAC,YAAU;AAAC,WAAOA,MAAP;AAAc;AAAjC,CAAd;AAAkD,IAAIC,YAAJ;AAAiBH,MAAM,CAACI,IAAP,CAAY,cAAZ,EAA2B;AAAC,aAAQ,UAASC,CAAT,EAAW;AAACF,IAAAA,YAAY,GAACE,CAAb;AAAe;AAApC,CAA3B,EAAiE,CAAjE;AAAoE,IAAIC,MAAJ;AAAWN,MAAM,CAACI,IAAP,CAAY,QAAZ,EAAqB;AAAC,aAAQ,UAASC,CAAT,EAAW;AAACC,IAAAA,MAAM,GAACD,CAAP;AAAS;AAA9B,CAArB,EAAqD,CAArD;AAAwD,IAAIE,SAAJ,EAAcC,eAAd,EAA8BC,cAA9B,EAA6CC,YAA7C;AAA0DV,MAAM,CAACI,IAAP,CAAY,oBAAZ,EAAiC;AAACG,EAAAA,SAAS,EAAC,UAASF,CAAT,EAAW;AAACE,IAAAA,SAAS,GAACF,CAAV;AAAY,GAAnC;AAAoCG,EAAAA,eAAe,EAAC,UAASH,CAAT,EAAW;AAACG,IAAAA,eAAe,GAACH,CAAhB;AAAkB,GAAlF;AAAmFI,EAAAA,cAAc,EAAC,UAASJ,CAAT,EAAW;AAACI,IAAAA,cAAc,GAACJ,CAAf;AAAiB,GAA/H;AAAgIK,EAAAA,YAAY,EAAC,UAASL,CAAT,EAAW;AAACK,IAAAA,YAAY,GAACL,CAAb;AAAe;AAAxK,CAAjC,EAA2M,CAA3M;AAA8M,IAAIM,KAAJ;AAAUX,MAAM,CAACI,IAAP,CAAY,gBAAZ,EAA6B;AAACO,EAAAA,KAAK,EAAC,UAASN,CAAT,EAAW;AAACM,IAAAA,KAAK,GAACN,CAAN;AAAQ;AAA3B,CAA7B,EAA0D,CAA1D;AAA6D,IAAIO,YAAJ;AAAiBZ,MAAM,CAACI,IAAP,CAAY,gCAAZ,EAA6C;AAACQ,EAAAA,YAAY,EAAC,UAASP,CAAT,EAAW;AAACO,IAAAA,YAAY,GAACP,CAAb;AAAe;AAAzC,CAA7C,EAAwF,CAAxF;AAA2F,IAAIQ,MAAJ;AAAWb,MAAM,CAACI,IAAP,CAAY,kBAAZ,EAA+B;AAACS,EAAAA,MAAM,EAAC,UAASR,CAAT,EAAW;AAACQ,IAAAA,MAAM,GAACR,CAAP;AAAS;AAA7B,CAA/B,EAA8D,CAA9D;AAazoB,IAAMH,MAAM,GAAG,IAAIY,KAAK,CAACC,UAAV,CAAqB,QAArB,CAAf;AAEPb,MAAM,CAACc,OAAP,CAAe;AACbC,EAAAA,KADa,cACL;AACN,WAAOJ,MAAM,CAACK,OAAP,CAAe,KAAKC,OAApB,CAAP;AACD;AAHY,CAAf;AAMAjB,MAAM,CAACkB,oBAAP,GAA8Bd,MAAM,CAACe,QAAP,CAAgB,IAAhB,EAAsB,SAAtB,CAA9B;AAEAnB,MAAM,CAACoB,MAAP,GAAgB,IAAInB,YAAJ,CAAiB;AAC/B;AACA;AACAoB,EAAAA,KAAK,EAAE;AACLC,IAAAA,IAAI,EAAErB,YAAY,CAACsB,OADd;AAELC,IAAAA,GAAG,EAAE,CAFA;AAGLC,IAAAA,GAAG,EAAE,MAHA,CAGO;;AAHP,GAHwB;AAQ/BC,EAAAA,IAAI,EAAE;AACJJ,IAAAA,IAAI,EAAEK,MADF;AAEJF,IAAAA,GAAG,EAAE;AAFD,GARyB;AAY/BG,EAAAA,WAAW,EAAE;AACXN,IAAAA,IAAI,EAAEK,MADK;AAEXF,IAAAA,GAAG,EAAE,GAFM,CAGX;;AAHW,GAZkB;AAiB/B;AACA;AACAI,EAAAA,WAAW,EAAE;AACXP,IAAAA,IAAI,EAAEQ,IADK;AAEXC,IAAAA,QAAQ,EAAE;AAFC,GAnBkB;AAuB/BC,EAAAA,iBAAiB,EAAE;AACjBV,IAAAA,IAAI,EAAErB,YAAY,CAACsB,OADF;AAEjB;AACA;AACAE,IAAAA,GAAG,EAAE,KAAK,EAAL,GAAU,EAJE;AAKjB;AACA;AACAD,IAAAA,GAAG,EAAE;AAPY;AAvBY,CAAjB,CAAhB;AAkCAxB,MAAM,CAACoB,MAAP,CAAca,MAAd,CAAqB3B,eAArB;AACAN,MAAM,CAACoB,MAAP,CAAca,MAAd,CAAqB1B,cAArB;AACAP,MAAM,CAACoB,MAAP,CAAca,MAAd,CAAqB5B,SAAS,CAAC,QAAD,CAA9B;AACAL,MAAM,CAACoB,MAAP,CAAca,MAAd,CAAqB5B,SAAS,CAAC,OAAD,CAA9B;AACAL,MAAM,CAACoB,MAAP,CAAca,MAAd,CAAqBzB,YAAY,CAAC,cAAD,CAAjC;AACAR,MAAM,CAACkC,YAAP,CAAoBlC,MAAM,CAACoB,MAA3B","sourcesContent":["import SimpleSchema from \"simpl-schema\";\nimport moment from \"moment\";\n\nimport {\n  BelongsTo,\n  TimestampSchema,\n  UserDataSchema,\n  HasManyByRef\n} from \"../default-schemas\";\nimport { Games } from \"../games/games\";\nimport { PlayerStages } from \"../player-stages/player-stages\";\nimport { Rounds } from \"../rounds/rounds\";\n\nexport const Stages = new Mongo.Collection(\"stages\");\n\nStages.helpers({\n  round() {\n    return Rounds.findOne(this.roundId);\n  }\n});\n\nStages.stagePaddingDuration = moment.duration(0.25, \"seconds\");\n\nStages.schema = new SimpleSchema({\n  // Index represents the 0 based position of the current stage in the ordered\n  // list of a all the game's stages. For display, add 1.\n  index: {\n    type: SimpleSchema.Integer,\n    min: 0,\n    max: 999999 // That's a lot of stages...\n  },\n  name: {\n    type: String,\n    max: 64\n  },\n  displayName: {\n    type: String,\n    max: 128\n    // TODO Add auto value to by default copy the name into the displayName?\n  },\n  // This will synchronize the clients timer start time and record start time\n  // for the record\n  startTimeAt: {\n    type: Date,\n    optional: true\n  },\n  durationInSeconds: {\n    type: SimpleSchema.Integer,\n    // One day, that's a lot, but could be \"weird\" experiment, yet no going nuts\n    // into hundreds of years for example.\n    max: 24 * 60 * 60,\n    // It would be difficult to manage a timer that is less than 5s given all\n    // the multi-peer synchronization going on.\n    min: 5\n  }\n});\n\nStages.schema.extend(TimestampSchema);\nStages.schema.extend(UserDataSchema);\nStages.schema.extend(BelongsTo(\"Rounds\"));\nStages.schema.extend(BelongsTo(\"Games\"));\nStages.schema.extend(HasManyByRef(\"PlayerStages\"));\nStages.attachSchema(Stages.schema);\n"]},"sourceType":"module","hash":"54c00903a1a223654d0db932b0eec409eaf01280"}
