{"metadata":{},"options":{"compact":false,"sourceMaps":true,"ast":true,"babelrc":false,"configFile":false,"parserOpts":{"sourceType":"module","sourceFileName":"/Users/stefpop/Desktop/repos/withBrandon/crossling_reference/experiments/from-scratch/client/game/EventLog.jsx","plugins":["*","flow","jsx","asyncGenerators","bigInt","classPrivateMethods","classPrivateProperties","classProperties","doExpressions","dynamicImport","exportDefaultFrom","exportExtensions","exportNamespaceFrom","functionBind","functionSent","importMeta","nullishCoalescingOperator","numericSeparator","objectRestSpread","optionalCatchBinding","optionalChaining",["pipelineOperator",{"proposal":"minimal"}],"throwExpressions","classProperties","classPrivateProperties","jsx","nullishCoalescingOperator","nullishCoalescingOperator","optionalChaining","optionalChaining","optionalCatchBinding","optionalCatchBinding","classProperties","classPrivateProperties","classPrivateMethods","classProperties","classPrivateProperties","asyncGenerators","asyncGenerators","objectRestSpread","objectRestSpread"],"allowImportExportEverywhere":true,"allowReturnOutsideFunction":true,"allowUndeclaredExports":true,"strictMode":false},"caller":{"name":"meteor","arch":"web.browser.legacy"},"sourceFileName":"client/game/EventLog.jsx","filename":"/Users/stefpop/Desktop/repos/withBrandon/crossling_reference/experiments/from-scratch/client/game/EventLog.jsx","cloneInputAst":true,"passPerPreset":false,"envName":"development","cwd":"/Users/stefpop/Desktop/repos/withBrandon/crossling_reference/experiments/from-scratch","root":"/Users/stefpop/Desktop/repos/withBrandon/crossling_reference/experiments/from-scratch","plugins":[{"key":"base$0","visitor":{"_exploded":true,"_verified":true},"options":{}},{"key":"base$0$0","visitor":{"Program":{"enter":[null],"exit":[null]},"_exploded":true,"_verified":true},"options":{"avoidModernSyntax":true,"enforceStrictMode":false,"dynamicImport":true}},{"key":"transform-runtime","visitor":{"CallExpression":{"enter":[null]},"BinaryExpression":{"enter":[null]},"MemberExpression":{"enter":[null],"exit":[null]},"_exploded":true,"_verified":true,"Identifier":{"enter":[null]},"JSXIdentifier":{"enter":[null]}},"options":{"version":"7.12.5","helpers":true,"useESModules":false,"corejs":false}},{"key":"proposal-class-properties","visitor":{"PrivateName":{"enter":[null]},"ExportDefaultDeclaration":{"enter":[null]},"_exploded":true,"_verified":true,"ClassExpression":{"enter":[null]},"ClassDeclaration":{"enter":[null]}},"options":{"loose":true}},{"key":"base$0$3","visitor":{"FunctionExpression":{"exit":[null]},"_exploded":true,"_verified":true},"options":{}},{"key":"base$0$4","visitor":{"ForInStatement":{"enter":[null]},"_exploded":true,"_verified":true},"options":{}},{"key":"transform-react-jsx","visitor":{"_exploded":{},"_verified":{},"JSXNamespacedName":{"enter":[null]},"JSXSpreadChild":{"enter":[null]},"Program":{"enter":[null]},"JSXElement":{"exit":[null]},"JSXFragment":{"exit":[null]},"JSXAttribute":{"enter":[null]}},"options":{"pragma":"React.createElement","pragmaFrag":"React.Fragment","runtime":"classic","throwIfNamespace":true,"useBuiltIns":false}},{"key":"transform-react-display-name","visitor":{"ExportDefaultDeclaration":{"enter":[null]},"CallExpression":{"enter":[null]},"_exploded":true,"_verified":true},"options":{}},{"key":"transform-react-pure-annotations","visitor":{"CallExpression":{"enter":[null]},"_exploded":true,"_verified":true},"options":{}},{"key":"syntax-nullish-coalescing-operator","visitor":{"_exploded":true,"_verified":true},"options":{}},{"key":"proposal-nullish-coalescing-operator","visitor":{"_exploded":{},"_verified":{},"LogicalExpression":{"enter":[null]}},"options":{}},{"key":"syntax-optional-chaining","visitor":{"_exploded":true,"_verified":true},"options":{}},{"key":"proposal-optional-chaining","visitor":{"_exploded":{},"_verified":{},"OptionalCallExpression":{"enter":[null]},"OptionalMemberExpression":{"enter":[null]}},"options":{}},{"key":"syntax-optional-catch-binding","visitor":{"_exploded":true,"_verified":true},"options":{}},{"key":"proposal-optional-catch-binding","visitor":{"_exploded":{},"_verified":{},"CatchClause":{"enter":[null]}},"options":{}},{"key":"syntax-class-properties","visitor":{"_exploded":true,"_verified":true},"options":{}},{"key":"proposal-class-properties","visitor":{"PrivateName":{"enter":[null]},"ExportDefaultDeclaration":{"enter":[null]},"_exploded":true,"_verified":true,"ClassExpression":{"enter":[null]},"ClassDeclaration":{"enter":[null]}},"options":{}},{"key":"syntax-async-generators","visitor":{"_exploded":true,"_verified":true},"options":{}},{"key":"proposal-async-generator-functions","visitor":{"_exploded":{},"_verified":{},"Program":{"enter":[null]}},"options":{}},{"key":"syntax-object-rest-spread","visitor":{"_exploded":true,"_verified":true},"options":{}},{"key":"proposal-object-rest-spread","visitor":{"_exploded":{},"_verified":{},"VariableDeclarator":{"enter":[null]},"ExportNamedDeclaration":{"enter":[null]},"CatchClause":{"enter":[null]},"AssignmentExpression":{"enter":[null]},"ArrayPattern":{"enter":[null]},"ObjectExpression":{"enter":[null]},"FunctionDeclaration":{"enter":[null]},"FunctionExpression":{"enter":[null]},"ObjectMethod":{"enter":[null]},"ArrowFunctionExpression":{"enter":[null]},"ClassMethod":{"enter":[null]},"ClassPrivateMethod":{"enter":[null]},"ForInStatement":{"enter":[null]},"ForOfStatement":{"enter":[null]}},"options":{}},{"key":"transform-arrow-functions","visitor":{"ArrowFunctionExpression":{"enter":[null]},"_exploded":true,"_verified":true},"options":{}},{"key":"transform-block-scoped-functions","visitor":{"BlockStatement":{"enter":[null]},"SwitchCase":{"enter":[null]},"_exploded":true,"_verified":true},"options":{}},{"key":"transform-block-scoping","visitor":{"VariableDeclaration":{"enter":[null]},"CatchClause":{"enter":[null]},"_exploded":true,"BlockStatement":{"enter":[null]},"SwitchStatement":{"enter":[null]},"Program":{"enter":[null]},"_verified":true,"DoWhileStatement":{"enter":[null]},"ForInStatement":{"enter":[null]},"ForStatement":{"enter":[null]},"WhileStatement":{"enter":[null]},"ForOfStatement":{"enter":[null]}},"options":{}},{"key":"transform-classes","visitor":{"ExportDefaultDeclaration":{"enter":[null]},"ClassDeclaration":{"enter":[null]},"ClassExpression":{"enter":[null]},"_exploded":true,"_verified":true},"options":{"loose":true}},{"key":"transform-computed-properties","visitor":{"ObjectExpression":{"exit":[null]},"_exploded":true,"_verified":true},"options":{"loose":true}},{"key":"transform-destructuring","visitor":{"ExportNamedDeclaration":{"enter":[null]},"CatchClause":{"enter":[null]},"AssignmentExpression":{"enter":[null]},"VariableDeclaration":{"enter":[null]},"_exploded":true,"_verified":true,"ForInStatement":{"enter":[null]},"ForOfStatement":{"enter":[null]}},"options":{}},{"key":"transform-for-of","visitor":{"ForOfStatement":{"enter":[null]},"_exploded":true,"_verified":true},"options":{"loose":true}},{"key":"transform-literals","visitor":{"NumericLiteral":{"enter":[null]},"StringLiteral":{"enter":[null]},"_exploded":true,"_verified":true},"options":{}},{"key":"transform-object-super","visitor":{"ObjectExpression":{"enter":[null]},"_exploded":true,"_verified":true},"options":{}},{"key":"transform-parameters","visitor":{"_exploded":true,"_verified":true,"FunctionDeclaration":{"enter":[null]},"FunctionExpression":{"enter":[null]},"ObjectMethod":{"enter":[null]},"ArrowFunctionExpression":{"enter":[null]},"ClassMethod":{"enter":[null]},"ClassPrivateMethod":{"enter":[null]}},"options":{}},{"key":"transform-shorthand-properties","visitor":{"ObjectMethod":{"enter":[null]},"ObjectProperty":{"enter":[null]},"_exploded":true,"_verified":true},"options":{}},{"key":"transform-spread","visitor":{"ArrayExpression":{"enter":[null]},"CallExpression":{"enter":[null]},"NewExpression":{"enter":[null]},"_exploded":true,"_verified":true},"options":{}},{"key":"transform-sticky-regex","visitor":{"RegExpLiteral":{"enter":[null]},"_exploded":true,"_verified":true},"options":{}},{"key":"transform-template-literals","visitor":{"TaggedTemplateExpression":{"enter":[null]},"TemplateLiteral":{"enter":[null]},"_exploded":true,"_verified":true},"options":{"loose":true}},{"key":"transform-typeof-symbol","visitor":{"UnaryExpression":{"enter":[null]},"_exploded":true,"_verified":true,"BlockStatement":{"enter":[null]},"CatchClause":{"enter":[null]},"DoWhileStatement":{"enter":[null]},"ForInStatement":{"enter":[null]},"ForStatement":{"enter":[null]},"FunctionDeclaration":{"enter":[null]},"FunctionExpression":{"enter":[null]},"Program":{"enter":[null]},"ObjectMethod":{"enter":[null]},"SwitchStatement":{"enter":[null]},"WhileStatement":{"enter":[null]},"ArrowFunctionExpression":{"enter":[null]},"ClassExpression":{"enter":[null]},"ClassDeclaration":{"enter":[null]},"ForOfStatement":{"enter":[null]},"ClassMethod":{"enter":[null]},"ClassPrivateMethod":{"enter":[null]},"StaticBlock":{"enter":[null]},"TSModuleBlock":{"enter":[null]},"AssignmentPattern":{"enter":[null]},"ArrayPattern":{"enter":[null]},"ObjectPattern":{"enter":[null]}},"options":{}},{"key":"transform-unicode-regex","visitor":{"RegExpLiteral":{"enter":[null]},"_exploded":true,"_verified":true},"options":{}},{"key":"transform-property-literals","visitor":{"ObjectProperty":{"exit":[null]},"_exploded":true,"_verified":true},"options":{}},{"key":"transform-exponentiation-operator","visitor":{"AssignmentExpression":{"enter":[null]},"BinaryExpression":{"enter":[null]},"_exploded":true,"_verified":true},"options":{}},{"key":"regenerator-transform","visitor":{"_exploded":true,"_verified":true,"ObjectMethod":{"enter":[null],"exit":[null]},"ClassMethod":{"enter":[null],"exit":[null]},"ClassPrivateMethod":{"enter":[null],"exit":[null]},"FunctionDeclaration":{"exit":[null]},"FunctionExpression":{"exit":[null]},"ArrowFunctionExpression":{"exit":[null]}},"options":{}}],"presets":[],"generatorOpts":{"filename":"/Users/stefpop/Desktop/repos/withBrandon/crossling_reference/experiments/from-scratch/client/game/EventLog.jsx","comments":true,"compact":false,"sourceMaps":true,"sourceFileName":"client/game/EventLog.jsx"}},"code":"var _inheritsLoose;\n\nmodule.link(\"@babel/runtime/helpers/inheritsLoose\", {\n  default: function (v) {\n    _inheritsLoose = v;\n  }\n}, 0);\nmodule.export({\n  \"default\": function () {\n    return EventLog;\n  }\n});\nvar React;\nmodule.link(\"react\", {\n  \"default\": function (v) {\n    React = v;\n  }\n}, 0);\nvar moment;\nmodule.link(\"moment/moment\", {\n  \"default\": function (v) {\n    moment = v;\n  }\n}, 1);\nvar Author;\nmodule.link(\"./Author\", {\n  \"default\": function (v) {\n    Author = v;\n  }\n}, 2);\n\nvar EventLog = /*#__PURE__*/function (_React$Component) {\n  _inheritsLoose(EventLog, _React$Component);\n\n  function EventLog() {\n    return _React$Component.apply(this, arguments) || this;\n  }\n\n  var _proto = EventLog.prototype;\n\n  _proto.componentDidMount = function () {\n    function componentDidMount() {\n      this.eventsEl.scrollTop = this.eventsEl.scrollHeight;\n    }\n\n    return componentDidMount;\n  }();\n\n  _proto.componentDidUpdate = function () {\n    function componentDidUpdate(prevProps) {\n      if (prevProps.events.length < this.props.events.length) {\n        this.eventsEl.scrollTop = this.eventsEl.scrollHeight;\n      }\n    }\n\n    return componentDidUpdate;\n  }();\n\n  _proto.render = function () {\n    function render() {\n      var _this = this;\n\n      var _this$props = this.props,\n          game = _this$props.game,\n          events = _this$props.events,\n          player = _this$props.player; //if the one who made the event is the player himself then self will be true\n\n      return /*#__PURE__*/React.createElement(\"div\", {\n        className: \"eventlog bp3-card\"\n      }, /*#__PURE__*/React.createElement(\"div\", {\n        className: \"events\",\n        ref: function (el) {\n          return _this.eventsEl = el;\n        }\n      }, events.map(function (event, i) {\n        return /*#__PURE__*/React.createElement(Event, {\n          key: i,\n          game: game,\n          event: event,\n          player: player,\n          self: event.subject ? player._id === event.subject._id : null\n        });\n      })));\n    }\n\n    return render;\n  }();\n\n  return EventLog;\n}(React.Component);\n\nvar Event = /*#__PURE__*/function (_React$Component2) {\n  _inheritsLoose(Event, _React$Component2);\n\n  function Event() {\n    return _React$Component2.apply(this, arguments) || this;\n  }\n\n  var _proto2 = Event.prototype;\n\n  _proto2.render = function () {\n    function render() {\n      var _this$props$event = this.props.event,\n          subject = _this$props$event.subject,\n          roundId = _this$props$event.roundId,\n          verb = _this$props$event.verb,\n          object = _this$props$event.object,\n          target = _this$props$event.target,\n          state = _this$props$event.state,\n          at = _this$props$event.at; //console.log(this.props)\n\n      var _this$props2 = this.props,\n          self = _this$props2.self,\n          game = _this$props2.game,\n          player = _this$props2.player;\n      var partner1Id = player.get('partner1');\n      var partner2Id = player.get('partner2');\n\n      var partner1 = _.filter(game.players, function (p) {\n        return p._id === partner1Id;\n      })[0];\n\n      var partner2 = _.filter(game.players, function (p) {\n        return p._id === partner2Id;\n      })[0];\n\n      var content;\n\n      switch (verb) {\n        case \"selectionStarted\":\n          content = /*#__PURE__*/React.createElement(React.Fragment, null, /*#__PURE__*/React.createElement(\"div\", {\n            className: \"content\"\n          }, \"You're playing with \", /*#__PURE__*/React.createElement(\"strong\", {\n            style: {\n              color: partner1.get('nameColor')\n            }\n          }, partner1.get('name')), \"  and \", /*#__PURE__*/React.createElement(\"strong\", {\n            style: {\n              color: partner2.get('nameColor')\n            }\n          }, partner2.get('name')), \"!\"), /*#__PURE__*/React.createElement(\"br\", null), /*#__PURE__*/React.createElement(\"br\", null), /*#__PURE__*/React.createElement(\"div\", {\n            className: \"content\"\n          }, player.get('role') == 'speaker' ? 'Please describe the object in the black box so your partners can \\\n              correctly pick it out.' : 'Click the object your partner is describing! Feel free to respond \\\n              or ask questions if necessary.'));\n          break;\n\n        case \"feedbackStarted\":\n          content = /*#__PURE__*/React.createElement(\"div\", {\n            className: \"content\"\n          }, \"This is the feedback!\");\n          break;\n\n        default:\n          console.error(\"Unknown Event: \" + verb);\n          return null;\n      }\n\n      return /*#__PURE__*/React.createElement(\"div\", {\n        className: \"event\"\n      }, /*#__PURE__*/React.createElement(\"div\", {\n        className: \"timestamp\"\n      }, moment(at).format(\"hh:mm:ss\")), content);\n    }\n\n    return render;\n  }();\n\n  return Event;\n}(React.Component);","map":{"version":3,"sources":["client/game/EventLog.jsx"],"names":["_inheritsLoose","module","link","default","v","export","EventLog","React","moment","Author","componentDidMount","eventsEl","scrollTop","scrollHeight","componentDidUpdate","prevProps","events","length","props","render","game","player","el","map","event","i","subject","_id","Component","Event","roundId","verb","object","target","state","at","self","partner1Id","get","partner2Id","partner1","_","filter","players","p","partner2","content","color","console","error","format"],"mappings":"AAAA,IAAIA,cAAJ;;AAAmBC,MAAM,CAACC,IAAP,CAAY,sCAAZ,EAAmD;AAACC,EAAAA,OAAO,EAAC,UAASC,CAAT,EAAW;AAACJ,IAAAA,cAAc,GAACI,CAAf;AAAiB;AAAtC,CAAnD,EAA2F,CAA3F;AAAnBH,MAAM,CAACI,MAAP,CAAc;AAAC,aAAQ,YAAU;AAAC,WAAOC,QAAP;AAAgB;AAApC,CAAd;AAAqD,IAAIC,KAAJ;AAAUN,MAAM,CAACC,IAAP,CAAY,OAAZ,EAAoB;AAAC,aAAQ,UAASE,CAAT,EAAW;AAACG,IAAAA,KAAK,GAACH,CAAN;AAAQ;AAA7B,CAApB,EAAmD,CAAnD;AAAsD,IAAII,MAAJ;AAAWP,MAAM,CAACC,IAAP,CAAY,eAAZ,EAA4B;AAAC,aAAQ,UAASE,CAAT,EAAW;AAACI,IAAAA,MAAM,GAACJ,CAAP;AAAS;AAA9B,CAA5B,EAA4D,CAA5D;AAA+D,IAAIK,MAAJ;AAAWR,MAAM,CAACC,IAAP,CAAY,UAAZ,EAAuB;AAAC,aAAQ,UAASE,CAAT,EAAW;AAACK,IAAAA,MAAM,GAACL,CAAP;AAAS;AAA9B,CAAvB,EAAuD,CAAvD;;IAIrLE,Q;;;;;;;;;SACnBI,iB;AAAA,iCAAoB;AAClB,WAAKC,QAAL,CAAcC,SAAd,GAA0B,KAAKD,QAAL,CAAcE,YAAxC;AACD;;;;;SAEDC,kB;AAAA,gCAAmBC,SAAnB,EAA8B;AAC5B,UAAIA,SAAS,CAACC,MAAV,CAAiBC,MAAjB,GAA0B,KAAKC,KAAL,CAAWF,MAAX,CAAkBC,MAAhD,EAAwD;AACtD,aAAKN,QAAL,CAAcC,SAAd,GAA0B,KAAKD,QAAL,CAAcE,YAAxC;AACD;AACF;;;;;SAEDM,M;AAAA,sBAAS;AAAA;;AAAA,wBAC0B,KAAKD,KAD/B;AAAA,UACCE,IADD,eACCA,IADD;AAAA,UACOJ,MADP,eACOA,MADP;AAAA,UACeK,MADf,eACeA,MADf,EAGP;;AACA,0BACE;AAAK,QAAA,SAAS,EAAC;AAAf,sBACE;AAAK,QAAA,SAAS,EAAC,QAAf;AAAwB,QAAA,GAAG,EAAE,UAAAC,EAAE;AAAA,iBAAK,KAAI,CAACX,QAAL,GAAgBW,EAArB;AAAA;AAA/B,SACGN,MAAM,CAACO,GAAP,CAAW,UAACC,KAAD,EAAQC,CAAR;AAAA,4BACV,oBAAC,KAAD;AACE,UAAA,GAAG,EAAEA,CADP;AAEE,UAAA,IAAI,EAAEL,IAFR;AAGE,UAAA,KAAK,EAAEI,KAHT;AAIE,UAAA,MAAM,EAAEH,MAJV;AAKE,UAAA,IAAI,EAAEG,KAAK,CAACE,OAAN,GAAgBL,MAAM,CAACM,GAAP,KAAeH,KAAK,CAACE,OAAN,CAAcC,GAA7C,GAAmD;AAL3D,UADU;AAAA,OAAX,CADH,CADF,CADF;AAeD;;;;;;EA9BmCpB,KAAK,CAACqB,S;;IAiCtCC,K;;;;;;;;;UACJV,M;AAAA,sBAAS;AAAA,8BASH,KAAKD,KAAL,CAAWM,KATR;AAAA,UAELE,OAFK,qBAELA,OAFK;AAAA,UAGLI,OAHK,qBAGLA,OAHK;AAAA,UAILC,IAJK,qBAILA,IAJK;AAAA,UAKLC,MALK,qBAKLA,MALK;AAAA,UAMLC,MANK,qBAMLA,MANK;AAAA,UAOLC,KAPK,qBAOLA,KAPK;AAAA,UAQLC,EARK,qBAQLA,EARK,EAUP;;AAVO,yBAWwB,KAAKjB,KAX7B;AAAA,UAWCkB,IAXD,gBAWCA,IAXD;AAAA,UAWOhB,IAXP,gBAWOA,IAXP;AAAA,UAWaC,MAXb,gBAWaA,MAXb;AAYP,UAAMgB,UAAU,GAAChB,MAAM,CAACiB,GAAP,CAAW,UAAX,CAAjB;AACA,UAAMC,UAAU,GAAClB,MAAM,CAACiB,GAAP,CAAW,UAAX,CAAjB;;AACA,UAAME,QAAQ,GAACC,CAAC,CAACC,MAAF,CAAStB,IAAI,CAACuB,OAAd,EAAuB,UAAAC,CAAC;AAAA,eAAIA,CAAC,CAACjB,GAAF,KAAUU,UAAd;AAAA,OAAxB,EAAkD,CAAlD,CAAf;;AACA,UAAMQ,QAAQ,GAACJ,CAAC,CAACC,MAAF,CAAStB,IAAI,CAACuB,OAAd,EAAuB,UAAAC,CAAC;AAAA,eAAIA,CAAC,CAACjB,GAAF,KAAUY,UAAd;AAAA,OAAxB,EAAkD,CAAlD,CAAf;;AAEA,UAAIO,OAAJ;;AACA,cAAQf,IAAR;AACA,aAAK,kBAAL;AACEe,UAAAA,OAAO,gBACL,uDACE;AAAK,YAAA,SAAS,EAAC;AAAf,kDACsB;AAAQ,YAAA,KAAK,EAAE;AAACC,cAAAA,KAAK,EAAEP,QAAQ,CAACF,GAAT,CAAa,WAAb;AAAR;AAAf,aAAoDE,QAAQ,CAACF,GAAT,CAAa,MAAb,CAApD,CADtB,yBAC8G;AAAQ,YAAA,KAAK,EAAE;AAACS,cAAAA,KAAK,EAAEF,QAAQ,CAACP,GAAT,CAAa,WAAb;AAAR;AAAf,aAAoDO,QAAQ,CAACP,GAAT,CAAa,MAAb,CAApD,CAD9G,MADF,eAIE,+BAJF,eAKE,+BALF,eAME;AAAK,YAAA,SAAS,EAAC;AAAf,aACGjB,MAAM,CAACiB,GAAP,CAAW,MAAX,KAAsB,SAAtB,GACA;AACb,qCAFa,GAGA;AACb,6CALU,CANF,CADF;AAgBA;;AAEA,aAAK,iBAAL;AACEQ,UAAAA,OAAO,gBACL;AAAK,YAAA,SAAS,EAAC;AAAf,qCADF;AAIA;;AACF;AACEE,UAAAA,OAAO,CAACC,KAAR,qBAAgClB,IAAhC;AAEA,iBAAO,IAAP;AA7BJ;;AAgCA,0BACE;AAAK,QAAA,SAAS,EAAC;AAAf,sBASE;AAAK,QAAA,SAAS,EAAC;AAAf,SAA4BvB,MAAM,CAAC2B,EAAD,CAAN,CAAWe,MAAX,CAAkB,UAAlB,CAA5B,CATF,EAUGJ,OAVH,CADF;AAcD;;;;;;EAjEiBvC,KAAK,CAACqB,S","sourcesContent":["import React from \"react\";\nimport moment from \"moment/moment\";\nimport Author from \"./Author\";\n\nexport default class EventLog extends React.Component {\n  componentDidMount() {\n    this.eventsEl.scrollTop = this.eventsEl.scrollHeight;\n  }\n\n  componentDidUpdate(prevProps) {\n    if (prevProps.events.length < this.props.events.length) {\n      this.eventsEl.scrollTop = this.eventsEl.scrollHeight;\n    }\n  }\n\n  render() {\n    const { game, events, player } = this.props;\n\n    //if the one who made the event is the player himself then self will be true\n    return (\n      <div className=\"eventlog bp3-card\">\n        <div className=\"events\" ref={el => (this.eventsEl = el)}>\n          {events.map((event, i) => (\n            <Event\n              key={i}\n              game={game}\n              event={event}\n              player={player}\n              self={event.subject ? player._id === event.subject._id : null}\n            />\n          ))}\n        </div>\n      </div>\n    );\n  }\n}\n\nclass Event extends React.Component {\n  render() {\n    const {\n      subject,\n      roundId,\n      verb,\n      object,\n      target,\n      state,\n      at,\n    } = this.props.event;\n    //console.log(this.props)\n    const { self, game, player } = this.props;\n    const partner1Id=player.get('partner1')\n    const partner2Id=player.get('partner2')\n    const partner1=_.filter(game.players, p => p._id === partner1Id)[0];\n    const partner2=_.filter(game.players, p => p._id === partner2Id)[0];\n\n    let content;\n    switch (verb) {\n    case \"selectionStarted\":\n      content = (\n        <>\n          <div className=\"content\">\n            You're playing with <strong style={{color: partner1.get('nameColor')}}>{partner1.get('name')}</strong>  and <strong style={{color: partner2.get('nameColor')}}>{partner2.get('name')}</strong>! \n          </div>\n          <br/>\n          <br/>\n          <div className=\"content\">\n            {player.get('role') == 'speaker' ?\n             'Please describe the object in the black box so your partners can \\\n              correctly pick it out.' :\n             'Click the object your partner is describing! Feel free to respond \\\n              or ask questions if necessary.'}\n          </div>\n        </>\n      )\n      break;\n\n      case \"feedbackStarted\":\n        content = (\n          <div className=\"content\">This is the feedback!\n          </div>\n        );\n        break;\n      default:\n        console.error(`Unknown Event: ${verb}`);\n\n        return null;\n    }\n\n    return (\n      <div className=\"event\">\n        {/*\n          Not sure we even need to show am/pm. I think we need seconds since the\n          interactions are quick but to save space we can probably skip am/pm\n          for the sake of space. We could maybe also just but the seconds since\n          start of round or remaining second before end of round, might be more\n          relevant. Might or might not be clear.\n        */}\n        {/* <div className=\"timestamp\">{moment(at).format(\"hh:mm:ss a\")}</div> */}\n        <div className=\"timestamp\">{moment(at).format(\"hh:mm:ss\")}</div>\n        {content}\n      </div>\n    );\n  }\n}\n"]},"sourceType":"module","hash":"58959afe5b14d37921e7db26f0f2cce069f43b70"}
