{"metadata":{},"options":{"compact":false,"sourceMaps":true,"ast":true,"babelrc":false,"configFile":false,"parserOpts":{"sourceType":"module","sourceFileName":"/Users/stefpop/Desktop/repos/withBrandon/crossling_reference/experiments/from-scratch/packages/webapp/webapp_client.js","plugins":["*","flow","jsx","asyncGenerators","bigInt","classPrivateMethods","classPrivateProperties","classProperties","doExpressions","dynamicImport","exportDefaultFrom","exportExtensions","exportNamespaceFrom","functionBind","functionSent","importMeta","nullishCoalescingOperator","numericSeparator","objectRestSpread","optionalCatchBinding","optionalChaining",["pipelineOperator",{"proposal":"minimal"}],"throwExpressions","classProperties","classPrivateProperties","jsx","nullishCoalescingOperator","nullishCoalescingOperator","optionalChaining","optionalChaining","optionalCatchBinding","optionalCatchBinding","classProperties","classPrivateProperties","classPrivateMethods","classProperties","classPrivateProperties","asyncGenerators","asyncGenerators","objectRestSpread","objectRestSpread"],"allowImportExportEverywhere":true,"allowReturnOutsideFunction":true,"allowUndeclaredExports":true,"strictMode":false},"caller":{"name":"meteor","arch":"web.browser"},"sourceFileName":"packages/webapp/webapp_client.js","filename":"/Users/stefpop/Desktop/repos/withBrandon/crossling_reference/experiments/from-scratch/packages/webapp/webapp_client.js","cloneInputAst":true,"passPerPreset":false,"envName":"development","cwd":"/Users/stefpop/Desktop/repos/withBrandon/crossling_reference/experiments/from-scratch","root":"/Users/stefpop/Desktop/repos/withBrandon/crossling_reference/experiments/from-scratch","plugins":[{"key":"base$0","visitor":{"_exploded":true,"_verified":true},"options":{}},{"key":"base$0$0","visitor":{"Program":{"enter":[null],"exit":[null]},"_exploded":true,"_verified":true},"options":{"avoidModernSyntax":false,"enforceStrictMode":false,"dynamicImport":true,"generateLetDeclarations":true}},{"key":"transform-runtime","visitor":{"CallExpression":{"enter":[null]},"BinaryExpression":{"enter":[null]},"MemberExpression":{"enter":[null],"exit":[null]},"_exploded":true,"_verified":true,"Identifier":{"enter":[null]},"JSXIdentifier":{"enter":[null]}},"options":{"version":"7.12.5","helpers":true,"useESModules":false,"corejs":false}},{"key":"proposal-class-properties","visitor":{"PrivateName":{"enter":[null]},"ExportDefaultDeclaration":{"enter":[null]},"_exploded":true,"_verified":true,"ClassExpression":{"enter":[null]},"ClassDeclaration":{"enter":[null]}},"options":{"loose":true}},{"key":"transform-react-jsx","visitor":{"_exploded":{},"_verified":{},"JSXNamespacedName":{"enter":[null]},"JSXSpreadChild":{"enter":[null]},"Program":{"enter":[null]},"JSXElement":{"exit":[null]},"JSXFragment":{"exit":[null]},"JSXAttribute":{"enter":[null]}},"options":{"pragma":"React.createElement","pragmaFrag":"React.Fragment","runtime":"classic","throwIfNamespace":true,"useBuiltIns":false}},{"key":"transform-react-display-name","visitor":{"ExportDefaultDeclaration":{"enter":[null]},"CallExpression":{"enter":[null]},"_exploded":true,"_verified":true},"options":{}},{"key":"transform-react-pure-annotations","visitor":{"CallExpression":{"enter":[null]},"_exploded":true,"_verified":true},"options":{}},{"key":"syntax-nullish-coalescing-operator","visitor":{"_exploded":true,"_verified":true},"options":{}},{"key":"proposal-nullish-coalescing-operator","visitor":{"_exploded":{},"_verified":{},"LogicalExpression":{"enter":[null]}},"options":{}},{"key":"syntax-optional-chaining","visitor":{"_exploded":true,"_verified":true},"options":{}},{"key":"proposal-optional-chaining","visitor":{"_exploded":{},"_verified":{},"OptionalCallExpression":{"enter":[null]},"OptionalMemberExpression":{"enter":[null]}},"options":{}},{"key":"syntax-optional-catch-binding","visitor":{"_exploded":true,"_verified":true},"options":{}},{"key":"proposal-optional-catch-binding","visitor":{"_exploded":{},"_verified":{},"CatchClause":{"enter":[null]}},"options":{}},{"key":"syntax-class-properties","visitor":{"_exploded":true,"_verified":true},"options":{}},{"key":"proposal-class-properties","visitor":{"PrivateName":{"enter":[null]},"ExportDefaultDeclaration":{"enter":[null]},"_exploded":true,"_verified":true,"ClassExpression":{"enter":[null]},"ClassDeclaration":{"enter":[null]}},"options":{}},{"key":"syntax-async-generators","visitor":{"_exploded":true,"_verified":true},"options":{}},{"key":"proposal-async-generator-functions","visitor":{"_exploded":{},"_verified":{},"Program":{"enter":[null]}},"options":{}},{"key":"syntax-object-rest-spread","visitor":{"_exploded":true,"_verified":true},"options":{}},{"key":"proposal-object-rest-spread","visitor":{"_exploded":{},"_verified":{},"VariableDeclarator":{"enter":[null]},"ExportNamedDeclaration":{"enter":[null]},"CatchClause":{"enter":[null]},"AssignmentExpression":{"enter":[null]},"ArrayPattern":{"enter":[null]},"ObjectExpression":{"enter":[null]},"FunctionDeclaration":{"enter":[null]},"FunctionExpression":{"enter":[null]},"ObjectMethod":{"enter":[null]},"ArrowFunctionExpression":{"enter":[null]},"ClassMethod":{"enter":[null]},"ClassPrivateMethod":{"enter":[null]},"ForInStatement":{"enter":[null]},"ForOfStatement":{"enter":[null]}},"options":{}},{"key":"transform-literals","visitor":{"NumericLiteral":{"enter":[null]},"StringLiteral":{"enter":[null]},"_exploded":true,"_verified":true},"options":{}},{"key":"transform-template-literals","visitor":{"TaggedTemplateExpression":{"enter":[null]},"TemplateLiteral":{"enter":[null]},"_exploded":true,"_verified":true},"options":{}},{"key":"transform-parameters","visitor":{"_exploded":true,"_verified":true,"FunctionDeclaration":{"enter":[null]},"FunctionExpression":{"enter":[null]},"ObjectMethod":{"enter":[null]},"ArrowFunctionExpression":{"enter":[null]},"ClassMethod":{"enter":[null]},"ClassPrivateMethod":{"enter":[null]}},"options":{}},{"key":"transform-exponentiation-operator","visitor":{"AssignmentExpression":{"enter":[null]},"BinaryExpression":{"enter":[null]},"_exploded":true,"_verified":true},"options":{}}],"presets":[],"generatorOpts":{"filename":"/Users/stefpop/Desktop/repos/withBrandon/crossling_reference/experiments/from-scratch/packages/webapp/webapp_client.js","comments":true,"compact":false,"sourceMaps":true,"sourceFileName":"packages/webapp/webapp_client.js"}},"code":"module.export({\n  WebApp: () => WebApp\n});\nconst WebApp = {\n  _isCssLoaded() {\n    if (document.styleSheets.length === 0) {\n      return true;\n    }\n\n    return Array.prototype.find.call(document.styleSheets, sheet => {\n      if (sheet.cssText && !sheet.cssRules) {\n        // IE8\n        return !sheet.cssText.match(/meteor-css-not-found-error/);\n      }\n\n      return !Array.prototype.find.call(sheet.cssRules, rule => rule.selectorText === '.meteor-css-not-found-error');\n    });\n  }\n\n};","map":{"version":3,"sources":["packages/webapp/webapp_client.js"],"names":["module","export","WebApp","_isCssLoaded","document","styleSheets","length","Array","prototype","find","call","sheet","cssText","cssRules","match","rule","selectorText"],"mappings":"AAAAA,MAAM,CAACC,MAAP,CAAc;AAACC,EAAAA,MAAM,EAAC,MAAIA;AAAZ,CAAd;AAAO,MAAMA,MAAM,GAAG;AACpBC,EAAAA,YAAY,GAAG;AACb,QAAIC,QAAQ,CAACC,WAAT,CAAqBC,MAArB,KAAgC,CAApC,EAAuC;AACrC,aAAO,IAAP;AACD;;AAED,WAAOC,KAAK,CAACC,SAAN,CAAgBC,IAAhB,CAAqBC,IAArB,CAA0BN,QAAQ,CAACC,WAAnC,EAAgDM,KAAK,IAAI;AAC9D,UAAIA,KAAK,CAACC,OAAN,IAAiB,CAAED,KAAK,CAACE,QAA7B,EAAuC;AAAE;AACvC,eAAO,CAAEF,KAAK,CAACC,OAAN,CAAcE,KAAd,CAAoB,4BAApB,CAAT;AACD;;AAED,aAAO,CAAEP,KAAK,CAACC,SAAN,CAAgBC,IAAhB,CAAqBC,IAArB,CACPC,KAAK,CAACE,QADC,EAEPE,IAAI,IAAIA,IAAI,CAACC,YAAL,KAAsB,6BAFvB,CAAT;AAID,KATM,CAAP;AAUD;;AAhBmB,CAAf","sourcesContent":["export const WebApp = {\n  _isCssLoaded() {\n    if (document.styleSheets.length === 0) {\n      return true;\n    }\n\n    return Array.prototype.find.call(document.styleSheets, sheet => {\n      if (sheet.cssText && ! sheet.cssRules) { // IE8\n        return ! sheet.cssText.match(/meteor-css-not-found-error/);\n      }\n\n      return ! Array.prototype.find.call(\n        sheet.cssRules,\n        rule => rule.selectorText === '.meteor-css-not-found-error'\n      );\n    });\n  }\n};\n"]},"sourceType":"module","hash":"604527079b004b88ab44a661f66215f5113d3ac6"}
