{"metadata":{},"options":{"compact":false,"sourceMaps":true,"ast":true,"babelrc":false,"configFile":false,"parserOpts":{"sourceType":"module","sourceFileName":"/Users/stefpop/Desktop/repos/withBrandon/crossling_reference/experiments/from-scratch/packages/empirica:core/startup/client/idle.js","plugins":["*","flow","jsx","asyncGenerators","bigInt","classPrivateMethods","classPrivateProperties","classProperties","doExpressions","dynamicImport","exportDefaultFrom","exportExtensions","exportNamespaceFrom","functionBind","functionSent","importMeta","nullishCoalescingOperator","numericSeparator","objectRestSpread","optionalCatchBinding","optionalChaining",["pipelineOperator",{"proposal":"minimal"}],"throwExpressions","classProperties","classPrivateProperties","jsx","nullishCoalescingOperator","nullishCoalescingOperator","optionalChaining","optionalChaining","optionalCatchBinding","optionalCatchBinding","classProperties","classPrivateProperties","classPrivateMethods","classProperties","classPrivateProperties","asyncGenerators","asyncGenerators","objectRestSpread","objectRestSpread"],"allowImportExportEverywhere":true,"allowReturnOutsideFunction":true,"allowUndeclaredExports":true,"strictMode":false},"caller":{"name":"meteor","arch":"web.browser"},"sourceFileName":"packages/empirica:core/startup/client/idle.js","filename":"/Users/stefpop/Desktop/repos/withBrandon/crossling_reference/experiments/from-scratch/packages/empirica:core/startup/client/idle.js","cloneInputAst":true,"passPerPreset":false,"envName":"development","cwd":"/Users/stefpop/Desktop/repos/withBrandon/crossling_reference/experiments/from-scratch","root":"/Users/stefpop/Desktop/repos/withBrandon/crossling_reference/experiments/from-scratch","plugins":[{"key":"base$0","visitor":{"_exploded":true,"_verified":true},"options":{}},{"key":"base$0$0","visitor":{"Program":{"enter":[null],"exit":[null]},"_exploded":true,"_verified":true},"options":{"avoidModernSyntax":false,"enforceStrictMode":false,"dynamicImport":true,"generateLetDeclarations":true}},{"key":"transform-runtime","visitor":{"CallExpression":{"enter":[null]},"BinaryExpression":{"enter":[null]},"MemberExpression":{"enter":[null],"exit":[null]},"_exploded":true,"_verified":true,"Identifier":{"enter":[null]},"JSXIdentifier":{"enter":[null]}},"options":{"version":"7.12.5","helpers":true,"useESModules":false,"corejs":false}},{"key":"proposal-class-properties","visitor":{"PrivateName":{"enter":[null]},"ExportDefaultDeclaration":{"enter":[null]},"_exploded":true,"_verified":true,"ClassExpression":{"enter":[null]},"ClassDeclaration":{"enter":[null]}},"options":{"loose":true}},{"key":"transform-react-jsx","visitor":{"_exploded":{},"_verified":{},"JSXNamespacedName":{"enter":[null]},"JSXSpreadChild":{"enter":[null]},"Program":{"enter":[null]},"JSXElement":{"exit":[null]},"JSXFragment":{"exit":[null]},"JSXAttribute":{"enter":[null]}},"options":{"pragma":"React.createElement","pragmaFrag":"React.Fragment","runtime":"classic","throwIfNamespace":true,"useBuiltIns":false}},{"key":"transform-react-display-name","visitor":{"ExportDefaultDeclaration":{"enter":[null]},"CallExpression":{"enter":[null]},"_exploded":true,"_verified":true},"options":{}},{"key":"transform-react-pure-annotations","visitor":{"CallExpression":{"enter":[null]},"_exploded":true,"_verified":true},"options":{}},{"key":"syntax-nullish-coalescing-operator","visitor":{"_exploded":true,"_verified":true},"options":{}},{"key":"proposal-nullish-coalescing-operator","visitor":{"_exploded":{},"_verified":{},"LogicalExpression":{"enter":[null]}},"options":{}},{"key":"syntax-optional-chaining","visitor":{"_exploded":true,"_verified":true},"options":{}},{"key":"proposal-optional-chaining","visitor":{"_exploded":{},"_verified":{},"OptionalCallExpression":{"enter":[null]},"OptionalMemberExpression":{"enter":[null]}},"options":{}},{"key":"syntax-optional-catch-binding","visitor":{"_exploded":true,"_verified":true},"options":{}},{"key":"proposal-optional-catch-binding","visitor":{"_exploded":{},"_verified":{},"CatchClause":{"enter":[null]}},"options":{}},{"key":"syntax-class-properties","visitor":{"_exploded":true,"_verified":true},"options":{}},{"key":"proposal-class-properties","visitor":{"PrivateName":{"enter":[null]},"ExportDefaultDeclaration":{"enter":[null]},"_exploded":true,"_verified":true,"ClassExpression":{"enter":[null]},"ClassDeclaration":{"enter":[null]}},"options":{}},{"key":"syntax-async-generators","visitor":{"_exploded":true,"_verified":true},"options":{}},{"key":"proposal-async-generator-functions","visitor":{"_exploded":{},"_verified":{},"Program":{"enter":[null]}},"options":{}},{"key":"syntax-object-rest-spread","visitor":{"_exploded":true,"_verified":true},"options":{}},{"key":"proposal-object-rest-spread","visitor":{"_exploded":{},"_verified":{},"VariableDeclarator":{"enter":[null]},"ExportNamedDeclaration":{"enter":[null]},"CatchClause":{"enter":[null]},"AssignmentExpression":{"enter":[null]},"ArrayPattern":{"enter":[null]},"ObjectExpression":{"enter":[null]},"FunctionDeclaration":{"enter":[null]},"FunctionExpression":{"enter":[null]},"ObjectMethod":{"enter":[null]},"ArrowFunctionExpression":{"enter":[null]},"ClassMethod":{"enter":[null]},"ClassPrivateMethod":{"enter":[null]},"ForInStatement":{"enter":[null]},"ForOfStatement":{"enter":[null]}},"options":{}},{"key":"transform-literals","visitor":{"NumericLiteral":{"enter":[null]},"StringLiteral":{"enter":[null]},"_exploded":true,"_verified":true},"options":{}},{"key":"transform-template-literals","visitor":{"TaggedTemplateExpression":{"enter":[null]},"TemplateLiteral":{"enter":[null]},"_exploded":true,"_verified":true},"options":{}},{"key":"transform-parameters","visitor":{"_exploded":true,"_verified":true,"FunctionDeclaration":{"enter":[null]},"FunctionExpression":{"enter":[null]},"ObjectMethod":{"enter":[null]},"ArrowFunctionExpression":{"enter":[null]},"ClassMethod":{"enter":[null]},"ClassPrivateMethod":{"enter":[null]}},"options":{}},{"key":"transform-exponentiation-operator","visitor":{"AssignmentExpression":{"enter":[null]},"BinaryExpression":{"enter":[null]},"_exploded":true,"_verified":true},"options":{}}],"presets":[],"generatorOpts":{"filename":"/Users/stefpop/Desktop/repos/withBrandon/crossling_reference/experiments/from-scratch/packages/empirica:core/startup/client/idle.js","comments":true,"compact":false,"sourceMaps":true,"sourceFileName":"packages/empirica:core/startup/client/idle.js"}},"code":"let ActivityMonitor;\nmodule.link(\"../../lib/monitor.js\", {\n  ActivityMonitor(v) {\n    ActivityMonitor = v;\n  }\n\n}, 0);\nlet getPlayerId;\nmodule.link(\"../../ui/containers/IdentifiedContainer.jsx\", {\n  getPlayerId(v) {\n    getPlayerId = v;\n  }\n\n}, 1);\nlet updatePlayerStatus;\nmodule.link(\"../../api/players/methods.js\", {\n  updatePlayerStatus(v) {\n    updatePlayerStatus = v;\n  }\n\n}, 2);\n\ntry {\n  let playerId;\n  Meteor.startup(() => {\n    Tracker.autorun(function () {\n      const newPlayerId = getPlayerId();\n\n      if (newPlayerId === playerId) {\n        return;\n      }\n\n      if (newPlayerId) {\n        Tracker.autorun(function () {\n          const idle = ActivityMonitor.isIdle;\n          const lastActivityAt = ActivityMonitor.lastActivityAt;\n\n          if (!lastActivityAt) {\n            return;\n          }\n\n          const id = playerId || newPlayerId;\n\n          if (!id) {\n            return;\n          }\n\n          updatePlayerStatus.call({\n            playerId: id,\n            idle,\n            lastActivityAt\n          });\n        });\n      }\n\n      playerId = newPlayerId;\n    });\n  });\n} catch (error) {\n  console.error(error);\n}","map":{"version":3,"sources":["packages/empirica:core/startup/client/idle.js"],"names":["ActivityMonitor","module","link","v","getPlayerId","updatePlayerStatus","playerId","Meteor","startup","Tracker","autorun","newPlayerId","idle","isIdle","lastActivityAt","id","call","error","console"],"mappings":"AAAA,IAAIA,eAAJ;AAAoBC,MAAM,CAACC,IAAP,CAAY,sBAAZ,EAAmC;AAACF,EAAAA,eAAe,CAACG,CAAD,EAAG;AAACH,IAAAA,eAAe,GAACG,CAAhB;AAAkB;;AAAtC,CAAnC,EAA2E,CAA3E;AAA8E,IAAIC,WAAJ;AAAgBH,MAAM,CAACC,IAAP,CAAY,6CAAZ,EAA0D;AAACE,EAAAA,WAAW,CAACD,CAAD,EAAG;AAACC,IAAAA,WAAW,GAACD,CAAZ;AAAc;;AAA9B,CAA1D,EAA0F,CAA1F;AAA6F,IAAIE,kBAAJ;AAAuBJ,MAAM,CAACC,IAAP,CAAY,8BAAZ,EAA2C;AAACG,EAAAA,kBAAkB,CAACF,CAAD,EAAG;AAACE,IAAAA,kBAAkB,GAACF,CAAnB;AAAqB;;AAA5C,CAA3C,EAAyF,CAAzF;;AAItO,IAAI;AACF,MAAIG,QAAJ;AACAC,EAAAA,MAAM,CAACC,OAAP,CAAe,MAAM;AACnBC,IAAAA,OAAO,CAACC,OAAR,CAAgB,YAAW;AACzB,YAAMC,WAAW,GAAGP,WAAW,EAA/B;;AACA,UAAIO,WAAW,KAAKL,QAApB,EAA8B;AAC5B;AACD;;AAED,UAAIK,WAAJ,EAAiB;AACfF,QAAAA,OAAO,CAACC,OAAR,CAAgB,YAAW;AACzB,gBAAME,IAAI,GAAGZ,eAAe,CAACa,MAA7B;AACA,gBAAMC,cAAc,GAAGd,eAAe,CAACc,cAAvC;;AACA,cAAI,CAACA,cAAL,EAAqB;AACnB;AACD;;AAED,gBAAMC,EAAE,GAAGT,QAAQ,IAAIK,WAAvB;;AAEA,cAAI,CAACI,EAAL,EAAS;AACP;AACD;;AAEDV,UAAAA,kBAAkB,CAACW,IAAnB,CAAwB;AACtBV,YAAAA,QAAQ,EAAES,EADY;AAEtBH,YAAAA,IAFsB;AAGtBE,YAAAA;AAHsB,WAAxB;AAKD,SAlBD;AAmBD;;AACDR,MAAAA,QAAQ,GAAGK,WAAX;AACD,KA5BD;AA6BD,GA9BD;AA+BD,CAjCD,CAiCE,OAAOM,KAAP,EAAc;AACdC,EAAAA,OAAO,CAACD,KAAR,CAAcA,KAAd;AACD","sourcesContent":["import { ActivityMonitor } from \"../../lib/monitor.js\";\nimport { getPlayerId } from \"../../ui/containers/IdentifiedContainer.jsx\";\nimport { updatePlayerStatus } from \"../../api/players/methods.js\";\n\ntry {\n  let playerId;\n  Meteor.startup(() => {\n    Tracker.autorun(function() {\n      const newPlayerId = getPlayerId();\n      if (newPlayerId === playerId) {\n        return;\n      }\n\n      if (newPlayerId) {\n        Tracker.autorun(function() {\n          const idle = ActivityMonitor.isIdle;\n          const lastActivityAt = ActivityMonitor.lastActivityAt;\n          if (!lastActivityAt) {\n            return;\n          }\n\n          const id = playerId || newPlayerId;\n\n          if (!id) {\n            return;\n          }\n\n          updatePlayerStatus.call({\n            playerId: id,\n            idle,\n            lastActivityAt\n          });\n        });\n      }\n      playerId = newPlayerId;\n    });\n  });\n} catch (error) {\n  console.error(error);\n}\n"]},"sourceType":"module","hash":"6477827aa2b3a2cae7af5873ec9c71622063bcaa"}
