{"metadata":{},"options":{"compact":false,"sourceMaps":true,"ast":true,"babelrc":false,"configFile":false,"parserOpts":{"sourceType":"module","sourceFileName":"/Users/stefpop/Desktop/repos/withBrandon/crossling_reference/experiments/from-scratch/packages/empirica:core/ui/containers/admin/AdminBatchesContainer.jsx","plugins":["*","flow","jsx","asyncGenerators","bigInt","classPrivateMethods","classPrivateProperties","classProperties","doExpressions","dynamicImport","exportDefaultFrom","exportExtensions","exportNamespaceFrom","functionBind","functionSent","importMeta","nullishCoalescingOperator","numericSeparator","objectRestSpread","optionalCatchBinding","optionalChaining",["pipelineOperator",{"proposal":"minimal"}],"throwExpressions","classProperties","classPrivateProperties","jsx","nullishCoalescingOperator","nullishCoalescingOperator","optionalChaining","optionalChaining","optionalCatchBinding","optionalCatchBinding","classProperties","classPrivateProperties","classPrivateMethods","classProperties","classPrivateProperties","asyncGenerators","asyncGenerators","objectRestSpread","objectRestSpread"],"allowImportExportEverywhere":true,"allowReturnOutsideFunction":true,"allowUndeclaredExports":true,"strictMode":false},"caller":{"name":"meteor","arch":"web.browser"},"sourceFileName":"packages/empirica:core/ui/containers/admin/AdminBatchesContainer.jsx","filename":"/Users/stefpop/Desktop/repos/withBrandon/crossling_reference/experiments/from-scratch/packages/empirica:core/ui/containers/admin/AdminBatchesContainer.jsx","cloneInputAst":true,"passPerPreset":false,"envName":"development","cwd":"/Users/stefpop/Desktop/repos/withBrandon/crossling_reference/experiments/from-scratch","root":"/Users/stefpop/Desktop/repos/withBrandon/crossling_reference/experiments/from-scratch","plugins":[{"key":"base$0","visitor":{"_exploded":true,"_verified":true},"options":{}},{"key":"base$0$0","visitor":{"Program":{"enter":[null],"exit":[null]},"_exploded":true,"_verified":true},"options":{"avoidModernSyntax":false,"enforceStrictMode":false,"dynamicImport":true,"generateLetDeclarations":true}},{"key":"transform-runtime","visitor":{"CallExpression":{"enter":[null]},"BinaryExpression":{"enter":[null]},"MemberExpression":{"enter":[null],"exit":[null]},"_exploded":true,"_verified":true,"Identifier":{"enter":[null]},"JSXIdentifier":{"enter":[null]}},"options":{"version":"7.12.5","helpers":true,"useESModules":false,"corejs":false}},{"key":"proposal-class-properties","visitor":{"PrivateName":{"enter":[null]},"ExportDefaultDeclaration":{"enter":[null]},"_exploded":true,"_verified":true,"ClassExpression":{"enter":[null]},"ClassDeclaration":{"enter":[null]}},"options":{"loose":true}},{"key":"transform-react-jsx","visitor":{"_exploded":{},"_verified":{},"JSXNamespacedName":{"enter":[null]},"JSXSpreadChild":{"enter":[null]},"Program":{"enter":[null]},"JSXElement":{"exit":[null]},"JSXFragment":{"exit":[null]},"JSXAttribute":{"enter":[null]}},"options":{"pragma":"React.createElement","pragmaFrag":"React.Fragment","runtime":"classic","throwIfNamespace":true,"useBuiltIns":false}},{"key":"transform-react-display-name","visitor":{"ExportDefaultDeclaration":{"enter":[null]},"CallExpression":{"enter":[null]},"_exploded":true,"_verified":true},"options":{}},{"key":"transform-react-pure-annotations","visitor":{"CallExpression":{"enter":[null]},"_exploded":true,"_verified":true},"options":{}},{"key":"syntax-nullish-coalescing-operator","visitor":{"_exploded":true,"_verified":true},"options":{}},{"key":"proposal-nullish-coalescing-operator","visitor":{"_exploded":{},"_verified":{},"LogicalExpression":{"enter":[null]}},"options":{}},{"key":"syntax-optional-chaining","visitor":{"_exploded":true,"_verified":true},"options":{}},{"key":"proposal-optional-chaining","visitor":{"_exploded":{},"_verified":{},"OptionalCallExpression":{"enter":[null]},"OptionalMemberExpression":{"enter":[null]}},"options":{}},{"key":"syntax-optional-catch-binding","visitor":{"_exploded":true,"_verified":true},"options":{}},{"key":"proposal-optional-catch-binding","visitor":{"_exploded":{},"_verified":{},"CatchClause":{"enter":[null]}},"options":{}},{"key":"syntax-class-properties","visitor":{"_exploded":true,"_verified":true},"options":{}},{"key":"proposal-class-properties","visitor":{"PrivateName":{"enter":[null]},"ExportDefaultDeclaration":{"enter":[null]},"_exploded":true,"_verified":true,"ClassExpression":{"enter":[null]},"ClassDeclaration":{"enter":[null]}},"options":{}},{"key":"syntax-async-generators","visitor":{"_exploded":true,"_verified":true},"options":{}},{"key":"proposal-async-generator-functions","visitor":{"_exploded":{},"_verified":{},"Program":{"enter":[null]}},"options":{}},{"key":"syntax-object-rest-spread","visitor":{"_exploded":true,"_verified":true},"options":{}},{"key":"proposal-object-rest-spread","visitor":{"_exploded":{},"_verified":{},"VariableDeclarator":{"enter":[null]},"ExportNamedDeclaration":{"enter":[null]},"CatchClause":{"enter":[null]},"AssignmentExpression":{"enter":[null]},"ArrayPattern":{"enter":[null]},"ObjectExpression":{"enter":[null]},"FunctionDeclaration":{"enter":[null]},"FunctionExpression":{"enter":[null]},"ObjectMethod":{"enter":[null]},"ArrowFunctionExpression":{"enter":[null]},"ClassMethod":{"enter":[null]},"ClassPrivateMethod":{"enter":[null]},"ForInStatement":{"enter":[null]},"ForOfStatement":{"enter":[null]}},"options":{}},{"key":"transform-literals","visitor":{"NumericLiteral":{"enter":[null]},"StringLiteral":{"enter":[null]},"_exploded":true,"_verified":true},"options":{}},{"key":"transform-template-literals","visitor":{"TaggedTemplateExpression":{"enter":[null]},"TemplateLiteral":{"enter":[null]},"_exploded":true,"_verified":true},"options":{}},{"key":"transform-parameters","visitor":{"_exploded":true,"_verified":true,"FunctionDeclaration":{"enter":[null]},"FunctionExpression":{"enter":[null]},"ObjectMethod":{"enter":[null]},"ArrowFunctionExpression":{"enter":[null]},"ClassMethod":{"enter":[null]},"ClassPrivateMethod":{"enter":[null]}},"options":{}},{"key":"transform-exponentiation-operator","visitor":{"AssignmentExpression":{"enter":[null]},"BinaryExpression":{"enter":[null]},"_exploded":true,"_verified":true},"options":{}}],"presets":[],"generatorOpts":{"filename":"/Users/stefpop/Desktop/repos/withBrandon/crossling_reference/experiments/from-scratch/packages/empirica:core/ui/containers/admin/AdminBatchesContainer.jsx","comments":true,"compact":false,"sourceMaps":true,"sourceFileName":"packages/empirica:core/ui/containers/admin/AdminBatchesContainer.jsx"}},"code":"let _objectSpread;\n\nmodule.link(\"@babel/runtime/helpers/objectSpread2\", {\n  default(v) {\n    _objectSpread = v;\n  }\n\n}, 0);\nlet withTracker;\nmodule.link(\"meteor/react-meteor-data\", {\n  withTracker(v) {\n    withTracker = v;\n  }\n\n}, 0);\nlet Batches;\nmodule.link(\"../../../api/batches/batches\", {\n  Batches(v) {\n    Batches = v;\n  }\n\n}, 1);\nlet Factors;\nmodule.link(\"../../../api/factors/factors.js\", {\n  Factors(v) {\n    Factors = v;\n  }\n\n}, 2);\nlet FactorTypes;\nmodule.link(\"../../../api/factor-types/factor-types.js\", {\n  FactorTypes(v) {\n    FactorTypes = v;\n  }\n\n}, 3);\nlet LobbyConfigs;\nmodule.link(\"../../../api/lobby-configs/lobby-configs.js\", {\n  LobbyConfigs(v) {\n    LobbyConfigs = v;\n  }\n\n}, 4);\nlet Treatments;\nmodule.link(\"../../../api/treatments/treatments\", {\n  Treatments(v) {\n    Treatments = v;\n  }\n\n}, 5);\nlet AdminBatches;\nmodule.link(\"../../components/admin/AdminBatches\", {\n  default(v) {\n    AdminBatches = v;\n  }\n\n}, 6);\nmodule.exportDefault(withTracker(props => {\n  const {\n    archived\n  } = props;\n  const batchesLoading = !Meteor.subscribe(\"admin-batches\", {\n    archived\n  }).ready();\n  const treatmentsLoading = !Meteor.subscribe(\"admin-treatments\", {}).ready();\n  const factorsLoading = !Meteor.subscribe(\"admin-factors\").ready();\n  const factorTypesLoading = !Meteor.subscribe(\"admin-factor-types\").ready();\n  const lobbyConfigsLoading = !Meteor.subscribe(\"admin-lobby-configs\", {}).ready();\n  const batches = Batches.find({\n    archivedAt: {\n      $exists: Boolean(archived)\n    }\n  }, {\n    sort: {\n      index: 1\n    }\n  }).fetch();\n  const sortedBatches = [];\n\n  if (batches.length > 0) {\n    const runningBatches = [];\n    const initBatches = [];\n    batches.forEach(b => {\n      switch (b.status) {\n        case \"running\":\n        case \"finished\":\n          runningBatches.push(b);\n          break;\n\n        case \"init\":\n          initBatches.push(b);\n          break;\n\n        default:\n          sortedBatches.push(b);\n          break;\n      }\n    });\n\n    if (runningBatches.length > 0) {\n      sortedBatches.push(...runningBatches.sort((a, b) => a.runningAt - b.runningAt));\n    }\n\n    if (initBatches.length > 0) {\n      sortedBatches.push(...initBatches);\n    }\n  }\n\n  return _objectSpread({\n    loading: batchesLoading || treatmentsLoading || factorsLoading || lobbyConfigsLoading || factorTypesLoading,\n    batches: sortedBatches,\n    treatments: Treatments.find().fetch(),\n    factors: Factors.find().fetch(),\n    factorTypes: FactorTypes.find().fetch(),\n    lobbyConfigs: LobbyConfigs.find().fetch()\n  }, props);\n})(AdminBatches));","map":{"version":3,"sources":["packages/empirica:core/ui/containers/admin/AdminBatchesContainer.jsx"],"names":["_objectSpread","module","link","default","v","withTracker","Batches","Factors","FactorTypes","LobbyConfigs","Treatments","AdminBatches","exportDefault","props","archived","batchesLoading","Meteor","subscribe","ready","treatmentsLoading","factorsLoading","factorTypesLoading","lobbyConfigsLoading","batches","find","archivedAt","$exists","Boolean","sort","index","fetch","sortedBatches","length","runningBatches","initBatches","forEach","b","status","push","a","runningAt","loading","treatments","factors","factorTypes","lobbyConfigs"],"mappings":"AAAA,IAAIA,aAAJ;;AAAkBC,MAAM,CAACC,IAAP,CAAY,sCAAZ,EAAmD;AAACC,EAAAA,OAAO,CAACC,CAAD,EAAG;AAACJ,IAAAA,aAAa,GAACI,CAAd;AAAgB;;AAA5B,CAAnD,EAAiF,CAAjF;AAAlB,IAAIC,WAAJ;AAAgBJ,MAAM,CAACC,IAAP,CAAY,0BAAZ,EAAuC;AAACG,EAAAA,WAAW,CAACD,CAAD,EAAG;AAACC,IAAAA,WAAW,GAACD,CAAZ;AAAc;;AAA9B,CAAvC,EAAuE,CAAvE;AAA0E,IAAIE,OAAJ;AAAYL,MAAM,CAACC,IAAP,CAAY,8BAAZ,EAA2C;AAACI,EAAAA,OAAO,CAACF,CAAD,EAAG;AAACE,IAAAA,OAAO,GAACF,CAAR;AAAU;;AAAtB,CAA3C,EAAmE,CAAnE;AAAsE,IAAIG,OAAJ;AAAYN,MAAM,CAACC,IAAP,CAAY,iCAAZ,EAA8C;AAACK,EAAAA,OAAO,CAACH,CAAD,EAAG;AAACG,IAAAA,OAAO,GAACH,CAAR;AAAU;;AAAtB,CAA9C,EAAsE,CAAtE;AAAyE,IAAII,WAAJ;AAAgBP,MAAM,CAACC,IAAP,CAAY,2CAAZ,EAAwD;AAACM,EAAAA,WAAW,CAACJ,CAAD,EAAG;AAACI,IAAAA,WAAW,GAACJ,CAAZ;AAAc;;AAA9B,CAAxD,EAAwF,CAAxF;AAA2F,IAAIK,YAAJ;AAAiBR,MAAM,CAACC,IAAP,CAAY,6CAAZ,EAA0D;AAACO,EAAAA,YAAY,CAACL,CAAD,EAAG;AAACK,IAAAA,YAAY,GAACL,CAAb;AAAe;;AAAhC,CAA1D,EAA4F,CAA5F;AAA+F,IAAIM,UAAJ;AAAeT,MAAM,CAACC,IAAP,CAAY,oCAAZ,EAAiD;AAACQ,EAAAA,UAAU,CAACN,CAAD,EAAG;AAACM,IAAAA,UAAU,GAACN,CAAX;AAAa;;AAA5B,CAAjD,EAA+E,CAA/E;AAAkF,IAAIO,YAAJ;AAAiBV,MAAM,CAACC,IAAP,CAAY,qCAAZ,EAAkD;AAACC,EAAAA,OAAO,CAACC,CAAD,EAAG;AAACO,IAAAA,YAAY,GAACP,CAAb;AAAe;;AAA3B,CAAlD,EAA+E,CAA/E;AAA9kBH,MAAM,CAACW,aAAP,CASeP,WAAW,CAACQ,KAAK,IAAI;AAClC,QAAM;AAAEC,IAAAA;AAAF,MAAeD,KAArB;AACA,QAAME,cAAc,GAAG,CAACC,MAAM,CAACC,SAAP,CAAiB,eAAjB,EAAkC;AACxDH,IAAAA;AADwD,GAAlC,EAErBI,KAFqB,EAAxB;AAGA,QAAMC,iBAAiB,GAAG,CAACH,MAAM,CAACC,SAAP,CAAiB,kBAAjB,EAAqC,EAArC,EAAyCC,KAAzC,EAA3B;AACA,QAAME,cAAc,GAAG,CAACJ,MAAM,CAACC,SAAP,CAAiB,eAAjB,EAAkCC,KAAlC,EAAxB;AACA,QAAMG,kBAAkB,GAAG,CAACL,MAAM,CAACC,SAAP,CAAiB,oBAAjB,EAAuCC,KAAvC,EAA5B;AACA,QAAMI,mBAAmB,GAAG,CAACN,MAAM,CAACC,SAAP,CAC3B,qBAD2B,EAE3B,EAF2B,EAG3BC,KAH2B,EAA7B;AAKA,QAAMK,OAAO,GAAGjB,OAAO,CAACkB,IAAR,CACd;AACEC,IAAAA,UAAU,EAAE;AAAEC,MAAAA,OAAO,EAAEC,OAAO,CAACb,QAAD;AAAlB;AADd,GADc,EAId;AAAEc,IAAAA,IAAI,EAAE;AAAEC,MAAAA,KAAK,EAAE;AAAT;AAAR,GAJc,EAKdC,KALc,EAAhB;AAMA,QAAMC,aAAa,GAAG,EAAtB;;AAEA,MAAIR,OAAO,CAACS,MAAR,GAAiB,CAArB,EAAwB;AACtB,UAAMC,cAAc,GAAG,EAAvB;AACA,UAAMC,WAAW,GAAG,EAApB;AAEAX,IAAAA,OAAO,CAACY,OAAR,CAAgBC,CAAC,IAAI;AACnB,cAAQA,CAAC,CAACC,MAAV;AACE,aAAK,SAAL;AACA,aAAK,UAAL;AACEJ,UAAAA,cAAc,CAACK,IAAf,CAAoBF,CAApB;AACA;;AACF,aAAK,MAAL;AACEF,UAAAA,WAAW,CAACI,IAAZ,CAAiBF,CAAjB;AACA;;AAEF;AACEL,UAAAA,aAAa,CAACO,IAAd,CAAmBF,CAAnB;AACA;AAXJ;AAaD,KAdD;;AAgBA,QAAIH,cAAc,CAACD,MAAf,GAAwB,CAA5B,EAA+B;AAC7BD,MAAAA,aAAa,CAACO,IAAd,CACE,GAAGL,cAAc,CAACL,IAAf,CAAoB,CAACW,CAAD,EAAIH,CAAJ,KAAUG,CAAC,CAACC,SAAF,GAAcJ,CAAC,CAACI,SAA9C,CADL;AAGD;;AAED,QAAIN,WAAW,CAACF,MAAZ,GAAqB,CAAzB,EAA4B;AAC1BD,MAAAA,aAAa,CAACO,IAAd,CAAmB,GAAGJ,WAAtB;AACD;AACF;;AAED;AACEO,IAAAA,OAAO,EACL1B,cAAc,IACdI,iBADA,IAEAC,cAFA,IAGAE,mBAHA,IAIAD,kBANJ;AAOEE,IAAAA,OAAO,EAAEQ,aAPX;AAQEW,IAAAA,UAAU,EAAEhC,UAAU,CAACc,IAAX,GAAkBM,KAAlB,EARd;AASEa,IAAAA,OAAO,EAAEpC,OAAO,CAACiB,IAAR,GAAeM,KAAf,EATX;AAUEc,IAAAA,WAAW,EAAEpC,WAAW,CAACgB,IAAZ,GAAmBM,KAAnB,EAVf;AAWEe,IAAAA,YAAY,EAAEpC,YAAY,CAACe,IAAb,GAAoBM,KAApB;AAXhB,KAYKjB,KAZL;AAcD,CAlEyB,CAAX,CAkEZF,YAlEY,CATf","sourcesContent":["import { withTracker } from \"meteor/react-meteor-data\";\n\nimport { Batches } from \"../../../api/batches/batches\";\nimport { Factors } from \"../../../api/factors/factors.js\";\nimport { FactorTypes } from \"../../../api/factor-types/factor-types.js\";\nimport { LobbyConfigs } from \"../../../api/lobby-configs/lobby-configs.js\";\nimport { Treatments } from \"../../../api/treatments/treatments\";\nimport AdminBatches from \"../../components/admin/AdminBatches\";\n\nexport default withTracker(props => {\n  const { archived } = props;\n  const batchesLoading = !Meteor.subscribe(\"admin-batches\", {\n    archived\n  }).ready();\n  const treatmentsLoading = !Meteor.subscribe(\"admin-treatments\", {}).ready();\n  const factorsLoading = !Meteor.subscribe(\"admin-factors\").ready();\n  const factorTypesLoading = !Meteor.subscribe(\"admin-factor-types\").ready();\n  const lobbyConfigsLoading = !Meteor.subscribe(\n    \"admin-lobby-configs\",\n    {}\n  ).ready();\n\n  const batches = Batches.find(\n    {\n      archivedAt: { $exists: Boolean(archived) }\n    },\n    { sort: { index: 1 } }\n  ).fetch();\n  const sortedBatches = [];\n\n  if (batches.length > 0) {\n    const runningBatches = [];\n    const initBatches = [];\n\n    batches.forEach(b => {\n      switch (b.status) {\n        case \"running\":\n        case \"finished\":\n          runningBatches.push(b);\n          break;\n        case \"init\":\n          initBatches.push(b);\n          break;\n\n        default:\n          sortedBatches.push(b);\n          break;\n      }\n    });\n\n    if (runningBatches.length > 0) {\n      sortedBatches.push(\n        ...runningBatches.sort((a, b) => a.runningAt - b.runningAt)\n      );\n    }\n\n    if (initBatches.length > 0) {\n      sortedBatches.push(...initBatches);\n    }\n  }\n\n  return {\n    loading:\n      batchesLoading ||\n      treatmentsLoading ||\n      factorsLoading ||\n      lobbyConfigsLoading ||\n      factorTypesLoading,\n    batches: sortedBatches,\n    treatments: Treatments.find().fetch(),\n    factors: Factors.find().fetch(),\n    factorTypes: FactorTypes.find().fetch(),\n    lobbyConfigs: LobbyConfigs.find().fetch(),\n    ...props\n  };\n})(AdminBatches);\n"]},"sourceType":"module","hash":"648d5a24f55c32c1dc3b268d0b295e9d97f6d113"}
