{"metadata":{},"options":{"compact":false,"sourceMaps":true,"ast":true,"babelrc":false,"configFile":false,"parserOpts":{"sourceType":"module","sourceFileName":"/Users/stefpop/Desktop/repos/withBrandon/crossling_reference/experiments/from-scratch/packages/empirica:core/api/player-stages/player-stages.js","plugins":["*","flow","jsx","asyncGenerators","bigInt","classPrivateMethods","classPrivateProperties","classProperties","doExpressions","dynamicImport","exportDefaultFrom","exportExtensions","exportNamespaceFrom","functionBind","functionSent","importMeta","nullishCoalescingOperator","numericSeparator","objectRestSpread","optionalCatchBinding","optionalChaining",["pipelineOperator",{"proposal":"minimal"}],"throwExpressions","objectRestSpread","objectRestSpread","asyncGenerators","classProperties","classPrivateProperties","jsx","nullishCoalescingOperator","nullishCoalescingOperator","optionalChaining","optionalChaining","optionalCatchBinding","optionalCatchBinding","classProperties","classPrivateProperties","classPrivateMethods","classProperties","classPrivateProperties","asyncGenerators","asyncGenerators","objectRestSpread","objectRestSpread"],"allowImportExportEverywhere":true,"allowReturnOutsideFunction":true,"allowUndeclaredExports":true,"strictMode":false},"caller":{"name":"meteor","arch":"os.osx.x86_64"},"sourceFileName":"packages/empirica:core/api/player-stages/player-stages.js","filename":"/Users/stefpop/Desktop/repos/withBrandon/crossling_reference/experiments/from-scratch/packages/empirica:core/api/player-stages/player-stages.js","cloneInputAst":true,"passPerPreset":false,"envName":"development","cwd":"/Users/stefpop/Desktop/repos/withBrandon/crossling_reference/experiments/from-scratch","root":"/Users/stefpop/Desktop/repos/withBrandon/crossling_reference/experiments/from-scratch","plugins":[{"key":"base$0","visitor":{"_exploded":true,"_verified":true},"options":{}},{"key":"base$0$0","visitor":{"Program":{"enter":[null],"exit":[null]},"_exploded":true,"_verified":true},"options":{"avoidModernSyntax":false,"enforceStrictMode":false,"dynamicImport":true,"generateLetDeclarations":true}},{"key":"transform-runtime","visitor":{"CallExpression":{"enter":[null]},"BinaryExpression":{"enter":[null]},"MemberExpression":{"enter":[null],"exit":[null]},"_exploded":true,"_verified":true,"Identifier":{"enter":[null]},"JSXIdentifier":{"enter":[null]}},"options":{"version":"7.12.5","helpers":true,"useESModules":false,"corejs":false}},{"key":"syntax-object-rest-spread","visitor":{"_exploded":true,"_verified":true},"options":{}},{"key":"proposal-object-rest-spread","visitor":{"_exploded":{},"_verified":{},"VariableDeclarator":{"enter":[null]},"ExportNamedDeclaration":{"enter":[null]},"CatchClause":{"enter":[null]},"AssignmentExpression":{"enter":[null]},"ArrayPattern":{"enter":[null]},"ObjectExpression":{"enter":[null]},"FunctionDeclaration":{"enter":[null]},"FunctionExpression":{"enter":[null]},"ObjectMethod":{"enter":[null]},"ArrowFunctionExpression":{"enter":[null]},"ClassMethod":{"enter":[null]},"ClassPrivateMethod":{"enter":[null]},"ForInStatement":{"enter":[null]},"ForOfStatement":{"enter":[null]}},"options":{}},{"key":"transform-meteor-async-await","visitor":{"AwaitExpression":{"enter":[null]},"_exploded":true,"_verified":true,"FunctionDeclaration":{"exit":[null]},"FunctionExpression":{"exit":[null]},"ObjectMethod":{"exit":[null]},"ArrowFunctionExpression":{"exit":[null]},"ClassMethod":{"exit":[null]},"ClassPrivateMethod":{"exit":[null]}},"options":{"useNativeAsyncAwait":false}},{"key":"proposal-async-generator-functions","visitor":{"_exploded":{},"_verified":{},"Program":{"enter":[null]}},"options":{}},{"key":"proposal-class-properties","visitor":{"PrivateName":{"enter":[null]},"ExportDefaultDeclaration":{"enter":[null]},"_exploded":true,"_verified":true,"ClassExpression":{"enter":[null]},"ClassDeclaration":{"enter":[null]}},"options":{"loose":true}},{"key":"transform-react-jsx","visitor":{"_exploded":{},"_verified":{},"JSXNamespacedName":{"enter":[null]},"JSXSpreadChild":{"enter":[null]},"Program":{"enter":[null]},"JSXElement":{"exit":[null]},"JSXFragment":{"exit":[null]},"JSXAttribute":{"enter":[null]}},"options":{"pragma":"React.createElement","pragmaFrag":"React.Fragment","runtime":"classic","throwIfNamespace":true,"useBuiltIns":false}},{"key":"transform-react-display-name","visitor":{"ExportDefaultDeclaration":{"enter":[null]},"CallExpression":{"enter":[null]},"_exploded":true,"_verified":true},"options":{}},{"key":"transform-react-pure-annotations","visitor":{"CallExpression":{"enter":[null]},"_exploded":true,"_verified":true},"options":{}},{"key":"syntax-nullish-coalescing-operator","visitor":{"_exploded":true,"_verified":true},"options":{}},{"key":"proposal-nullish-coalescing-operator","visitor":{"_exploded":{},"_verified":{},"LogicalExpression":{"enter":[null]}},"options":{}},{"key":"syntax-optional-chaining","visitor":{"_exploded":true,"_verified":true},"options":{}},{"key":"proposal-optional-chaining","visitor":{"_exploded":{},"_verified":{},"OptionalCallExpression":{"enter":[null]},"OptionalMemberExpression":{"enter":[null]}},"options":{}},{"key":"syntax-optional-catch-binding","visitor":{"_exploded":true,"_verified":true},"options":{}},{"key":"proposal-optional-catch-binding","visitor":{"_exploded":{},"_verified":{},"CatchClause":{"enter":[null]}},"options":{}},{"key":"syntax-class-properties","visitor":{"_exploded":true,"_verified":true},"options":{}},{"key":"proposal-class-properties","visitor":{"PrivateName":{"enter":[null]},"ExportDefaultDeclaration":{"enter":[null]},"_exploded":true,"_verified":true,"ClassExpression":{"enter":[null]},"ClassDeclaration":{"enter":[null]}},"options":{}},{"key":"syntax-async-generators","visitor":{"_exploded":true,"_verified":true},"options":{}},{"key":"proposal-async-generator-functions","visitor":{"_exploded":{},"_verified":{},"Program":{"enter":[null]}},"options":{}},{"key":"syntax-object-rest-spread","visitor":{"_exploded":true,"_verified":true},"options":{}},{"key":"proposal-object-rest-spread","visitor":{"_exploded":{},"_verified":{},"VariableDeclarator":{"enter":[null]},"ExportNamedDeclaration":{"enter":[null]},"CatchClause":{"enter":[null]},"AssignmentExpression":{"enter":[null]},"ArrayPattern":{"enter":[null]},"ObjectExpression":{"enter":[null]},"FunctionDeclaration":{"enter":[null]},"FunctionExpression":{"enter":[null]},"ObjectMethod":{"enter":[null]},"ArrowFunctionExpression":{"enter":[null]},"ClassMethod":{"enter":[null]},"ClassPrivateMethod":{"enter":[null]},"ForInStatement":{"enter":[null]},"ForOfStatement":{"enter":[null]}},"options":{}},{"key":"transform-literals","visitor":{"NumericLiteral":{"enter":[null]},"StringLiteral":{"enter":[null]},"_exploded":true,"_verified":true},"options":{}},{"key":"transform-template-literals","visitor":{"TaggedTemplateExpression":{"enter":[null]},"TemplateLiteral":{"enter":[null]},"_exploded":true,"_verified":true},"options":{}},{"key":"transform-parameters","visitor":{"_exploded":true,"_verified":true,"FunctionDeclaration":{"enter":[null]},"FunctionExpression":{"enter":[null]},"ObjectMethod":{"enter":[null]},"ArrowFunctionExpression":{"enter":[null]},"ClassMethod":{"enter":[null]},"ClassPrivateMethod":{"enter":[null]}},"options":{}},{"key":"transform-exponentiation-operator","visitor":{"AssignmentExpression":{"enter":[null]},"BinaryExpression":{"enter":[null]},"_exploded":true,"_verified":true},"options":{}}],"presets":[],"generatorOpts":{"filename":"/Users/stefpop/Desktop/repos/withBrandon/crossling_reference/experiments/from-scratch/packages/empirica:core/api/player-stages/player-stages.js","comments":true,"compact":false,"sourceMaps":true,"sourceFileName":"packages/empirica:core/api/player-stages/player-stages.js"}},"code":"module.export({\n  PlayerStages: () => PlayerStages\n});\nlet SimpleSchema;\nmodule.link(\"simpl-schema\", {\n  default(v) {\n    SimpleSchema = v;\n  }\n\n}, 0);\nlet TimestampSchema, UserDataSchema, BelongsTo;\nmodule.link(\"../default-schemas\", {\n  TimestampSchema(v) {\n    TimestampSchema = v;\n  },\n\n  UserDataSchema(v) {\n    UserDataSchema = v;\n  },\n\n  BelongsTo(v) {\n    BelongsTo = v;\n  }\n\n}, 1);\nconst PlayerStages = new Mongo.Collection(\"player_stages\");\nPlayerStages.schema = new SimpleSchema({\n  submittedAt: {\n    type: Date,\n    denyInsert: true,\n    optional: true,\n    index: 1\n  }\n});\nPlayerStages.schema.extend(TimestampSchema);\nPlayerStages.schema.extend(UserDataSchema);\nPlayerStages.schema.extend(BelongsTo(\"Players\"));\nPlayerStages.schema.extend(BelongsTo(\"Stages\"));\nPlayerStages.schema.extend(BelongsTo(\"Rounds\"));\nPlayerStages.schema.extend(BelongsTo(\"Games\"));\nPlayerStages.schema.extend(BelongsTo(\"Batches\"));\nPlayerStages.attachSchema(PlayerStages.schema);","map":{"version":3,"sources":["packages/empirica:core/api/player-stages/player-stages.js"],"names":["module","export","PlayerStages","SimpleSchema","link","default","v","TimestampSchema","UserDataSchema","BelongsTo","Mongo","Collection","schema","submittedAt","type","Date","denyInsert","optional","index","extend","attachSchema"],"mappings":"AAAAA,MAAM,CAACC,MAAP,CAAc;AAACC,EAAAA,YAAY,EAAC,MAAIA;AAAlB,CAAd;AAA+C,IAAIC,YAAJ;AAAiBH,MAAM,CAACI,IAAP,CAAY,cAAZ,EAA2B;AAACC,EAAAA,OAAO,CAACC,CAAD,EAAG;AAACH,IAAAA,YAAY,GAACG,CAAb;AAAe;;AAA3B,CAA3B,EAAwD,CAAxD;AAA2D,IAAIC,eAAJ,EAAoBC,cAApB,EAAmCC,SAAnC;AAA6CT,MAAM,CAACI,IAAP,CAAY,oBAAZ,EAAiC;AAACG,EAAAA,eAAe,CAACD,CAAD,EAAG;AAACC,IAAAA,eAAe,GAACD,CAAhB;AAAkB,GAAtC;;AAAuCE,EAAAA,cAAc,CAACF,CAAD,EAAG;AAACE,IAAAA,cAAc,GAACF,CAAf;AAAiB,GAA1E;;AAA2EG,EAAAA,SAAS,CAACH,CAAD,EAAG;AAACG,IAAAA,SAAS,GAACH,CAAV;AAAY;;AAApG,CAAjC,EAAuI,CAAvI;AAIjK,MAAMJ,YAAY,GAAG,IAAIQ,KAAK,CAACC,UAAV,CAAqB,eAArB,CAArB;AAEPT,YAAY,CAACU,MAAb,GAAsB,IAAIT,YAAJ,CAAiB;AACrCU,EAAAA,WAAW,EAAE;AACXC,IAAAA,IAAI,EAAEC,IADK;AAEXC,IAAAA,UAAU,EAAE,IAFD;AAGXC,IAAAA,QAAQ,EAAE,IAHC;AAIXC,IAAAA,KAAK,EAAE;AAJI;AADwB,CAAjB,CAAtB;AASAhB,YAAY,CAACU,MAAb,CAAoBO,MAApB,CAA2BZ,eAA3B;AACAL,YAAY,CAACU,MAAb,CAAoBO,MAApB,CAA2BX,cAA3B;AACAN,YAAY,CAACU,MAAb,CAAoBO,MAApB,CAA2BV,SAAS,CAAC,SAAD,CAApC;AACAP,YAAY,CAACU,MAAb,CAAoBO,MAApB,CAA2BV,SAAS,CAAC,QAAD,CAApC;AACAP,YAAY,CAACU,MAAb,CAAoBO,MAApB,CAA2BV,SAAS,CAAC,QAAD,CAApC;AACAP,YAAY,CAACU,MAAb,CAAoBO,MAApB,CAA2BV,SAAS,CAAC,OAAD,CAApC;AACAP,YAAY,CAACU,MAAb,CAAoBO,MAApB,CAA2BV,SAAS,CAAC,SAAD,CAApC;AACAP,YAAY,CAACkB,YAAb,CAA0BlB,YAAY,CAACU,MAAvC","sourcesContent":["import SimpleSchema from \"simpl-schema\";\n\nimport { TimestampSchema, UserDataSchema, BelongsTo } from \"../default-schemas\";\n\nexport const PlayerStages = new Mongo.Collection(\"player_stages\");\n\nPlayerStages.schema = new SimpleSchema({\n  submittedAt: {\n    type: Date,\n    denyInsert: true,\n    optional: true,\n    index: 1\n  }\n});\n\nPlayerStages.schema.extend(TimestampSchema);\nPlayerStages.schema.extend(UserDataSchema);\nPlayerStages.schema.extend(BelongsTo(\"Players\"));\nPlayerStages.schema.extend(BelongsTo(\"Stages\"));\nPlayerStages.schema.extend(BelongsTo(\"Rounds\"));\nPlayerStages.schema.extend(BelongsTo(\"Games\"));\nPlayerStages.schema.extend(BelongsTo(\"Batches\"));\nPlayerStages.attachSchema(PlayerStages.schema);\n"]},"sourceType":"module","hash":"6642e68a23ba4e866155e4909b2a3a7b665834cb"}
