{"metadata":{},"options":{"compact":false,"sourceMaps":true,"ast":true,"babelrc":false,"configFile":false,"parserOpts":{"sourceType":"module","sourceFileName":"/Users/stefpop/Desktop/repos/withBrandon/crossling_reference/experiments/from-scratch/packages/empirica:core/api/games/methods.js","plugins":["*","flow","jsx","asyncGenerators","bigInt","classPrivateMethods","classPrivateProperties","classProperties","doExpressions","dynamicImport","exportDefaultFrom","exportExtensions","exportNamespaceFrom","functionBind","functionSent","importMeta","nullishCoalescingOperator","numericSeparator","objectRestSpread","optionalCatchBinding","optionalChaining",["pipelineOperator",{"proposal":"minimal"}],"throwExpressions","classProperties","classPrivateProperties","jsx","nullishCoalescingOperator","nullishCoalescingOperator","optionalChaining","optionalChaining","optionalCatchBinding","optionalCatchBinding","classProperties","classPrivateProperties","classPrivateMethods","classProperties","classPrivateProperties","asyncGenerators","asyncGenerators","objectRestSpread","objectRestSpread"],"allowImportExportEverywhere":true,"allowReturnOutsideFunction":true,"allowUndeclaredExports":true,"strictMode":false},"caller":{"name":"meteor","arch":"web.browser.legacy"},"sourceFileName":"packages/empirica:core/api/games/methods.js","filename":"/Users/stefpop/Desktop/repos/withBrandon/crossling_reference/experiments/from-scratch/packages/empirica:core/api/games/methods.js","cloneInputAst":true,"passPerPreset":false,"envName":"development","cwd":"/Users/stefpop/Desktop/repos/withBrandon/crossling_reference/experiments/from-scratch","root":"/Users/stefpop/Desktop/repos/withBrandon/crossling_reference/experiments/from-scratch","plugins":[{"key":"base$0","visitor":{"_exploded":true,"_verified":true},"options":{}},{"key":"base$0$0","visitor":{"Program":{"enter":[null],"exit":[null]},"_exploded":true,"_verified":true},"options":{"avoidModernSyntax":true,"enforceStrictMode":false,"dynamicImport":true}},{"key":"transform-runtime","visitor":{"CallExpression":{"enter":[null]},"BinaryExpression":{"enter":[null]},"MemberExpression":{"enter":[null],"exit":[null]},"_exploded":true,"_verified":true,"Identifier":{"enter":[null]},"JSXIdentifier":{"enter":[null]}},"options":{"version":"7.12.5","helpers":true,"useESModules":false,"corejs":false}},{"key":"proposal-class-properties","visitor":{"PrivateName":{"enter":[null]},"ExportDefaultDeclaration":{"enter":[null]},"_exploded":true,"_verified":true,"ClassExpression":{"enter":[null]},"ClassDeclaration":{"enter":[null]}},"options":{"loose":true}},{"key":"base$0$3","visitor":{"FunctionExpression":{"exit":[null]},"_exploded":true,"_verified":true},"options":{}},{"key":"base$0$4","visitor":{"ForInStatement":{"enter":[null]},"_exploded":true,"_verified":true},"options":{}},{"key":"transform-react-jsx","visitor":{"_exploded":{},"_verified":{},"JSXNamespacedName":{"enter":[null]},"JSXSpreadChild":{"enter":[null]},"Program":{"enter":[null]},"JSXElement":{"exit":[null]},"JSXFragment":{"exit":[null]},"JSXAttribute":{"enter":[null]}},"options":{"pragma":"React.createElement","pragmaFrag":"React.Fragment","runtime":"classic","throwIfNamespace":true,"useBuiltIns":false}},{"key":"transform-react-display-name","visitor":{"ExportDefaultDeclaration":{"enter":[null]},"CallExpression":{"enter":[null]},"_exploded":true,"_verified":true},"options":{}},{"key":"transform-react-pure-annotations","visitor":{"CallExpression":{"enter":[null]},"_exploded":true,"_verified":true},"options":{}},{"key":"syntax-nullish-coalescing-operator","visitor":{"_exploded":true,"_verified":true},"options":{}},{"key":"proposal-nullish-coalescing-operator","visitor":{"_exploded":{},"_verified":{},"LogicalExpression":{"enter":[null]}},"options":{}},{"key":"syntax-optional-chaining","visitor":{"_exploded":true,"_verified":true},"options":{}},{"key":"proposal-optional-chaining","visitor":{"_exploded":{},"_verified":{},"OptionalCallExpression":{"enter":[null]},"OptionalMemberExpression":{"enter":[null]}},"options":{}},{"key":"syntax-optional-catch-binding","visitor":{"_exploded":true,"_verified":true},"options":{}},{"key":"proposal-optional-catch-binding","visitor":{"_exploded":{},"_verified":{},"CatchClause":{"enter":[null]}},"options":{}},{"key":"syntax-class-properties","visitor":{"_exploded":true,"_verified":true},"options":{}},{"key":"proposal-class-properties","visitor":{"PrivateName":{"enter":[null]},"ExportDefaultDeclaration":{"enter":[null]},"_exploded":true,"_verified":true,"ClassExpression":{"enter":[null]},"ClassDeclaration":{"enter":[null]}},"options":{}},{"key":"syntax-async-generators","visitor":{"_exploded":true,"_verified":true},"options":{}},{"key":"proposal-async-generator-functions","visitor":{"_exploded":{},"_verified":{},"Program":{"enter":[null]}},"options":{}},{"key":"syntax-object-rest-spread","visitor":{"_exploded":true,"_verified":true},"options":{}},{"key":"proposal-object-rest-spread","visitor":{"_exploded":{},"_verified":{},"VariableDeclarator":{"enter":[null]},"ExportNamedDeclaration":{"enter":[null]},"CatchClause":{"enter":[null]},"AssignmentExpression":{"enter":[null]},"ArrayPattern":{"enter":[null]},"ObjectExpression":{"enter":[null]},"FunctionDeclaration":{"enter":[null]},"FunctionExpression":{"enter":[null]},"ObjectMethod":{"enter":[null]},"ArrowFunctionExpression":{"enter":[null]},"ClassMethod":{"enter":[null]},"ClassPrivateMethod":{"enter":[null]},"ForInStatement":{"enter":[null]},"ForOfStatement":{"enter":[null]}},"options":{}},{"key":"transform-arrow-functions","visitor":{"ArrowFunctionExpression":{"enter":[null]},"_exploded":true,"_verified":true},"options":{}},{"key":"transform-block-scoped-functions","visitor":{"BlockStatement":{"enter":[null]},"SwitchCase":{"enter":[null]},"_exploded":true,"_verified":true},"options":{}},{"key":"transform-block-scoping","visitor":{"VariableDeclaration":{"enter":[null]},"CatchClause":{"enter":[null]},"_exploded":true,"BlockStatement":{"enter":[null]},"SwitchStatement":{"enter":[null]},"Program":{"enter":[null]},"_verified":true,"DoWhileStatement":{"enter":[null]},"ForInStatement":{"enter":[null]},"ForStatement":{"enter":[null]},"WhileStatement":{"enter":[null]},"ForOfStatement":{"enter":[null]}},"options":{}},{"key":"transform-classes","visitor":{"ExportDefaultDeclaration":{"enter":[null]},"ClassDeclaration":{"enter":[null]},"ClassExpression":{"enter":[null]},"_exploded":true,"_verified":true},"options":{"loose":true}},{"key":"transform-computed-properties","visitor":{"ObjectExpression":{"exit":[null]},"_exploded":true,"_verified":true},"options":{"loose":true}},{"key":"transform-destructuring","visitor":{"ExportNamedDeclaration":{"enter":[null]},"CatchClause":{"enter":[null]},"AssignmentExpression":{"enter":[null]},"VariableDeclaration":{"enter":[null]},"_exploded":true,"_verified":true,"ForInStatement":{"enter":[null]},"ForOfStatement":{"enter":[null]}},"options":{}},{"key":"transform-for-of","visitor":{"ForOfStatement":{"enter":[null]},"_exploded":true,"_verified":true},"options":{"loose":true}},{"key":"transform-literals","visitor":{"NumericLiteral":{"enter":[null]},"StringLiteral":{"enter":[null]},"_exploded":true,"_verified":true},"options":{}},{"key":"transform-object-super","visitor":{"ObjectExpression":{"enter":[null]},"_exploded":true,"_verified":true},"options":{}},{"key":"transform-parameters","visitor":{"_exploded":true,"_verified":true,"FunctionDeclaration":{"enter":[null]},"FunctionExpression":{"enter":[null]},"ObjectMethod":{"enter":[null]},"ArrowFunctionExpression":{"enter":[null]},"ClassMethod":{"enter":[null]},"ClassPrivateMethod":{"enter":[null]}},"options":{}},{"key":"transform-shorthand-properties","visitor":{"ObjectMethod":{"enter":[null]},"ObjectProperty":{"enter":[null]},"_exploded":true,"_verified":true},"options":{}},{"key":"transform-spread","visitor":{"ArrayExpression":{"enter":[null]},"CallExpression":{"enter":[null]},"NewExpression":{"enter":[null]},"_exploded":true,"_verified":true},"options":{}},{"key":"transform-sticky-regex","visitor":{"RegExpLiteral":{"enter":[null]},"_exploded":true,"_verified":true},"options":{}},{"key":"transform-template-literals","visitor":{"TaggedTemplateExpression":{"enter":[null]},"TemplateLiteral":{"enter":[null]},"_exploded":true,"_verified":true},"options":{"loose":true}},{"key":"transform-typeof-symbol","visitor":{"UnaryExpression":{"enter":[null]},"_exploded":true,"_verified":true,"BlockStatement":{"enter":[null]},"CatchClause":{"enter":[null]},"DoWhileStatement":{"enter":[null]},"ForInStatement":{"enter":[null]},"ForStatement":{"enter":[null]},"FunctionDeclaration":{"enter":[null]},"FunctionExpression":{"enter":[null]},"Program":{"enter":[null]},"ObjectMethod":{"enter":[null]},"SwitchStatement":{"enter":[null]},"WhileStatement":{"enter":[null]},"ArrowFunctionExpression":{"enter":[null]},"ClassExpression":{"enter":[null]},"ClassDeclaration":{"enter":[null]},"ForOfStatement":{"enter":[null]},"ClassMethod":{"enter":[null]},"ClassPrivateMethod":{"enter":[null]},"StaticBlock":{"enter":[null]},"TSModuleBlock":{"enter":[null]},"AssignmentPattern":{"enter":[null]},"ArrayPattern":{"enter":[null]},"ObjectPattern":{"enter":[null]}},"options":{}},{"key":"transform-unicode-regex","visitor":{"RegExpLiteral":{"enter":[null]},"_exploded":true,"_verified":true},"options":{}},{"key":"transform-property-literals","visitor":{"ObjectProperty":{"exit":[null]},"_exploded":true,"_verified":true},"options":{}},{"key":"transform-exponentiation-operator","visitor":{"AssignmentExpression":{"enter":[null]},"BinaryExpression":{"enter":[null]},"_exploded":true,"_verified":true},"options":{}},{"key":"regenerator-transform","visitor":{"_exploded":true,"_verified":true,"ObjectMethod":{"enter":[null],"exit":[null]},"ClassMethod":{"enter":[null],"exit":[null]},"ClassPrivateMethod":{"enter":[null],"exit":[null]},"FunctionDeclaration":{"exit":[null]},"FunctionExpression":{"exit":[null]},"ArrowFunctionExpression":{"exit":[null]}},"options":{}}],"presets":[],"generatorOpts":{"filename":"/Users/stefpop/Desktop/repos/withBrandon/crossling_reference/experiments/from-scratch/packages/empirica:core/api/games/methods.js","comments":true,"compact":false,"sourceMaps":true,"sourceFileName":"packages/empirica:core/api/games/methods.js"}},"code":"module.export({\n  updateGameData: function () {\n    return updateGameData;\n  },\n  earlyExitGame: function () {\n    return earlyExitGame;\n  }\n});\nvar shared;\nmodule.link(\"../../shared.js\", {\n  \"default\": function (v) {\n    shared = v;\n  }\n}, 0);\nvar ValidatedMethod;\nmodule.link(\"meteor/mdg:validated-method\", {\n  ValidatedMethod: function (v) {\n    ValidatedMethod = v;\n  }\n}, 1);\nvar SimpleSchema;\nmodule.link(\"simpl-schema\", {\n  \"default\": function (v) {\n    SimpleSchema = v;\n  }\n}, 2);\nvar Games;\nmodule.link(\"./games.js\", {\n  Games: function (v) {\n    Games = v;\n  }\n}, 3);\nvar GameLobbies;\nmodule.link(\"../game-lobbies/game-lobbies.js\", {\n  GameLobbies: function (v) {\n    GameLobbies = v;\n  }\n}, 4);\nvar Players;\nmodule.link(\"../players/players.js\", {\n  Players: function (v) {\n    Players = v;\n  }\n}, 5);\nvar Stages;\nmodule.link(\"../stages/stages.js\", {\n  Stages: function (v) {\n    Stages = v;\n  }\n}, 6);\nvar Batches;\nmodule.link(\"../batches/batches.js\", {\n  Batches: function (v) {\n    Batches = v;\n  }\n}, 7);\nvar updateGameData = new ValidatedMethod({\n  name: \"Games.methods.updateData\",\n  validate: new SimpleSchema({\n    gameId: {\n      type: String,\n      regEx: SimpleSchema.RegEx.Id\n    },\n    key: {\n      type: String\n    },\n    value: {\n      type: String\n    },\n    append: {\n      type: Boolean,\n      optional: true\n    },\n    noCallback: {\n      type: Boolean,\n      optional: true\n    }\n  }).validator(),\n  run: function (_ref) {\n    var _update;\n\n    var gameId = _ref.gameId,\n        key = _ref.key,\n        value = _ref.value,\n        append = _ref.append,\n        noCallback = _ref.noCallback;\n    var game = Games.findOne(gameId);\n\n    if (!game) {\n      throw new Error(\"game not found\");\n    } // TODO check can update this record game\n\n\n    var val = JSON.parse(value);\n    var update = (_update = {}, _update[\"data.\" + key] = val, _update);\n    var modifier = append ? {\n      $push: update\n    } : {\n      $set: update\n    };\n    Games.update(gameId, modifier, {\n      autoConvert: false,\n      filter: false,\n      validate: false,\n      trimStrings: false,\n      removeEmptyStrings: false\n    });\n\n    if (Meteor.isServer && !noCallback) {\n      shared.callOnChange({\n        conn: this.connection,\n        gameId: gameId,\n        game: game,\n        key: key,\n        value: val,\n        prevValue: game.data && game.data[key],\n        append: append\n      });\n    }\n  }\n});\nvar earlyExitGame = new ValidatedMethod({\n  name: \"Games.methods.earlyExitGame\",\n  validate: new SimpleSchema({\n    gameId: {\n      type: String,\n      regEx: SimpleSchema.RegEx.Id\n    },\n    endReason: {\n      label: \"Reason for End\",\n      type: String,\n      regEx: /[a-zA-Z0-9_]+/\n    },\n    status: {\n      label: \"status for games and players after exit\",\n      type: String,\n      regEx: /[a-zA-Z0-9_]+/\n    }\n  }).validator(),\n  run: function (_ref2) {\n    var gameId = _ref2.gameId,\n        endReason = _ref2.endReason,\n        status = _ref2.status;\n\n    if (!Meteor.isServer) {\n      return;\n    }\n\n    var game = Games.findOne(gameId);\n\n    if (!game) {\n      throw new Error(\"game not found\");\n    }\n\n    if (game && game.finishedAt) {\n      if (Meteor.isDevelopment) {\n        console.log(\"\\n\\ngame already ended!\");\n      }\n\n      return;\n    }\n\n    Games.update(gameId, {\n      $set: {\n        finishedAt: new Date(),\n        status: status,\n        endReason: endReason\n      }\n    });\n    GameLobbies.update({\n      gameId: gameId\n    }, {\n      $set: {\n        status: status,\n        endReason: endReason\n      }\n    });\n    game.playerIds.forEach(function (playerId) {\n      return Players.update(playerId, {\n        $set: {\n          exitAt: new Date(),\n          exitStatus: status,\n          exitReason: endReason\n        }\n      });\n    });\n    var batch = Batches.findOne(game.batchId);\n    var availableLobby = GameLobbies.findOne({\n      $and: [{\n        _id: {\n          $in: batch.gameLobbyIds\n        }\n      }, {\n        status: {\n          $in: [\"init\", \"running\"]\n        }\n      }]\n    }); // End batch if there is no available game\n\n    if (!availableLobby) {\n      Batches.update({\n        gameLobbyIds: gameId\n      }, {\n        $set: {\n          status: status,\n          finishedAt: new Date()\n        }\n      });\n    }\n  }\n});","map":{"version":3,"sources":["packages/empirica:core/api/games/methods.js"],"names":["module","export","updateGameData","earlyExitGame","shared","link","v","ValidatedMethod","SimpleSchema","Games","GameLobbies","Players","Stages","Batches","name","validate","gameId","type","String","regEx","RegEx","Id","key","value","append","Boolean","optional","noCallback","validator","run","game","findOne","Error","val","JSON","parse","update","modifier","$push","$set","autoConvert","filter","trimStrings","removeEmptyStrings","Meteor","isServer","callOnChange","conn","connection","prevValue","data","endReason","label","status","finishedAt","isDevelopment","console","log","Date","playerIds","forEach","playerId","exitAt","exitStatus","exitReason","batch","batchId","availableLobby","$and","_id","$in","gameLobbyIds"],"mappings":"AAAAA,MAAM,CAACC,MAAP,CAAc;AAACC,EAAAA,cAAc,EAAC,YAAU;AAAC,WAAOA,cAAP;AAAsB,GAAjD;AAAkDC,EAAAA,aAAa,EAAC,YAAU;AAAC,WAAOA,aAAP;AAAqB;AAAhG,CAAd;AAAiH,IAAIC,MAAJ;AAAWJ,MAAM,CAACK,IAAP,CAAY,iBAAZ,EAA8B;AAAC,aAAQ,UAASC,CAAT,EAAW;AAACF,IAAAA,MAAM,GAACE,CAAP;AAAS;AAA9B,CAA9B,EAA8D,CAA9D;AAAiE,IAAIC,eAAJ;AAAoBP,MAAM,CAACK,IAAP,CAAY,6BAAZ,EAA0C;AAACE,EAAAA,eAAe,EAAC,UAASD,CAAT,EAAW;AAACC,IAAAA,eAAe,GAACD,CAAhB;AAAkB;AAA/C,CAA1C,EAA2F,CAA3F;AAA8F,IAAIE,YAAJ;AAAiBR,MAAM,CAACK,IAAP,CAAY,cAAZ,EAA2B;AAAC,aAAQ,UAASC,CAAT,EAAW;AAACE,IAAAA,YAAY,GAACF,CAAb;AAAe;AAApC,CAA3B,EAAiE,CAAjE;AAAoE,IAAIG,KAAJ;AAAUT,MAAM,CAACK,IAAP,CAAY,YAAZ,EAAyB;AAACI,EAAAA,KAAK,EAAC,UAASH,CAAT,EAAW;AAACG,IAAAA,KAAK,GAACH,CAAN;AAAQ;AAA3B,CAAzB,EAAsD,CAAtD;AAAyD,IAAII,WAAJ;AAAgBV,MAAM,CAACK,IAAP,CAAY,iCAAZ,EAA8C;AAACK,EAAAA,WAAW,EAAC,UAASJ,CAAT,EAAW;AAACI,IAAAA,WAAW,GAACJ,CAAZ;AAAc;AAAvC,CAA9C,EAAuF,CAAvF;AAA0F,IAAIK,OAAJ;AAAYX,MAAM,CAACK,IAAP,CAAY,uBAAZ,EAAoC;AAACM,EAAAA,OAAO,EAAC,UAASL,CAAT,EAAW;AAACK,IAAAA,OAAO,GAACL,CAAR;AAAU;AAA/B,CAApC,EAAqE,CAArE;AAAwE,IAAIM,MAAJ;AAAWZ,MAAM,CAACK,IAAP,CAAY,qBAAZ,EAAkC;AAACO,EAAAA,MAAM,EAAC,UAASN,CAAT,EAAW;AAACM,IAAAA,MAAM,GAACN,CAAP;AAAS;AAA7B,CAAlC,EAAiE,CAAjE;AAAoE,IAAIO,OAAJ;AAAYb,MAAM,CAACK,IAAP,CAAY,uBAAZ,EAAoC;AAACQ,EAAAA,OAAO,EAAC,UAASP,CAAT,EAAW;AAACO,IAAAA,OAAO,GAACP,CAAR;AAAU;AAA/B,CAApC,EAAqE,CAArE;AAUztB,IAAMJ,cAAc,GAAG,IAAIK,eAAJ,CAAoB;AAChDO,EAAAA,IAAI,EAAE,0BAD0C;AAGhDC,EAAAA,QAAQ,EAAE,IAAIP,YAAJ,CAAiB;AACzBQ,IAAAA,MAAM,EAAE;AACNC,MAAAA,IAAI,EAAEC,MADA;AAENC,MAAAA,KAAK,EAAEX,YAAY,CAACY,KAAb,CAAmBC;AAFpB,KADiB;AAKzBC,IAAAA,GAAG,EAAE;AACHL,MAAAA,IAAI,EAAEC;AADH,KALoB;AAQzBK,IAAAA,KAAK,EAAE;AACLN,MAAAA,IAAI,EAAEC;AADD,KARkB;AAWzBM,IAAAA,MAAM,EAAE;AACNP,MAAAA,IAAI,EAAEQ,OADA;AAENC,MAAAA,QAAQ,EAAE;AAFJ,KAXiB;AAezBC,IAAAA,UAAU,EAAE;AACVV,MAAAA,IAAI,EAAEQ,OADI;AAEVC,MAAAA,QAAQ,EAAE;AAFA;AAfa,GAAjB,EAmBPE,SAnBO,EAHsC;AAwBhDC,EAAAA,GAxBgD,kBAwBA;AAAA;;AAAA,QAA1Cb,MAA0C,QAA1CA,MAA0C;AAAA,QAAlCM,GAAkC,QAAlCA,GAAkC;AAAA,QAA7BC,KAA6B,QAA7BA,KAA6B;AAAA,QAAtBC,MAAsB,QAAtBA,MAAsB;AAAA,QAAdG,UAAc,QAAdA,UAAc;AAC9C,QAAMG,IAAI,GAAGrB,KAAK,CAACsB,OAAN,CAAcf,MAAd,CAAb;;AACA,QAAI,CAACc,IAAL,EAAW;AACT,YAAM,IAAIE,KAAJ,CAAU,gBAAV,CAAN;AACD,KAJ6C,CAK9C;;;AAEA,QAAMC,GAAG,GAAGC,IAAI,CAACC,KAAL,CAAWZ,KAAX,CAAZ;AACA,QAAIa,MAAM,oCAAcd,GAAd,IAAsBW,GAAtB,UAAV;AACA,QAAMI,QAAQ,GAAGb,MAAM,GAAG;AAAEc,MAAAA,KAAK,EAAEF;AAAT,KAAH,GAAuB;AAAEG,MAAAA,IAAI,EAAEH;AAAR,KAA9C;AAEA3B,IAAAA,KAAK,CAAC2B,MAAN,CAAapB,MAAb,EAAqBqB,QAArB,EAA+B;AAC7BG,MAAAA,WAAW,EAAE,KADgB;AAE7BC,MAAAA,MAAM,EAAE,KAFqB;AAG7B1B,MAAAA,QAAQ,EAAE,KAHmB;AAI7B2B,MAAAA,WAAW,EAAE,KAJgB;AAK7BC,MAAAA,kBAAkB,EAAE;AALS,KAA/B;;AAQA,QAAIC,MAAM,CAACC,QAAP,IAAmB,CAAClB,UAAxB,EAAoC;AAClCvB,MAAAA,MAAM,CAAC0C,YAAP,CAAoB;AAClBC,QAAAA,IAAI,EAAE,KAAKC,UADO;AAElBhC,QAAAA,MAAM,EAANA,MAFkB;AAGlBc,QAAAA,IAAI,EAAJA,IAHkB;AAIlBR,QAAAA,GAAG,EAAHA,GAJkB;AAKlBC,QAAAA,KAAK,EAAEU,GALW;AAMlBgB,QAAAA,SAAS,EAAEnB,IAAI,CAACoB,IAAL,IAAapB,IAAI,CAACoB,IAAL,CAAU5B,GAAV,CANN;AAOlBE,QAAAA,MAAM,EAANA;AAPkB,OAApB;AASD;AACF;AAtD+C,CAApB,CAAvB;AAyDA,IAAMrB,aAAa,GAAG,IAAII,eAAJ,CAAoB;AAC/CO,EAAAA,IAAI,EAAE,6BADyC;AAG/CC,EAAAA,QAAQ,EAAE,IAAIP,YAAJ,CAAiB;AACzBQ,IAAAA,MAAM,EAAE;AACNC,MAAAA,IAAI,EAAEC,MADA;AAENC,MAAAA,KAAK,EAAEX,YAAY,CAACY,KAAb,CAAmBC;AAFpB,KADiB;AAKzB8B,IAAAA,SAAS,EAAE;AACTC,MAAAA,KAAK,EAAE,gBADE;AAETnC,MAAAA,IAAI,EAAEC,MAFG;AAGTC,MAAAA,KAAK,EAAE;AAHE,KALc;AAUzBkC,IAAAA,MAAM,EAAE;AACND,MAAAA,KAAK,EAAE,yCADD;AAENnC,MAAAA,IAAI,EAAEC,MAFA;AAGNC,MAAAA,KAAK,EAAE;AAHD;AAViB,GAAjB,EAePS,SAfO,EAHqC;AAoB/CC,EAAAA,GApB+C,mBAoBZ;AAAA,QAA7Bb,MAA6B,SAA7BA,MAA6B;AAAA,QAArBmC,SAAqB,SAArBA,SAAqB;AAAA,QAAVE,MAAU,SAAVA,MAAU;;AACjC,QAAI,CAACT,MAAM,CAACC,QAAZ,EAAsB;AACpB;AACD;;AAED,QAAMf,IAAI,GAAGrB,KAAK,CAACsB,OAAN,CAAcf,MAAd,CAAb;;AAEA,QAAI,CAACc,IAAL,EAAW;AACT,YAAM,IAAIE,KAAJ,CAAU,gBAAV,CAAN;AACD;;AAED,QAAIF,IAAI,IAAIA,IAAI,CAACwB,UAAjB,EAA6B;AAC3B,UAAIV,MAAM,CAACW,aAAX,EAA0B;AACxBC,QAAAA,OAAO,CAACC,GAAR,CAAY,yBAAZ;AACD;;AAED;AACD;;AAEDhD,IAAAA,KAAK,CAAC2B,MAAN,CAAapB,MAAb,EAAqB;AACnBuB,MAAAA,IAAI,EAAE;AACJe,QAAAA,UAAU,EAAE,IAAII,IAAJ,EADR;AAEJL,QAAAA,MAAM,EAANA,MAFI;AAGJF,QAAAA,SAAS,EAATA;AAHI;AADa,KAArB;AAQAzC,IAAAA,WAAW,CAAC0B,MAAZ,CACE;AAAEpB,MAAAA,MAAM,EAANA;AAAF,KADF,EAEE;AACEuB,MAAAA,IAAI,EAAE;AACJc,QAAAA,MAAM,EAANA,MADI;AAEJF,QAAAA,SAAS,EAATA;AAFI;AADR,KAFF;AAUArB,IAAAA,IAAI,CAAC6B,SAAL,CAAeC,OAAf,CAAuB,UAAAC,QAAQ;AAAA,aAC7BlD,OAAO,CAACyB,MAAR,CAAeyB,QAAf,EAAyB;AACvBtB,QAAAA,IAAI,EAAE;AACJuB,UAAAA,MAAM,EAAE,IAAIJ,IAAJ,EADJ;AAEJK,UAAAA,UAAU,EAAEV,MAFR;AAGJW,UAAAA,UAAU,EAAEb;AAHR;AADiB,OAAzB,CAD6B;AAAA,KAA/B;AAUA,QAAMc,KAAK,GAAGpD,OAAO,CAACkB,OAAR,CAAgBD,IAAI,CAACoC,OAArB,CAAd;AACA,QAAMC,cAAc,GAAGzD,WAAW,CAACqB,OAAZ,CAAoB;AACzCqC,MAAAA,IAAI,EAAE,CACJ;AACEC,QAAAA,GAAG,EAAE;AAAEC,UAAAA,GAAG,EAAEL,KAAK,CAACM;AAAb;AADP,OADI,EAIJ;AAAElB,QAAAA,MAAM,EAAE;AAAEiB,UAAAA,GAAG,EAAE,CAAC,MAAD,EAAS,SAAT;AAAP;AAAV,OAJI;AADmC,KAApB,CAAvB,CAhDiC,CAyDjC;;AACA,QAAI,CAACH,cAAL,EAAqB;AACnBtD,MAAAA,OAAO,CAACuB,MAAR,CACE;AAAEmC,QAAAA,YAAY,EAAEvD;AAAhB,OADF,EAEE;AAAEuB,QAAAA,IAAI,EAAE;AAAEc,UAAAA,MAAM,EAAEA,MAAV;AAAkBC,UAAAA,UAAU,EAAE,IAAII,IAAJ;AAA9B;AAAR,OAFF;AAID;AACF;AApF8C,CAApB,CAAtB","sourcesContent":["import shared from \"../../shared.js\";\nimport { ValidatedMethod } from \"meteor/mdg:validated-method\";\nimport SimpleSchema from \"simpl-schema\";\n\nimport { Games } from \"./games.js\";\nimport { GameLobbies } from \"../game-lobbies/game-lobbies.js\";\nimport { Players } from \"../players/players.js\";\nimport { Stages } from \"../stages/stages.js\";\nimport { Batches } from \"../batches/batches.js\";\n\nexport const updateGameData = new ValidatedMethod({\n  name: \"Games.methods.updateData\",\n\n  validate: new SimpleSchema({\n    gameId: {\n      type: String,\n      regEx: SimpleSchema.RegEx.Id\n    },\n    key: {\n      type: String\n    },\n    value: {\n      type: String\n    },\n    append: {\n      type: Boolean,\n      optional: true\n    },\n    noCallback: {\n      type: Boolean,\n      optional: true\n    }\n  }).validator(),\n\n  run({ gameId, key, value, append, noCallback }) {\n    const game = Games.findOne(gameId);\n    if (!game) {\n      throw new Error(\"game not found\");\n    }\n    // TODO check can update this record game\n\n    const val = JSON.parse(value);\n    let update = { [`data.${key}`]: val };\n    const modifier = append ? { $push: update } : { $set: update };\n\n    Games.update(gameId, modifier, {\n      autoConvert: false,\n      filter: false,\n      validate: false,\n      trimStrings: false,\n      removeEmptyStrings: false\n    });\n\n    if (Meteor.isServer && !noCallback) {\n      shared.callOnChange({\n        conn: this.connection,\n        gameId,\n        game,\n        key,\n        value: val,\n        prevValue: game.data && game.data[key],\n        append\n      });\n    }\n  }\n});\n\nexport const earlyExitGame = new ValidatedMethod({\n  name: \"Games.methods.earlyExitGame\",\n\n  validate: new SimpleSchema({\n    gameId: {\n      type: String,\n      regEx: SimpleSchema.RegEx.Id\n    },\n    endReason: {\n      label: \"Reason for End\",\n      type: String,\n      regEx: /[a-zA-Z0-9_]+/\n    },\n    status: {\n      label: \"status for games and players after exit\",\n      type: String,\n      regEx: /[a-zA-Z0-9_]+/\n    }\n  }).validator(),\n\n  run({ gameId, endReason, status }) {\n    if (!Meteor.isServer) {\n      return;\n    }\n\n    const game = Games.findOne(gameId);\n\n    if (!game) {\n      throw new Error(\"game not found\");\n    }\n\n    if (game && game.finishedAt) {\n      if (Meteor.isDevelopment) {\n        console.log(\"\\n\\ngame already ended!\");\n      }\n\n      return;\n    }\n\n    Games.update(gameId, {\n      $set: {\n        finishedAt: new Date(),\n        status,\n        endReason\n      }\n    });\n\n    GameLobbies.update(\n      { gameId },\n      {\n        $set: {\n          status,\n          endReason\n        }\n      }\n    );\n\n    game.playerIds.forEach(playerId =>\n      Players.update(playerId, {\n        $set: {\n          exitAt: new Date(),\n          exitStatus: status,\n          exitReason: endReason\n        }\n      })\n    );\n\n    const batch = Batches.findOne(game.batchId);\n    const availableLobby = GameLobbies.findOne({\n      $and: [\n        {\n          _id: { $in: batch.gameLobbyIds }\n        },\n        { status: { $in: [\"init\", \"running\"] } }\n      ]\n    });\n\n    // End batch if there is no available game\n    if (!availableLobby) {\n      Batches.update(\n        { gameLobbyIds: gameId },\n        { $set: { status: status, finishedAt: new Date() } }\n      );\n    }\n  }\n});\n"]},"sourceType":"module","hash":"7152789a5a77b0b98e3cfbbe36c8b316c99c566d"}
