{"metadata":{},"options":{"compact":false,"sourceMaps":true,"ast":true,"babelrc":false,"configFile":false,"parserOpts":{"sourceType":"module","sourceFileName":"/Users/stefpop/Desktop/repos/withBrandon/crossling_reference/experiments/from-scratch/packages/empirica:core/api/schema-helpers.js","plugins":["*","flow","jsx","asyncGenerators","bigInt","classPrivateMethods","classPrivateProperties","classProperties","doExpressions","dynamicImport","exportDefaultFrom","exportExtensions","exportNamespaceFrom","functionBind","functionSent","importMeta","nullishCoalescingOperator","numericSeparator","objectRestSpread","optionalCatchBinding","optionalChaining",["pipelineOperator",{"proposal":"minimal"}],"throwExpressions","classProperties","classPrivateProperties","jsx","nullishCoalescingOperator","nullishCoalescingOperator","optionalChaining","optionalChaining","optionalCatchBinding","optionalCatchBinding","classProperties","classPrivateProperties","classPrivateMethods","classProperties","classPrivateProperties","asyncGenerators","asyncGenerators","objectRestSpread","objectRestSpread"],"allowImportExportEverywhere":true,"allowReturnOutsideFunction":true,"allowUndeclaredExports":true,"strictMode":false},"caller":{"name":"meteor","arch":"web.browser.legacy"},"sourceFileName":"packages/empirica:core/api/schema-helpers.js","filename":"/Users/stefpop/Desktop/repos/withBrandon/crossling_reference/experiments/from-scratch/packages/empirica:core/api/schema-helpers.js","cloneInputAst":true,"passPerPreset":false,"envName":"development","cwd":"/Users/stefpop/Desktop/repos/withBrandon/crossling_reference/experiments/from-scratch","root":"/Users/stefpop/Desktop/repos/withBrandon/crossling_reference/experiments/from-scratch","plugins":[{"key":"base$0","visitor":{"_exploded":true,"_verified":true},"options":{}},{"key":"base$0$0","visitor":{"Program":{"enter":[null],"exit":[null]},"_exploded":true,"_verified":true},"options":{"avoidModernSyntax":true,"enforceStrictMode":false,"dynamicImport":true}},{"key":"transform-runtime","visitor":{"CallExpression":{"enter":[null]},"BinaryExpression":{"enter":[null]},"MemberExpression":{"enter":[null],"exit":[null]},"_exploded":true,"_verified":true,"Identifier":{"enter":[null]},"JSXIdentifier":{"enter":[null]}},"options":{"version":"7.12.5","helpers":true,"useESModules":false,"corejs":false}},{"key":"proposal-class-properties","visitor":{"PrivateName":{"enter":[null]},"ExportDefaultDeclaration":{"enter":[null]},"_exploded":true,"_verified":true,"ClassExpression":{"enter":[null]},"ClassDeclaration":{"enter":[null]}},"options":{"loose":true}},{"key":"base$0$3","visitor":{"FunctionExpression":{"exit":[null]},"_exploded":true,"_verified":true},"options":{}},{"key":"base$0$4","visitor":{"ForInStatement":{"enter":[null]},"_exploded":true,"_verified":true},"options":{}},{"key":"transform-react-jsx","visitor":{"_exploded":{},"_verified":{},"JSXNamespacedName":{"enter":[null]},"JSXSpreadChild":{"enter":[null]},"Program":{"enter":[null]},"JSXElement":{"exit":[null]},"JSXFragment":{"exit":[null]},"JSXAttribute":{"enter":[null]}},"options":{"pragma":"React.createElement","pragmaFrag":"React.Fragment","runtime":"classic","throwIfNamespace":true,"useBuiltIns":false}},{"key":"transform-react-display-name","visitor":{"ExportDefaultDeclaration":{"enter":[null]},"CallExpression":{"enter":[null]},"_exploded":true,"_verified":true},"options":{}},{"key":"transform-react-pure-annotations","visitor":{"CallExpression":{"enter":[null]},"_exploded":true,"_verified":true},"options":{}},{"key":"syntax-nullish-coalescing-operator","visitor":{"_exploded":true,"_verified":true},"options":{}},{"key":"proposal-nullish-coalescing-operator","visitor":{"_exploded":{},"_verified":{},"LogicalExpression":{"enter":[null]}},"options":{}},{"key":"syntax-optional-chaining","visitor":{"_exploded":true,"_verified":true},"options":{}},{"key":"proposal-optional-chaining","visitor":{"_exploded":{},"_verified":{},"OptionalCallExpression":{"enter":[null]},"OptionalMemberExpression":{"enter":[null]}},"options":{}},{"key":"syntax-optional-catch-binding","visitor":{"_exploded":true,"_verified":true},"options":{}},{"key":"proposal-optional-catch-binding","visitor":{"_exploded":{},"_verified":{},"CatchClause":{"enter":[null]}},"options":{}},{"key":"syntax-class-properties","visitor":{"_exploded":true,"_verified":true},"options":{}},{"key":"proposal-class-properties","visitor":{"PrivateName":{"enter":[null]},"ExportDefaultDeclaration":{"enter":[null]},"_exploded":true,"_verified":true,"ClassExpression":{"enter":[null]},"ClassDeclaration":{"enter":[null]}},"options":{}},{"key":"syntax-async-generators","visitor":{"_exploded":true,"_verified":true},"options":{}},{"key":"proposal-async-generator-functions","visitor":{"_exploded":{},"_verified":{},"Program":{"enter":[null]}},"options":{}},{"key":"syntax-object-rest-spread","visitor":{"_exploded":true,"_verified":true},"options":{}},{"key":"proposal-object-rest-spread","visitor":{"_exploded":{},"_verified":{},"VariableDeclarator":{"enter":[null]},"ExportNamedDeclaration":{"enter":[null]},"CatchClause":{"enter":[null]},"AssignmentExpression":{"enter":[null]},"ArrayPattern":{"enter":[null]},"ObjectExpression":{"enter":[null]},"FunctionDeclaration":{"enter":[null]},"FunctionExpression":{"enter":[null]},"ObjectMethod":{"enter":[null]},"ArrowFunctionExpression":{"enter":[null]},"ClassMethod":{"enter":[null]},"ClassPrivateMethod":{"enter":[null]},"ForInStatement":{"enter":[null]},"ForOfStatement":{"enter":[null]}},"options":{}},{"key":"transform-arrow-functions","visitor":{"ArrowFunctionExpression":{"enter":[null]},"_exploded":true,"_verified":true},"options":{}},{"key":"transform-block-scoped-functions","visitor":{"BlockStatement":{"enter":[null]},"SwitchCase":{"enter":[null]},"_exploded":true,"_verified":true},"options":{}},{"key":"transform-block-scoping","visitor":{"VariableDeclaration":{"enter":[null]},"CatchClause":{"enter":[null]},"_exploded":true,"BlockStatement":{"enter":[null]},"SwitchStatement":{"enter":[null]},"Program":{"enter":[null]},"_verified":true,"DoWhileStatement":{"enter":[null]},"ForInStatement":{"enter":[null]},"ForStatement":{"enter":[null]},"WhileStatement":{"enter":[null]},"ForOfStatement":{"enter":[null]}},"options":{}},{"key":"transform-classes","visitor":{"ExportDefaultDeclaration":{"enter":[null]},"ClassDeclaration":{"enter":[null]},"ClassExpression":{"enter":[null]},"_exploded":true,"_verified":true},"options":{"loose":true}},{"key":"transform-computed-properties","visitor":{"ObjectExpression":{"exit":[null]},"_exploded":true,"_verified":true},"options":{"loose":true}},{"key":"transform-destructuring","visitor":{"ExportNamedDeclaration":{"enter":[null]},"CatchClause":{"enter":[null]},"AssignmentExpression":{"enter":[null]},"VariableDeclaration":{"enter":[null]},"_exploded":true,"_verified":true,"ForInStatement":{"enter":[null]},"ForOfStatement":{"enter":[null]}},"options":{}},{"key":"transform-for-of","visitor":{"ForOfStatement":{"enter":[null]},"_exploded":true,"_verified":true},"options":{"loose":true}},{"key":"transform-literals","visitor":{"NumericLiteral":{"enter":[null]},"StringLiteral":{"enter":[null]},"_exploded":true,"_verified":true},"options":{}},{"key":"transform-object-super","visitor":{"ObjectExpression":{"enter":[null]},"_exploded":true,"_verified":true},"options":{}},{"key":"transform-parameters","visitor":{"_exploded":true,"_verified":true,"FunctionDeclaration":{"enter":[null]},"FunctionExpression":{"enter":[null]},"ObjectMethod":{"enter":[null]},"ArrowFunctionExpression":{"enter":[null]},"ClassMethod":{"enter":[null]},"ClassPrivateMethod":{"enter":[null]}},"options":{}},{"key":"transform-shorthand-properties","visitor":{"ObjectMethod":{"enter":[null]},"ObjectProperty":{"enter":[null]},"_exploded":true,"_verified":true},"options":{}},{"key":"transform-spread","visitor":{"ArrayExpression":{"enter":[null]},"CallExpression":{"enter":[null]},"NewExpression":{"enter":[null]},"_exploded":true,"_verified":true},"options":{}},{"key":"transform-sticky-regex","visitor":{"RegExpLiteral":{"enter":[null]},"_exploded":true,"_verified":true},"options":{}},{"key":"transform-template-literals","visitor":{"TaggedTemplateExpression":{"enter":[null]},"TemplateLiteral":{"enter":[null]},"_exploded":true,"_verified":true},"options":{"loose":true}},{"key":"transform-typeof-symbol","visitor":{"UnaryExpression":{"enter":[null]},"_exploded":true,"_verified":true,"BlockStatement":{"enter":[null]},"CatchClause":{"enter":[null]},"DoWhileStatement":{"enter":[null]},"ForInStatement":{"enter":[null]},"ForStatement":{"enter":[null]},"FunctionDeclaration":{"enter":[null]},"FunctionExpression":{"enter":[null]},"Program":{"enter":[null]},"ObjectMethod":{"enter":[null]},"SwitchStatement":{"enter":[null]},"WhileStatement":{"enter":[null]},"ArrowFunctionExpression":{"enter":[null]},"ClassExpression":{"enter":[null]},"ClassDeclaration":{"enter":[null]},"ForOfStatement":{"enter":[null]},"ClassMethod":{"enter":[null]},"ClassPrivateMethod":{"enter":[null]},"StaticBlock":{"enter":[null]},"TSModuleBlock":{"enter":[null]},"AssignmentPattern":{"enter":[null]},"ArrayPattern":{"enter":[null]},"ObjectPattern":{"enter":[null]}},"options":{}},{"key":"transform-unicode-regex","visitor":{"RegExpLiteral":{"enter":[null]},"_exploded":true,"_verified":true},"options":{}},{"key":"transform-property-literals","visitor":{"ObjectProperty":{"exit":[null]},"_exploded":true,"_verified":true},"options":{}},{"key":"transform-exponentiation-operator","visitor":{"AssignmentExpression":{"enter":[null]},"BinaryExpression":{"enter":[null]},"_exploded":true,"_verified":true},"options":{}},{"key":"regenerator-transform","visitor":{"_exploded":true,"_verified":true,"ObjectMethod":{"enter":[null],"exit":[null]},"ClassMethod":{"enter":[null],"exit":[null]},"ClassPrivateMethod":{"enter":[null],"exit":[null]},"FunctionDeclaration":{"exit":[null]},"FunctionExpression":{"exit":[null]},"ArrowFunctionExpression":{"exit":[null]}},"options":{}}],"presets":[],"generatorOpts":{"filename":"/Users/stefpop/Desktop/repos/withBrandon/crossling_reference/experiments/from-scratch/packages/empirica:core/api/schema-helpers.js","comments":true,"compact":false,"sourceMaps":true,"sourceFileName":"packages/empirica:core/api/schema-helpers.js"}},"code":"var Collection2;\nmodule.link(\"meteor/aldeed:collection2\", {\n  \"default\": function (v) {\n    Collection2 = v;\n  }\n}, 0);\nvar SimpleSchema;\nmodule.link(\"simpl-schema\", {\n  \"default\": function (v) {\n    SimpleSchema = v;\n  }\n}, 1);\n// Must be unique scoped by other field (for given value of passed field,\n// The current field should be unique). For ex:\n//   Name: {\n//     Type: String,\n//     ScopedUnique: \"orgId\"\n//   }\n// Name must be unique for document with equal orgId.\n// Documents with different orgId can have same name.\nSimpleSchema.extendOptions([\"scopedUnique\"]);\nCollection2.on(\"schema.attached\", function (collection, ss) {\n  if (ss.version >= 2) {\n    ss.messageBox.messages({\n      scopedUnique: \"Already exists\"\n    });\n  }\n\n  ss.addValidator(function () {\n    var _collection$find;\n\n    if (!this.isSet) {\n      return;\n    }\n\n    var def = this.definition;\n    var uniqueFieldScope = def.scopedUnique;\n\n    if (!uniqueFieldScope) {\n      return;\n    }\n\n    var val = this.field(uniqueFieldScope).value;\n    var key = this.key;\n\n    if (collection.find((_collection$find = {}, _collection$find[uniqueFieldScope] = val, _collection$find[key] = this.value, _collection$find)).count() > 0) {\n      return \"uniqueScoped\";\n    }\n  });\n}); // Extend the schema options allowed by SimpleSchema\n\nSimpleSchema.extendOptions([\"denyInsert\", \"denyUpdate\"]);\nCollection2.on(\"schema.attached\", function (collection, ss) {\n  if (ss.version >= 2 && ss.messageBox && typeof ss.messageBox.messages === \"function\") {\n    ss.messageBox.messages({\n      en: {\n        insertNotAllowed: \"{{label}} cannot be set during an insert\",\n        updateNotAllowed: \"{{label}} cannot be set during an update\"\n      }\n    });\n  }\n\n  ss.addValidator(function () {\n    function schemaDenyValidator() {\n      if (!this.isSet) return;\n      var def = this.definition;\n      if (def.denyInsert && this.isInsert) return \"insertNotAllowed\";\n      if (def.denyUpdate && (this.isUpdate || this.isUpsert)) return \"updateNotAllowed\";\n    }\n\n    return schemaDenyValidator;\n  }());\n}); // Extend the schema options allowed by SimpleSchema\n\nSimpleSchema.extendOptions([\"index\", // one of Number, String, Boolean\n\"unique\", // Boolean\n\"sparse\" // Boolean\n]);","map":{"version":3,"sources":["packages/empirica:core/api/schema-helpers.js"],"names":["Collection2","module","link","v","SimpleSchema","extendOptions","on","collection","ss","version","messageBox","messages","scopedUnique","addValidator","isSet","def","definition","uniqueFieldScope","val","field","value","key","find","count","en","insertNotAllowed","updateNotAllowed","schemaDenyValidator","denyInsert","isInsert","denyUpdate","isUpdate","isUpsert"],"mappings":"AAAA,IAAIA,WAAJ;AAAgBC,MAAM,CAACC,IAAP,CAAY,2BAAZ,EAAwC;AAAC,aAAQ,UAASC,CAAT,EAAW;AAACH,IAAAA,WAAW,GAACG,CAAZ;AAAc;AAAnC,CAAxC,EAA6E,CAA7E;AAAgF,IAAIC,YAAJ;AAAiBH,MAAM,CAACC,IAAP,CAAY,cAAZ,EAA2B;AAAC,aAAQ,UAASC,CAAT,EAAW;AAACC,IAAAA,YAAY,GAACD,CAAb;AAAe;AAApC,CAA3B,EAAiE,CAAjE;AAGjH;AACA;AACA;AACA;AACA;AACA;AACA;AACA;AACAC,YAAY,CAACC,aAAb,CAA2B,CAAC,cAAD,CAA3B;AAEAL,WAAW,CAACM,EAAZ,CAAe,iBAAf,EAAkC,UAACC,UAAD,EAAaC,EAAb,EAAoB;AACpD,MAAIA,EAAE,CAACC,OAAH,IAAc,CAAlB,EAAqB;AACnBD,IAAAA,EAAE,CAACE,UAAH,CAAcC,QAAd,CAAuB;AACrBC,MAAAA,YAAY,EAAE;AADO,KAAvB;AAGD;;AAEDJ,EAAAA,EAAE,CAACK,YAAH,CAAgB,YAAW;AAAA;;AACzB,QAAI,CAAC,KAAKC,KAAV,EAAiB;AACf;AACD;;AAED,QAAMC,GAAG,GAAG,KAAKC,UAAjB;AACA,QAAMC,gBAAgB,GAAGF,GAAG,CAACH,YAA7B;;AAEA,QAAI,CAACK,gBAAL,EAAuB;AACrB;AACD;;AAED,QAAMC,GAAG,GAAG,KAAKC,KAAL,CAAWF,gBAAX,EAA6BG,KAAzC;AACA,QAAMC,GAAG,GAAG,KAAKA,GAAjB;;AACA,QACEd,UAAU,CACPe,IADH,0CAEKL,gBAFL,IAEwBC,GAFxB,mBAGKG,GAHL,IAGW,KAAKD,KAHhB,qBAKGG,KALH,KAKa,CANf,EAOE;AACA,aAAO,cAAP;AACD;AACF,GAxBD;AAyBD,CAhCD,E,CAkCA;;AACAnB,YAAY,CAACC,aAAb,CAA2B,CAAC,YAAD,EAAe,YAAf,CAA3B;AAEAL,WAAW,CAACM,EAAZ,CAAe,iBAAf,EAAkC,UAACC,UAAD,EAAaC,EAAb,EAAoB;AACpD,MACEA,EAAE,CAACC,OAAH,IAAc,CAAd,IACAD,EAAE,CAACE,UADH,IAEA,OAAOF,EAAE,CAACE,UAAH,CAAcC,QAArB,KAAkC,UAHpC,EAIE;AACAH,IAAAA,EAAE,CAACE,UAAH,CAAcC,QAAd,CAAuB;AACrBa,MAAAA,EAAE,EAAE;AACFC,QAAAA,gBAAgB,EAAE,0CADhB;AAEFC,QAAAA,gBAAgB,EAAE;AAFhB;AADiB,KAAvB;AAMD;;AAEDlB,EAAAA,EAAE,CAACK,YAAH;AAAgB,aAASc,mBAAT,GAA+B;AAC7C,UAAI,CAAC,KAAKb,KAAV,EAAiB;AAEjB,UAAMC,GAAG,GAAG,KAAKC,UAAjB;AAEA,UAAID,GAAG,CAACa,UAAJ,IAAkB,KAAKC,QAA3B,EAAqC,OAAO,kBAAP;AACrC,UAAId,GAAG,CAACe,UAAJ,KAAmB,KAAKC,QAAL,IAAiB,KAAKC,QAAzC,CAAJ,EACE,OAAO,kBAAP;AACH;;AARD,WAAyBL,mBAAzB;AAAA;AASD,CAvBD,E,CAyBA;;AACAvB,YAAY,CAACC,aAAb,CAA2B,CACzB,OADyB,EAChB;AACT,QAFyB,EAEf;AACV,QAHyB,CAGhB;AAHgB,CAA3B","sourcesContent":["import Collection2 from \"meteor/aldeed:collection2\";\nimport SimpleSchema from \"simpl-schema\";\n\n// Must be unique scoped by other field (for given value of passed field,\n// The current field should be unique). For ex:\n//   Name: {\n//     Type: String,\n//     ScopedUnique: \"orgId\"\n//   }\n// Name must be unique for document with equal orgId.\n// Documents with different orgId can have same name.\nSimpleSchema.extendOptions([\"scopedUnique\"]);\n\nCollection2.on(\"schema.attached\", (collection, ss) => {\n  if (ss.version >= 2) {\n    ss.messageBox.messages({\n      scopedUnique: \"Already exists\"\n    });\n  }\n\n  ss.addValidator(function() {\n    if (!this.isSet) {\n      return;\n    }\n\n    const def = this.definition;\n    const uniqueFieldScope = def.scopedUnique;\n\n    if (!uniqueFieldScope) {\n      return;\n    }\n\n    const val = this.field(uniqueFieldScope).value;\n    const key = this.key;\n    if (\n      collection\n        .find({\n          [uniqueFieldScope]: val,\n          [key]: this.value\n        })\n        .count() > 0\n    ) {\n      return \"uniqueScoped\";\n    }\n  });\n});\n\n// Extend the schema options allowed by SimpleSchema\nSimpleSchema.extendOptions([\"denyInsert\", \"denyUpdate\"]);\n\nCollection2.on(\"schema.attached\", (collection, ss) => {\n  if (\n    ss.version >= 2 &&\n    ss.messageBox &&\n    typeof ss.messageBox.messages === \"function\"\n  ) {\n    ss.messageBox.messages({\n      en: {\n        insertNotAllowed: \"{{label}} cannot be set during an insert\",\n        updateNotAllowed: \"{{label}} cannot be set during an update\"\n      }\n    });\n  }\n\n  ss.addValidator(function schemaDenyValidator() {\n    if (!this.isSet) return;\n\n    const def = this.definition;\n\n    if (def.denyInsert && this.isInsert) return \"insertNotAllowed\";\n    if (def.denyUpdate && (this.isUpdate || this.isUpsert))\n      return \"updateNotAllowed\";\n  });\n});\n\n// Extend the schema options allowed by SimpleSchema\nSimpleSchema.extendOptions([\n  \"index\", // one of Number, String, Boolean\n  \"unique\", // Boolean\n  \"sparse\" // Boolean\n]);\n"]},"sourceType":"module","hash":"802e671c807a47ce7a85f42476c35e6c08c6910c"}
