{"metadata":{},"options":{"compact":false,"sourceMaps":true,"ast":true,"babelrc":false,"configFile":false,"parserOpts":{"sourceType":"module","sourceFileName":"/Users/stefpop/Desktop/repos/withBrandon/crossling_reference/experiments/from-scratch/packages/empirica:core/ui/components/GameLobby.jsx","plugins":["*","flow","jsx","asyncGenerators","bigInt","classPrivateMethods","classPrivateProperties","classProperties","doExpressions","dynamicImport","exportDefaultFrom","exportExtensions","exportNamespaceFrom","functionBind","functionSent","importMeta","nullishCoalescingOperator","numericSeparator","objectRestSpread","optionalCatchBinding","optionalChaining",["pipelineOperator",{"proposal":"minimal"}],"throwExpressions","classProperties","classPrivateProperties","jsx","nullishCoalescingOperator","nullishCoalescingOperator","optionalChaining","optionalChaining","optionalCatchBinding","optionalCatchBinding","classProperties","classPrivateProperties","classPrivateMethods","classProperties","classPrivateProperties","asyncGenerators","asyncGenerators","objectRestSpread","objectRestSpread"],"allowImportExportEverywhere":true,"allowReturnOutsideFunction":true,"allowUndeclaredExports":true,"strictMode":false},"caller":{"name":"meteor","arch":"web.browser.legacy"},"sourceFileName":"packages/empirica:core/ui/components/GameLobby.jsx","filename":"/Users/stefpop/Desktop/repos/withBrandon/crossling_reference/experiments/from-scratch/packages/empirica:core/ui/components/GameLobby.jsx","cloneInputAst":true,"passPerPreset":false,"envName":"development","cwd":"/Users/stefpop/Desktop/repos/withBrandon/crossling_reference/experiments/from-scratch","root":"/Users/stefpop/Desktop/repos/withBrandon/crossling_reference/experiments/from-scratch","plugins":[{"key":"base$0","visitor":{"_exploded":true,"_verified":true},"options":{}},{"key":"base$0$0","visitor":{"Program":{"enter":[null],"exit":[null]},"_exploded":true,"_verified":true},"options":{"avoidModernSyntax":true,"enforceStrictMode":false,"dynamicImport":true}},{"key":"transform-runtime","visitor":{"CallExpression":{"enter":[null]},"BinaryExpression":{"enter":[null]},"MemberExpression":{"enter":[null],"exit":[null]},"_exploded":true,"_verified":true,"Identifier":{"enter":[null]},"JSXIdentifier":{"enter":[null]}},"options":{"version":"7.12.5","helpers":true,"useESModules":false,"corejs":false}},{"key":"proposal-class-properties","visitor":{"PrivateName":{"enter":[null]},"ExportDefaultDeclaration":{"enter":[null]},"_exploded":true,"_verified":true,"ClassExpression":{"enter":[null]},"ClassDeclaration":{"enter":[null]}},"options":{"loose":true}},{"key":"base$0$3","visitor":{"FunctionExpression":{"exit":[null]},"_exploded":true,"_verified":true},"options":{}},{"key":"base$0$4","visitor":{"ForInStatement":{"enter":[null]},"_exploded":true,"_verified":true},"options":{}},{"key":"transform-react-jsx","visitor":{"_exploded":{},"_verified":{},"JSXNamespacedName":{"enter":[null]},"JSXSpreadChild":{"enter":[null]},"Program":{"enter":[null]},"JSXElement":{"exit":[null]},"JSXFragment":{"exit":[null]},"JSXAttribute":{"enter":[null]}},"options":{"pragma":"React.createElement","pragmaFrag":"React.Fragment","runtime":"classic","throwIfNamespace":true,"useBuiltIns":false}},{"key":"transform-react-display-name","visitor":{"ExportDefaultDeclaration":{"enter":[null]},"CallExpression":{"enter":[null]},"_exploded":true,"_verified":true},"options":{}},{"key":"transform-react-pure-annotations","visitor":{"CallExpression":{"enter":[null]},"_exploded":true,"_verified":true},"options":{}},{"key":"syntax-nullish-coalescing-operator","visitor":{"_exploded":true,"_verified":true},"options":{}},{"key":"proposal-nullish-coalescing-operator","visitor":{"_exploded":{},"_verified":{},"LogicalExpression":{"enter":[null]}},"options":{}},{"key":"syntax-optional-chaining","visitor":{"_exploded":true,"_verified":true},"options":{}},{"key":"proposal-optional-chaining","visitor":{"_exploded":{},"_verified":{},"OptionalCallExpression":{"enter":[null]},"OptionalMemberExpression":{"enter":[null]}},"options":{}},{"key":"syntax-optional-catch-binding","visitor":{"_exploded":true,"_verified":true},"options":{}},{"key":"proposal-optional-catch-binding","visitor":{"_exploded":{},"_verified":{},"CatchClause":{"enter":[null]}},"options":{}},{"key":"syntax-class-properties","visitor":{"_exploded":true,"_verified":true},"options":{}},{"key":"proposal-class-properties","visitor":{"PrivateName":{"enter":[null]},"ExportDefaultDeclaration":{"enter":[null]},"_exploded":true,"_verified":true,"ClassExpression":{"enter":[null]},"ClassDeclaration":{"enter":[null]}},"options":{}},{"key":"syntax-async-generators","visitor":{"_exploded":true,"_verified":true},"options":{}},{"key":"proposal-async-generator-functions","visitor":{"_exploded":{},"_verified":{},"Program":{"enter":[null]}},"options":{}},{"key":"syntax-object-rest-spread","visitor":{"_exploded":true,"_verified":true},"options":{}},{"key":"proposal-object-rest-spread","visitor":{"_exploded":{},"_verified":{},"VariableDeclarator":{"enter":[null]},"ExportNamedDeclaration":{"enter":[null]},"CatchClause":{"enter":[null]},"AssignmentExpression":{"enter":[null]},"ArrayPattern":{"enter":[null]},"ObjectExpression":{"enter":[null]},"FunctionDeclaration":{"enter":[null]},"FunctionExpression":{"enter":[null]},"ObjectMethod":{"enter":[null]},"ArrowFunctionExpression":{"enter":[null]},"ClassMethod":{"enter":[null]},"ClassPrivateMethod":{"enter":[null]},"ForInStatement":{"enter":[null]},"ForOfStatement":{"enter":[null]}},"options":{}},{"key":"transform-arrow-functions","visitor":{"ArrowFunctionExpression":{"enter":[null]},"_exploded":true,"_verified":true},"options":{}},{"key":"transform-block-scoped-functions","visitor":{"BlockStatement":{"enter":[null]},"SwitchCase":{"enter":[null]},"_exploded":true,"_verified":true},"options":{}},{"key":"transform-block-scoping","visitor":{"VariableDeclaration":{"enter":[null]},"CatchClause":{"enter":[null]},"_exploded":true,"BlockStatement":{"enter":[null]},"SwitchStatement":{"enter":[null]},"Program":{"enter":[null]},"_verified":true,"DoWhileStatement":{"enter":[null]},"ForInStatement":{"enter":[null]},"ForStatement":{"enter":[null]},"WhileStatement":{"enter":[null]},"ForOfStatement":{"enter":[null]}},"options":{}},{"key":"transform-classes","visitor":{"ExportDefaultDeclaration":{"enter":[null]},"ClassDeclaration":{"enter":[null]},"ClassExpression":{"enter":[null]},"_exploded":true,"_verified":true},"options":{"loose":true}},{"key":"transform-computed-properties","visitor":{"ObjectExpression":{"exit":[null]},"_exploded":true,"_verified":true},"options":{"loose":true}},{"key":"transform-destructuring","visitor":{"ExportNamedDeclaration":{"enter":[null]},"CatchClause":{"enter":[null]},"AssignmentExpression":{"enter":[null]},"VariableDeclaration":{"enter":[null]},"_exploded":true,"_verified":true,"ForInStatement":{"enter":[null]},"ForOfStatement":{"enter":[null]}},"options":{}},{"key":"transform-for-of","visitor":{"ForOfStatement":{"enter":[null]},"_exploded":true,"_verified":true},"options":{"loose":true}},{"key":"transform-literals","visitor":{"NumericLiteral":{"enter":[null]},"StringLiteral":{"enter":[null]},"_exploded":true,"_verified":true},"options":{}},{"key":"transform-object-super","visitor":{"ObjectExpression":{"enter":[null]},"_exploded":true,"_verified":true},"options":{}},{"key":"transform-parameters","visitor":{"_exploded":true,"_verified":true,"FunctionDeclaration":{"enter":[null]},"FunctionExpression":{"enter":[null]},"ObjectMethod":{"enter":[null]},"ArrowFunctionExpression":{"enter":[null]},"ClassMethod":{"enter":[null]},"ClassPrivateMethod":{"enter":[null]}},"options":{}},{"key":"transform-shorthand-properties","visitor":{"ObjectMethod":{"enter":[null]},"ObjectProperty":{"enter":[null]},"_exploded":true,"_verified":true},"options":{}},{"key":"transform-spread","visitor":{"ArrayExpression":{"enter":[null]},"CallExpression":{"enter":[null]},"NewExpression":{"enter":[null]},"_exploded":true,"_verified":true},"options":{}},{"key":"transform-sticky-regex","visitor":{"RegExpLiteral":{"enter":[null]},"_exploded":true,"_verified":true},"options":{}},{"key":"transform-template-literals","visitor":{"TaggedTemplateExpression":{"enter":[null]},"TemplateLiteral":{"enter":[null]},"_exploded":true,"_verified":true},"options":{"loose":true}},{"key":"transform-typeof-symbol","visitor":{"UnaryExpression":{"enter":[null]},"_exploded":true,"_verified":true,"BlockStatement":{"enter":[null]},"CatchClause":{"enter":[null]},"DoWhileStatement":{"enter":[null]},"ForInStatement":{"enter":[null]},"ForStatement":{"enter":[null]},"FunctionDeclaration":{"enter":[null]},"FunctionExpression":{"enter":[null]},"Program":{"enter":[null]},"ObjectMethod":{"enter":[null]},"SwitchStatement":{"enter":[null]},"WhileStatement":{"enter":[null]},"ArrowFunctionExpression":{"enter":[null]},"ClassExpression":{"enter":[null]},"ClassDeclaration":{"enter":[null]},"ForOfStatement":{"enter":[null]},"ClassMethod":{"enter":[null]},"ClassPrivateMethod":{"enter":[null]},"StaticBlock":{"enter":[null]},"TSModuleBlock":{"enter":[null]},"AssignmentPattern":{"enter":[null]},"ArrayPattern":{"enter":[null]},"ObjectPattern":{"enter":[null]}},"options":{}},{"key":"transform-unicode-regex","visitor":{"RegExpLiteral":{"enter":[null]},"_exploded":true,"_verified":true},"options":{}},{"key":"transform-property-literals","visitor":{"ObjectProperty":{"exit":[null]},"_exploded":true,"_verified":true},"options":{}},{"key":"transform-exponentiation-operator","visitor":{"AssignmentExpression":{"enter":[null]},"BinaryExpression":{"enter":[null]},"_exploded":true,"_verified":true},"options":{}},{"key":"regenerator-transform","visitor":{"_exploded":true,"_verified":true,"ObjectMethod":{"enter":[null],"exit":[null]},"ClassMethod":{"enter":[null],"exit":[null]},"ClassPrivateMethod":{"enter":[null],"exit":[null]},"FunctionDeclaration":{"exit":[null]},"FunctionExpression":{"exit":[null]},"ArrowFunctionExpression":{"exit":[null]}},"options":{}}],"presets":[],"generatorOpts":{"filename":"/Users/stefpop/Desktop/repos/withBrandon/crossling_reference/experiments/from-scratch/packages/empirica:core/ui/components/GameLobby.jsx","comments":true,"compact":false,"sourceMaps":true,"sourceFileName":"packages/empirica:core/ui/components/GameLobby.jsx"}},"code":"var _inheritsLoose;\n\nmodule.link(\"@babel/runtime/helpers/inheritsLoose\", {\n  default: function (v) {\n    _inheritsLoose = v;\n  }\n}, 0);\nmodule.export({\n  \"default\": function () {\n    return GameLobby;\n  }\n});\nvar React;\nmodule.link(\"react\", {\n  \"default\": function (v) {\n    React = v;\n  }\n}, 0);\nvar Alert, Intent, NonIdealState;\nmodule.link(\"@blueprintjs/core\", {\n  Alert: function (v) {\n    Alert = v;\n  },\n  Intent: function (v) {\n    Intent = v;\n  },\n  NonIdealState: function (v) {\n    NonIdealState = v;\n  }\n}, 1);\nvar IconNames;\nmodule.link(\"@blueprintjs/icons\", {\n  IconNames: function (v) {\n    IconNames = v;\n  }\n}, 2);\nvar CoreWrapper;\nmodule.link(\"./Helpers.jsx\", {\n  CoreWrapper: function (v) {\n    CoreWrapper = v;\n  }\n}, 3);\nvar endPlayerTimeoutWait, extendPlayerTimeoutWait;\nmodule.link(\"../../api/players/methods.js\", {\n  endPlayerTimeoutWait: function (v) {\n    endPlayerTimeoutWait = v;\n  },\n  extendPlayerTimeoutWait: function (v) {\n    extendPlayerTimeoutWait = v;\n  }\n}, 4);\n\nvar GameLobby = /*#__PURE__*/function (_React$Component) {\n  _inheritsLoose(GameLobby, _React$Component);\n\n  function GameLobby() {\n    var _this;\n\n    for (var _len = arguments.length, args = new Array(_len), _key = 0; _key < _len; _key++) {\n      args[_key] = arguments[_key];\n    }\n\n    _this = _React$Component.call.apply(_React$Component, [this].concat(args)) || this;\n\n    _this.handleWaitLonger = function () {\n      extendPlayerTimeoutWait.call({\n        playerId: _this.props.player._id\n      });\n    };\n\n    _this.handleExitNow = function () {\n      endPlayerTimeoutWait.call({\n        playerId: _this.props.player._id\n      });\n    };\n\n    return _this;\n  }\n\n  var _proto = GameLobby.prototype;\n\n  _proto.shouldComponentUpdate = function () {\n    function shouldComponentUpdate(nextProps, nextState) {\n      return !_.isEqual(this.props, nextProps);\n    }\n\n    return shouldComponentUpdate;\n  }();\n\n  _proto.render = function () {\n    function render() {\n      var _this$props = this.props,\n          gameLobby = _this$props.gameLobby,\n          treatment = _this$props.treatment,\n          timedOut = _this$props.timedOut,\n          lobbyConfig = _this$props.lobbyConfig,\n          player = _this$props.player;\n      var total = treatment.factor(\"playerCount\").value;\n      var exisiting = gameLobby.playerIds.length;\n\n      if (exisiting >= total) {\n        return /*#__PURE__*/React.createElement(CoreWrapper, null, /*#__PURE__*/React.createElement(\"div\", {\n          className: \"game-lobby\"\n        }, /*#__PURE__*/React.createElement(NonIdealState, {\n          icon: IconNames.PLAY,\n          title: \"Game loading...\",\n          description: \"Your game will be starting shortly, get ready!\"\n        })));\n      }\n\n      var showExtensionAlert = timedOut && lobbyConfig.timeoutType === \"individual\" && lobbyConfig.extendCount >= player.timeoutWaitCount;\n      return /*#__PURE__*/React.createElement(CoreWrapper, null, /*#__PURE__*/React.createElement(\"div\", {\n        className: \"game-lobby\"\n      }, /*#__PURE__*/React.createElement(NonIdealState, {\n        icon: IconNames.TIME,\n        title: \"Lobby\",\n        description: /*#__PURE__*/React.createElement(React.Fragment, null, /*#__PURE__*/React.createElement(\"p\", null, \"Please wait for the game to be ready...\"), /*#__PURE__*/React.createElement(\"p\", null, exisiting, \" / \", total, \" players ready.\"))\n      })), /*#__PURE__*/React.createElement(Alert, {\n        intent: Intent.PRIMARY,\n        isOpen: showExtensionAlert,\n        confirmButtonText: \"Wait Longer\",\n        cancelButtonText: \"Exit Now\",\n        onConfirm: this.handleWaitLonger,\n        onCancel: this.handleExitNow\n      }, /*#__PURE__*/React.createElement(\"p\", null, \"Sorry you have been waiting for a while. Do you wish to wait longer or exit now?\")));\n    }\n\n    return render;\n  }();\n\n  return GameLobby;\n}(React.Component);","map":{"version":3,"sources":["packages/empirica:core/ui/components/GameLobby.jsx"],"names":["_inheritsLoose","module","link","default","v","export","GameLobby","React","Alert","Intent","NonIdealState","IconNames","CoreWrapper","endPlayerTimeoutWait","extendPlayerTimeoutWait","handleWaitLonger","call","playerId","props","player","_id","handleExitNow","shouldComponentUpdate","nextProps","nextState","_","isEqual","render","gameLobby","treatment","timedOut","lobbyConfig","total","factor","value","exisiting","playerIds","length","PLAY","showExtensionAlert","timeoutType","extendCount","timeoutWaitCount","TIME","PRIMARY","Component"],"mappings":"AAAA,IAAIA,cAAJ;;AAAmBC,MAAM,CAACC,IAAP,CAAY,sCAAZ,EAAmD;AAACC,EAAAA,OAAO,EAAC,UAASC,CAAT,EAAW;AAACJ,IAAAA,cAAc,GAACI,CAAf;AAAiB;AAAtC,CAAnD,EAA2F,CAA3F;AAAnBH,MAAM,CAACI,MAAP,CAAc;AAAC,aAAQ,YAAU;AAAC,WAAOC,SAAP;AAAiB;AAArC,CAAd;AAAsD,IAAIC,KAAJ;AAAUN,MAAM,CAACC,IAAP,CAAY,OAAZ,EAAoB;AAAC,aAAQ,UAASE,CAAT,EAAW;AAACG,IAAAA,KAAK,GAACH,CAAN;AAAQ;AAA7B,CAApB,EAAmD,CAAnD;AAAsD,IAAII,KAAJ,EAAUC,MAAV,EAAiBC,aAAjB;AAA+BT,MAAM,CAACC,IAAP,CAAY,mBAAZ,EAAgC;AAACM,EAAAA,KAAK,EAAC,UAASJ,CAAT,EAAW;AAACI,IAAAA,KAAK,GAACJ,CAAN;AAAQ,GAA3B;AAA4BK,EAAAA,MAAM,EAAC,UAASL,CAAT,EAAW;AAACK,IAAAA,MAAM,GAACL,CAAP;AAAS,GAAxD;AAAyDM,EAAAA,aAAa,EAAC,UAASN,CAAT,EAAW;AAACM,IAAAA,aAAa,GAACN,CAAd;AAAgB;AAAnG,CAAhC,EAAqI,CAArI;AAAwI,IAAIO,SAAJ;AAAcV,MAAM,CAACC,IAAP,CAAY,oBAAZ,EAAiC;AAACS,EAAAA,SAAS,EAAC,UAASP,CAAT,EAAW;AAACO,IAAAA,SAAS,GAACP,CAAV;AAAY;AAAnC,CAAjC,EAAsE,CAAtE;AAAyE,IAAIQ,WAAJ;AAAgBX,MAAM,CAACC,IAAP,CAAY,eAAZ,EAA4B;AAACU,EAAAA,WAAW,EAAC,UAASR,CAAT,EAAW;AAACQ,IAAAA,WAAW,GAACR,CAAZ;AAAc;AAAvC,CAA5B,EAAqE,CAArE;AAAwE,IAAIS,oBAAJ,EAAyBC,uBAAzB;AAAiDb,MAAM,CAACC,IAAP,CAAY,8BAAZ,EAA2C;AAACW,EAAAA,oBAAoB,EAAC,UAAST,CAAT,EAAW;AAACS,IAAAA,oBAAoB,GAACT,CAArB;AAAuB,GAAzD;AAA0DU,EAAAA,uBAAuB,EAAC,UAASV,CAAT,EAAW;AAACU,IAAAA,uBAAuB,GAACV,CAAxB;AAA0B;AAAxH,CAA3C,EAAqK,CAArK;;IAWxeE,S;;;;;;;;;;;;UAKnBS,gB,GAAmB,YAAM;AACvBD,MAAAA,uBAAuB,CAACE,IAAxB,CAA6B;AAAEC,QAAAA,QAAQ,EAAE,MAAKC,KAAL,CAAWC,MAAX,CAAkBC;AAA9B,OAA7B;AACD,K;;UAEDC,a,GAAgB,YAAM;AACpBR,MAAAA,oBAAoB,CAACG,IAArB,CAA0B;AAAEC,QAAAA,QAAQ,EAAE,MAAKC,KAAL,CAAWC,MAAX,CAAkBC;AAA9B,OAA1B;AACD,K;;;;;;;SAVDE,qB;AAAA,mCAAsBC,SAAtB,EAAiCC,SAAjC,EAA4C;AAC1C,aAAO,CAACC,CAAC,CAACC,OAAF,CAAU,KAAKR,KAAf,EAAsBK,SAAtB,CAAR;AACD;;;;;SAUDI,M;AAAA,sBAAS;AAAA,wBACyD,KAAKT,KAD9D;AAAA,UACCU,SADD,eACCA,SADD;AAAA,UACYC,SADZ,eACYA,SADZ;AAAA,UACuBC,QADvB,eACuBA,QADvB;AAAA,UACiCC,WADjC,eACiCA,WADjC;AAAA,UAC8CZ,MAD9C,eAC8CA,MAD9C;AAGP,UAAMa,KAAK,GAAGH,SAAS,CAACI,MAAV,CAAiB,aAAjB,EAAgCC,KAA9C;AACA,UAAMC,SAAS,GAAGP,SAAS,CAACQ,SAAV,CAAoBC,MAAtC;;AAEA,UAAIF,SAAS,IAAIH,KAAjB,EAAwB;AACtB,4BACE,oBAAC,WAAD,qBACE;AAAK,UAAA,SAAS,EAAC;AAAf,wBACE,oBAAC,aAAD;AACE,UAAA,IAAI,EAAErB,SAAS,CAAC2B,IADlB;AAEE,UAAA,KAAK,EAAC,iBAFR;AAGE,UAAA,WAAW,EAAC;AAHd,UADF,CADF,CADF;AAWD;;AAED,UAAMC,kBAAkB,GACtBT,QAAQ,IACRC,WAAW,CAACS,WAAZ,KAA4B,YAD5B,IAEAT,WAAW,CAACU,WAAZ,IAA2BtB,MAAM,CAACuB,gBAHpC;AAKA,0BACE,oBAAC,WAAD,qBACE;AAAK,QAAA,SAAS,EAAC;AAAf,sBACE,oBAAC,aAAD;AACE,QAAA,IAAI,EAAE/B,SAAS,CAACgC,IADlB;AAEE,QAAA,KAAK,EAAC,OAFR;AAGE,QAAA,WAAW,eACT,uDACE,yEADF,eAEE,+BACGR,SADH,SACiBH,KADjB,oBAFF;AAJJ,QADF,CADF,eAeE,oBAAC,KAAD;AACE,QAAA,MAAM,EAAEvB,MAAM,CAACmC,OADjB;AAEE,QAAA,MAAM,EAAEL,kBAFV;AAGE,QAAA,iBAAiB,EAAC,aAHpB;AAIE,QAAA,gBAAgB,EAAC,UAJnB;AAKE,QAAA,SAAS,EAAE,KAAKxB,gBALlB;AAME,QAAA,QAAQ,EAAE,KAAKM;AANjB,sBAQE,kHARF,CAfF,CADF;AA+BD;;;;;;EArEoCd,KAAK,CAACsC,S","sourcesContent":["import React from \"react\";\n\nimport { Alert, Intent, NonIdealState } from \"@blueprintjs/core\";\nimport { IconNames } from \"@blueprintjs/icons\";\n\nimport { CoreWrapper } from \"./Helpers.jsx\";\nimport {\n  endPlayerTimeoutWait,\n  extendPlayerTimeoutWait\n} from \"../../api/players/methods.js\";\n\nexport default class GameLobby extends React.Component {\n  shouldComponentUpdate(nextProps, nextState) {\n    return !_.isEqual(this.props, nextProps);\n  }\n\n  handleWaitLonger = () => {\n    extendPlayerTimeoutWait.call({ playerId: this.props.player._id });\n  };\n\n  handleExitNow = () => {\n    endPlayerTimeoutWait.call({ playerId: this.props.player._id });\n  };\n\n  render() {\n    const { gameLobby, treatment, timedOut, lobbyConfig, player } = this.props;\n\n    const total = treatment.factor(\"playerCount\").value;\n    const exisiting = gameLobby.playerIds.length;\n\n    if (exisiting >= total) {\n      return (\n        <CoreWrapper>\n          <div className=\"game-lobby\">\n            <NonIdealState\n              icon={IconNames.PLAY}\n              title=\"Game loading...\"\n              description=\"Your game will be starting shortly, get ready!\"\n            />\n          </div>\n        </CoreWrapper>\n      );\n    }\n\n    const showExtensionAlert =\n      timedOut &&\n      lobbyConfig.timeoutType === \"individual\" &&\n      lobbyConfig.extendCount >= player.timeoutWaitCount;\n\n    return (\n      <CoreWrapper>\n        <div className=\"game-lobby\">\n          <NonIdealState\n            icon={IconNames.TIME}\n            title=\"Lobby\"\n            description={\n              <>\n                <p>Please wait for the game to be ready...</p>\n                <p>\n                  {exisiting} / {total} players ready.\n                </p>\n              </>\n            }\n          />\n        </div>\n        <Alert\n          intent={Intent.PRIMARY}\n          isOpen={showExtensionAlert}\n          confirmButtonText=\"Wait Longer\"\n          cancelButtonText=\"Exit Now\"\n          onConfirm={this.handleWaitLonger}\n          onCancel={this.handleExitNow}\n        >\n          <p>\n            Sorry you have been waiting for a while. Do you wish to wait longer\n            or exit now?\n          </p>\n        </Alert>\n      </CoreWrapper>\n    );\n  }\n}\n"]},"sourceType":"module","hash":"813f28eae4ebd04691f878a69e3b9dc597c19922"}
