{"metadata":{},"options":{"compact":false,"sourceMaps":true,"ast":true,"babelrc":false,"configFile":false,"parserOpts":{"sourceType":"module","sourceFileName":"/Users/stefpop/Desktop/repos/withBrandon/crossling_reference/experiments/from-scratch/packages/aldeed:schema-deny/deny.js","plugins":["*","flow","jsx","asyncGenerators","bigInt","classPrivateMethods","classPrivateProperties","classProperties","doExpressions","dynamicImport","exportDefaultFrom","exportExtensions","exportNamespaceFrom","functionBind","functionSent","importMeta","nullishCoalescingOperator","numericSeparator","objectRestSpread","optionalCatchBinding","optionalChaining",["pipelineOperator",{"proposal":"minimal"}],"throwExpressions","classProperties","classPrivateProperties","jsx","nullishCoalescingOperator","nullishCoalescingOperator","optionalChaining","optionalChaining","optionalCatchBinding","optionalCatchBinding","classProperties","classPrivateProperties","classPrivateMethods","classProperties","classPrivateProperties","asyncGenerators","asyncGenerators","objectRestSpread","objectRestSpread"],"allowImportExportEverywhere":true,"allowReturnOutsideFunction":true,"allowUndeclaredExports":true,"strictMode":false},"caller":{"name":"meteor","arch":"web.browser"},"sourceFileName":"packages/aldeed:schema-deny/deny.js","filename":"/Users/stefpop/Desktop/repos/withBrandon/crossling_reference/experiments/from-scratch/packages/aldeed:schema-deny/deny.js","cloneInputAst":true,"passPerPreset":false,"envName":"development","cwd":"/Users/stefpop/Desktop/repos/withBrandon/crossling_reference/experiments/from-scratch","root":"/Users/stefpop/Desktop/repos/withBrandon/crossling_reference/experiments/from-scratch","plugins":[{"key":"base$0","visitor":{"_exploded":true,"_verified":true},"options":{}},{"key":"base$0$0","visitor":{"Program":{"enter":[null],"exit":[null]},"_exploded":true,"_verified":true},"options":{"avoidModernSyntax":false,"enforceStrictMode":false,"dynamicImport":true,"generateLetDeclarations":true}},{"key":"transform-runtime","visitor":{"CallExpression":{"enter":[null]},"BinaryExpression":{"enter":[null]},"MemberExpression":{"enter":[null],"exit":[null]},"_exploded":true,"_verified":true,"Identifier":{"enter":[null]},"JSXIdentifier":{"enter":[null]}},"options":{"version":"7.12.5","helpers":true,"useESModules":false,"corejs":false}},{"key":"proposal-class-properties","visitor":{"PrivateName":{"enter":[null]},"ExportDefaultDeclaration":{"enter":[null]},"_exploded":true,"_verified":true,"ClassExpression":{"enter":[null]},"ClassDeclaration":{"enter":[null]}},"options":{"loose":true}},{"key":"transform-react-jsx","visitor":{"_exploded":{},"_verified":{},"JSXNamespacedName":{"enter":[null]},"JSXSpreadChild":{"enter":[null]},"Program":{"enter":[null]},"JSXElement":{"exit":[null]},"JSXFragment":{"exit":[null]},"JSXAttribute":{"enter":[null]}},"options":{"pragma":"React.createElement","pragmaFrag":"React.Fragment","runtime":"classic","throwIfNamespace":true,"useBuiltIns":false}},{"key":"transform-react-display-name","visitor":{"ExportDefaultDeclaration":{"enter":[null]},"CallExpression":{"enter":[null]},"_exploded":true,"_verified":true},"options":{}},{"key":"transform-react-pure-annotations","visitor":{"CallExpression":{"enter":[null]},"_exploded":true,"_verified":true},"options":{}},{"key":"syntax-nullish-coalescing-operator","visitor":{"_exploded":true,"_verified":true},"options":{}},{"key":"proposal-nullish-coalescing-operator","visitor":{"_exploded":{},"_verified":{},"LogicalExpression":{"enter":[null]}},"options":{}},{"key":"syntax-optional-chaining","visitor":{"_exploded":true,"_verified":true},"options":{}},{"key":"proposal-optional-chaining","visitor":{"_exploded":{},"_verified":{},"OptionalCallExpression":{"enter":[null]},"OptionalMemberExpression":{"enter":[null]}},"options":{}},{"key":"syntax-optional-catch-binding","visitor":{"_exploded":true,"_verified":true},"options":{}},{"key":"proposal-optional-catch-binding","visitor":{"_exploded":{},"_verified":{},"CatchClause":{"enter":[null]}},"options":{}},{"key":"syntax-class-properties","visitor":{"_exploded":true,"_verified":true},"options":{}},{"key":"proposal-class-properties","visitor":{"PrivateName":{"enter":[null]},"ExportDefaultDeclaration":{"enter":[null]},"_exploded":true,"_verified":true,"ClassExpression":{"enter":[null]},"ClassDeclaration":{"enter":[null]}},"options":{}},{"key":"syntax-async-generators","visitor":{"_exploded":true,"_verified":true},"options":{}},{"key":"proposal-async-generator-functions","visitor":{"_exploded":{},"_verified":{},"Program":{"enter":[null]}},"options":{}},{"key":"syntax-object-rest-spread","visitor":{"_exploded":true,"_verified":true},"options":{}},{"key":"proposal-object-rest-spread","visitor":{"_exploded":{},"_verified":{},"VariableDeclarator":{"enter":[null]},"ExportNamedDeclaration":{"enter":[null]},"CatchClause":{"enter":[null]},"AssignmentExpression":{"enter":[null]},"ArrayPattern":{"enter":[null]},"ObjectExpression":{"enter":[null]},"FunctionDeclaration":{"enter":[null]},"FunctionExpression":{"enter":[null]},"ObjectMethod":{"enter":[null]},"ArrowFunctionExpression":{"enter":[null]},"ClassMethod":{"enter":[null]},"ClassPrivateMethod":{"enter":[null]},"ForInStatement":{"enter":[null]},"ForOfStatement":{"enter":[null]}},"options":{}},{"key":"transform-literals","visitor":{"NumericLiteral":{"enter":[null]},"StringLiteral":{"enter":[null]},"_exploded":true,"_verified":true},"options":{}},{"key":"transform-template-literals","visitor":{"TaggedTemplateExpression":{"enter":[null]},"TemplateLiteral":{"enter":[null]},"_exploded":true,"_verified":true},"options":{}},{"key":"transform-parameters","visitor":{"_exploded":true,"_verified":true,"FunctionDeclaration":{"enter":[null]},"FunctionExpression":{"enter":[null]},"ObjectMethod":{"enter":[null]},"ArrowFunctionExpression":{"enter":[null]},"ClassMethod":{"enter":[null]},"ClassPrivateMethod":{"enter":[null]}},"options":{}},{"key":"transform-exponentiation-operator","visitor":{"AssignmentExpression":{"enter":[null]},"BinaryExpression":{"enter":[null]},"_exploded":true,"_verified":true},"options":{}}],"presets":[],"generatorOpts":{"filename":"/Users/stefpop/Desktop/repos/withBrandon/crossling_reference/experiments/from-scratch/packages/aldeed:schema-deny/deny.js","comments":true,"compact":false,"sourceMaps":true,"sourceFileName":"packages/aldeed:schema-deny/deny.js"}},"code":"let SimpleSchema;\nmodule.link(\"simpl-schema\", {\n  default(v) {\n    SimpleSchema = v;\n  }\n\n}, 0);\nlet Collection2;\nmodule.link(\"meteor/aldeed:collection2\", {\n  default(v) {\n    Collection2 = v;\n  }\n\n}, 1);\n// Extend the schema options allowed by SimpleSchema\nSimpleSchema.extendOptions(['denyInsert', 'denyUpdate']);\nCollection2.on('schema.attached', function (collection, ss) {\n  if (ss.version >= 2 && ss.messageBox && typeof ss.messageBox.messages === 'function') {\n    ss.messageBox.messages({\n      en: {\n        insertNotAllowed: '{{label}} cannot be set during an insert',\n        updateNotAllowed: '{{label}} cannot be set during an update'\n      }\n    });\n  }\n\n  ss.addValidator(function () {\n    if (!this.isSet) return;\n    const def = this.definition;\n    if (def.denyInsert && this.isInsert) return 'insertNotAllowed';\n    if (def.denyUpdate && (this.isUpdate || this.isUpsert)) return 'updateNotAllowed';\n  });\n});","map":{"version":3,"sources":["packages/aldeed:schema-deny/deny.js"],"names":["SimpleSchema","module","link","default","v","Collection2","extendOptions","on","collection","ss","version","messageBox","messages","en","insertNotAllowed","updateNotAllowed","addValidator","isSet","def","definition","denyInsert","isInsert","denyUpdate","isUpdate","isUpsert"],"mappings":"AAAA,IAAIA,YAAJ;AAAiBC,MAAM,CAACC,IAAP,CAAY,cAAZ,EAA2B;AAACC,EAAAA,OAAO,CAACC,CAAD,EAAG;AAACJ,IAAAA,YAAY,GAACI,CAAb;AAAe;;AAA3B,CAA3B,EAAwD,CAAxD;AAA2D,IAAIC,WAAJ;AAAgBJ,MAAM,CAACC,IAAP,CAAY,2BAAZ,EAAwC;AAACC,EAAAA,OAAO,CAACC,CAAD,EAAG;AAACC,IAAAA,WAAW,GAACD,CAAZ;AAAc;;AAA1B,CAAxC,EAAoE,CAApE;AAI5F;AACAJ,YAAY,CAACM,aAAb,CAA2B,CAAC,YAAD,EAAe,YAAf,CAA3B;AAEAD,WAAW,CAACE,EAAZ,CAAe,iBAAf,EAAkC,UAAUC,UAAV,EAAsBC,EAAtB,EAA0B;AAC1D,MAAIA,EAAE,CAACC,OAAH,IAAc,CAAd,IAAmBD,EAAE,CAACE,UAAtB,IAAoC,OAAOF,EAAE,CAACE,UAAH,CAAcC,QAArB,KAAkC,UAA1E,EAAsF;AACpFH,IAAAA,EAAE,CAACE,UAAH,CAAcC,QAAd,CAAuB;AACrBC,MAAAA,EAAE,EAAE;AACFC,QAAAA,gBAAgB,EAAE,0CADhB;AAEFC,QAAAA,gBAAgB,EAAE;AAFhB;AADiB,KAAvB;AAMD;;AAEDN,EAAAA,EAAE,CAACO,YAAH,CAAgB,YAAW;AACzB,QAAI,CAAC,KAAKC,KAAV,EAAiB;AAEjB,UAAMC,GAAG,GAAG,KAAKC,UAAjB;AAEA,QAAID,GAAG,CAACE,UAAJ,IAAkB,KAAKC,QAA3B,EAAqC,OAAO,kBAAP;AACrC,QAAIH,GAAG,CAACI,UAAJ,KAAmB,KAAKC,QAAL,IAAiB,KAAKC,QAAzC,CAAJ,EAAwD,OAAO,kBAAP;AACzD,GAPD;AAQD,CAlBD","sourcesContent":["// collection2 checks to make sure that simpl-schema package is added\nimport SimpleSchema from 'simpl-schema';\nimport Collection2 from 'meteor/aldeed:collection2';\n\n// Extend the schema options allowed by SimpleSchema\nSimpleSchema.extendOptions(['denyInsert', 'denyUpdate']);\n\nCollection2.on('schema.attached', function (collection, ss) {\n  if (ss.version >= 2 && ss.messageBox && typeof ss.messageBox.messages === 'function') {\n    ss.messageBox.messages({\n      en: {\n        insertNotAllowed: '{{label}} cannot be set during an insert',\n        updateNotAllowed: '{{label}} cannot be set during an update'\n      }\n    });\n  }\n\n  ss.addValidator(function() {\n    if (!this.isSet) return;\n\n    const def = this.definition;\n\n    if (def.denyInsert && this.isInsert) return 'insertNotAllowed';\n    if (def.denyUpdate && (this.isUpdate || this.isUpsert)) return 'updateNotAllowed';\n  });\n});\n"]},"sourceType":"module","hash":"819883c86a0a152e4069aa48679d1da26e506b74"}
