{"metadata":{},"options":{"compact":false,"sourceMaps":true,"ast":true,"babelrc":false,"configFile":false,"parserOpts":{"sourceType":"module","sourceFileName":"/Users/stefpop/Desktop/repos/withBrandon/crossling_reference/experiments/from-scratch/client/intro/Quiz_rtl.jsx","plugins":["*","flow","jsx","asyncGenerators","bigInt","classPrivateMethods","classPrivateProperties","classProperties","doExpressions","dynamicImport","exportDefaultFrom","exportExtensions","exportNamespaceFrom","functionBind","functionSent","importMeta","nullishCoalescingOperator","numericSeparator","objectRestSpread","optionalCatchBinding","optionalChaining",["pipelineOperator",{"proposal":"minimal"}],"throwExpressions","classProperties","classPrivateProperties","jsx","nullishCoalescingOperator","nullishCoalescingOperator","optionalChaining","optionalChaining","optionalCatchBinding","optionalCatchBinding","classProperties","classPrivateProperties","classPrivateMethods","classProperties","classPrivateProperties","asyncGenerators","asyncGenerators","objectRestSpread","objectRestSpread"],"allowImportExportEverywhere":true,"allowReturnOutsideFunction":true,"allowUndeclaredExports":true,"strictMode":false},"caller":{"name":"meteor","arch":"web.browser"},"sourceFileName":"client/intro/Quiz_rtl.jsx","filename":"/Users/stefpop/Desktop/repos/withBrandon/crossling_reference/experiments/from-scratch/client/intro/Quiz_rtl.jsx","cloneInputAst":true,"passPerPreset":false,"envName":"development","cwd":"/Users/stefpop/Desktop/repos/withBrandon/crossling_reference/experiments/from-scratch","root":"/Users/stefpop/Desktop/repos/withBrandon/crossling_reference/experiments/from-scratch","plugins":[{"key":"base$0","visitor":{"_exploded":true,"_verified":true},"options":{}},{"key":"base$0$0","visitor":{"Program":{"enter":[null],"exit":[null]},"_exploded":true,"_verified":true},"options":{"avoidModernSyntax":false,"enforceStrictMode":false,"dynamicImport":true,"generateLetDeclarations":true}},{"key":"transform-runtime","visitor":{"CallExpression":{"enter":[null]},"BinaryExpression":{"enter":[null]},"MemberExpression":{"enter":[null],"exit":[null]},"_exploded":true,"_verified":true,"Identifier":{"enter":[null]},"JSXIdentifier":{"enter":[null]}},"options":{"version":"7.12.5","helpers":true,"useESModules":false,"corejs":false}},{"key":"proposal-class-properties","visitor":{"PrivateName":{"enter":[null]},"ExportDefaultDeclaration":{"enter":[null]},"_exploded":true,"_verified":true,"ClassExpression":{"enter":[null]},"ClassDeclaration":{"enter":[null]}},"options":{"loose":true}},{"key":"transform-react-jsx","visitor":{"_exploded":{},"_verified":{},"JSXNamespacedName":{"enter":[null]},"JSXSpreadChild":{"enter":[null]},"Program":{"enter":[null]},"JSXElement":{"exit":[null]},"JSXFragment":{"exit":[null]},"JSXAttribute":{"enter":[null]}},"options":{"pragma":"React.createElement","pragmaFrag":"React.Fragment","runtime":"classic","throwIfNamespace":true,"useBuiltIns":false}},{"key":"transform-react-display-name","visitor":{"ExportDefaultDeclaration":{"enter":[null]},"CallExpression":{"enter":[null]},"_exploded":true,"_verified":true},"options":{}},{"key":"transform-react-pure-annotations","visitor":{"CallExpression":{"enter":[null]},"_exploded":true,"_verified":true},"options":{}},{"key":"syntax-nullish-coalescing-operator","visitor":{"_exploded":true,"_verified":true},"options":{}},{"key":"proposal-nullish-coalescing-operator","visitor":{"_exploded":{},"_verified":{},"LogicalExpression":{"enter":[null]}},"options":{}},{"key":"syntax-optional-chaining","visitor":{"_exploded":true,"_verified":true},"options":{}},{"key":"proposal-optional-chaining","visitor":{"_exploded":{},"_verified":{},"OptionalCallExpression":{"enter":[null]},"OptionalMemberExpression":{"enter":[null]}},"options":{}},{"key":"syntax-optional-catch-binding","visitor":{"_exploded":true,"_verified":true},"options":{}},{"key":"proposal-optional-catch-binding","visitor":{"_exploded":{},"_verified":{},"CatchClause":{"enter":[null]}},"options":{}},{"key":"syntax-class-properties","visitor":{"_exploded":true,"_verified":true},"options":{}},{"key":"proposal-class-properties","visitor":{"PrivateName":{"enter":[null]},"ExportDefaultDeclaration":{"enter":[null]},"_exploded":true,"_verified":true,"ClassExpression":{"enter":[null]},"ClassDeclaration":{"enter":[null]}},"options":{}},{"key":"syntax-async-generators","visitor":{"_exploded":true,"_verified":true},"options":{}},{"key":"proposal-async-generator-functions","visitor":{"_exploded":{},"_verified":{},"Program":{"enter":[null]}},"options":{}},{"key":"syntax-object-rest-spread","visitor":{"_exploded":true,"_verified":true},"options":{}},{"key":"proposal-object-rest-spread","visitor":{"_exploded":{},"_verified":{},"VariableDeclarator":{"enter":[null]},"ExportNamedDeclaration":{"enter":[null]},"CatchClause":{"enter":[null]},"AssignmentExpression":{"enter":[null]},"ArrayPattern":{"enter":[null]},"ObjectExpression":{"enter":[null]},"FunctionDeclaration":{"enter":[null]},"FunctionExpression":{"enter":[null]},"ObjectMethod":{"enter":[null]},"ArrowFunctionExpression":{"enter":[null]},"ClassMethod":{"enter":[null]},"ClassPrivateMethod":{"enter":[null]},"ForInStatement":{"enter":[null]},"ForOfStatement":{"enter":[null]}},"options":{}},{"key":"transform-literals","visitor":{"NumericLiteral":{"enter":[null]},"StringLiteral":{"enter":[null]},"_exploded":true,"_verified":true},"options":{}},{"key":"transform-template-literals","visitor":{"TaggedTemplateExpression":{"enter":[null]},"TemplateLiteral":{"enter":[null]},"_exploded":true,"_verified":true},"options":{}},{"key":"transform-parameters","visitor":{"_exploded":true,"_verified":true,"FunctionDeclaration":{"enter":[null]},"FunctionExpression":{"enter":[null]},"ObjectMethod":{"enter":[null]},"ArrowFunctionExpression":{"enter":[null]},"ClassMethod":{"enter":[null]},"ClassPrivateMethod":{"enter":[null]}},"options":{}},{"key":"transform-exponentiation-operator","visitor":{"AssignmentExpression":{"enter":[null]},"BinaryExpression":{"enter":[null]},"_exploded":true,"_verified":true},"options":{}}],"presets":[],"generatorOpts":{"filename":"/Users/stefpop/Desktop/repos/withBrandon/crossling_reference/experiments/from-scratch/client/intro/Quiz_rtl.jsx","comments":true,"compact":false,"sourceMaps":true,"sourceFileName":"client/intro/Quiz_rtl.jsx"}},"code":"module.export({\n  default: () => GroupQuiz\n});\nlet React;\nmodule.link(\"react\", {\n  default(v) {\n    React = v;\n  }\n\n}, 0);\nlet Centered, AlertToaster;\nmodule.link(\"meteor/empirica:core\", {\n  Centered(v) {\n    Centered = v;\n  },\n\n  AlertToaster(v) {\n    AlertToaster = v;\n  }\n\n}, 1);\nlet Radio, RadioGroup;\nmodule.link(\"@blueprintjs/core\", {\n  Radio(v) {\n    Radio = v;\n  },\n\n  RadioGroup(v) {\n    RadioGroup = v;\n  }\n\n}, 2);\nlet Checkbox;\nmodule.link(\"@blueprintjs/core\", {\n  Checkbox(v) {\n    Checkbox = v;\n  }\n\n}, 3);\nlet gameText;\nmodule.link(\"../gameText.js\", {\n  gameText(v) {\n    gameText = v;\n  }\n\n}, 4);\n\nclass GroupQuiz extends React.Component {\n  constructor() {\n    super(...arguments);\n    this.state = {\n      directorCanClick: \"\",\n      guesserWantsToClick: \"\",\n      targetRedCircle: \"\",\n      onlyDirector: \"\",\n      total72rounds: \"\",\n      sameLocations: \"\" // selectionControl: \"\",\n      // aftertask: \"\",\n      // chat: \"\"\n\n    };\n\n    this.handleChange = event => {\n      const el = event.currentTarget;\n      this.setState({\n        [el.name]: el.value.trim().toLowerCase()\n      });\n    };\n\n    this.handleRadioChange = event => {\n      const el = event.currentTarget;\n      console.log(\"el\", el);\n      console.log(\"ev\", event);\n      this.setState({\n        [el.name]: el.value\n      });\n    };\n\n    this.handleEnabledChange = event => {\n      const el = event.currentTarget;\n      this.setState({\n        [el.name]: !this.state[el.name]\n      });\n    };\n\n    this.handleSubmit = event => {\n      event.preventDefault();\n      const {\n        game\n      } = this.props;\n      const gameTextInLanguage = gameText.filter(row => row.language == game.treatment.gameLanguage)[0]; //it should be this.state.nParticipants !== \"3\" but we don't have \"treatment\" in QUIZ\n\n      if (this.state.directorCanClick !== \"false\" || this.state.guesserWantsToClick !== \"true\" || this.state.targetRedCircle !== \"false\" || this.state.onlyDirector !== \"false\" || this.state.total72rounds !== \"true\" || this.state.sameLocations !== \"false\") {\n        AlertToaster.show({\n          message: gameTextInLanguage.QUIZ_MistakesMessage\n        });\n      } else {\n        this.props.onNext();\n      }\n    };\n  }\n\n  componentDidMount() {\n    const {\n      game\n    } = this.props;\n    document.querySelector(\"main\").scrollTo(0, 0);\n    this.state.num_players = game.treatment.playerCount;\n  }\n\n  render() {\n    const {\n      hasPrev,\n      onPrev,\n      game,\n      treatment\n    } = this.props;\n    const gameTextInLanguage = gameText.filter(row => row.language == game.treatment.gameLanguage)[0];\n    return /*#__PURE__*/React.createElement(\"div\", {\n      style: {\n        textAlign: \"center\"\n      }\n    }, /*#__PURE__*/React.createElement(\"div\", {\n      className: \"quiz\"\n    }, /*#__PURE__*/React.createElement(\"h1\", {\n      className: \"bp3-heading\"\n    }, \" \", gameTextInLanguage.QUIZ_HeaderText, \" \"), /*#__PURE__*/React.createElement(\"form\", {\n      onSubmit: this.handleSubmit\n    }, /*#__PURE__*/React.createElement(\"div\", {\n      className: \"bp3-form-group\"\n    }, /*#__PURE__*/React.createElement(\"div\", {\n      className: \"bp3-form-content\"\n    }, /*#__PURE__*/React.createElement(\"div\", {\n      dir: \"rtl\"\n    }, gameTextInLanguage.QUIZ_Question1), /*#__PURE__*/React.createElement(RadioGroup, {\n      onChange: this.handleRadioChange,\n      selectedValue: this.state.directorCanClick,\n      name: \"directorCanClick\",\n      required: true\n    }, /*#__PURE__*/React.createElement(Radio, {\n      label: gameTextInLanguage.QUIZ_TrueButtonText,\n      value: \"true\"\n    }), /*#__PURE__*/React.createElement(Radio, {\n      label: gameTextInLanguage.QUIZ_FalseButtonText,\n      value: \"false\"\n    })))), /*#__PURE__*/React.createElement(\"div\", {\n      className: \"bp3-form-group\"\n    }, /*#__PURE__*/React.createElement(\"div\", {\n      className: \"bp3-form-content\"\n    }, /*#__PURE__*/React.createElement(\"div\", {\n      dir: \"rtl\"\n    }, gameTextInLanguage.QUIZ_Question2), /*#__PURE__*/React.createElement(RadioGroup, {\n      onChange: this.handleRadioChange,\n      selectedValue: this.state.guesserWantsToClick,\n      name: \"guesserWantsToClick\",\n      required: true\n    }, /*#__PURE__*/React.createElement(Radio, {\n      label: gameTextInLanguage.QUIZ_TrueButtonText,\n      value: \"true\"\n    }), /*#__PURE__*/React.createElement(Radio, {\n      label: gameTextInLanguage.QUIZ_FalseButtonText,\n      value: \"false\"\n    })))), /*#__PURE__*/React.createElement(\"div\", {\n      className: \"bp3-form-group\"\n    }, /*#__PURE__*/React.createElement(\"div\", {\n      className: \"bp3-form-content\"\n    }, /*#__PURE__*/React.createElement(\"div\", {\n      dir: \"rtl\"\n    }, gameTextInLanguage.QUIZ_Question3), /*#__PURE__*/React.createElement(RadioGroup, {\n      onChange: this.handleRadioChange,\n      selectedValue: this.state.targetRedCircle,\n      name: \"targetRedCircle\",\n      required: true\n    }, /*#__PURE__*/React.createElement(Radio, {\n      label: gameTextInLanguage.QUIZ_TrueButtonText,\n      value: \"true\"\n    }), /*#__PURE__*/React.createElement(Radio, {\n      label: gameTextInLanguage.QUIZ_FalseButtonText,\n      value: \"false\"\n    })))), /*#__PURE__*/React.createElement(\"div\", {\n      className: \"bp3-form-group\"\n    }, /*#__PURE__*/React.createElement(\"div\", {\n      className: \"bp3-form-content\"\n    }, /*#__PURE__*/React.createElement(\"div\", {\n      dir: \"rtl\"\n    }, gameTextInLanguage.QUIZ_Question4), /*#__PURE__*/React.createElement(RadioGroup, {\n      onChange: this.handleRadioChange,\n      selectedValue: this.state.onlyDirector,\n      name: \"onlyDirector\",\n      required: true\n    }, /*#__PURE__*/React.createElement(Radio, {\n      label: gameTextInLanguage.QUIZ_TrueButtonText,\n      value: \"true\"\n    }), /*#__PURE__*/React.createElement(Radio, {\n      label: gameTextInLanguage.QUIZ_FalseButtonText,\n      value: \"false\"\n    })))), /*#__PURE__*/React.createElement(\"div\", {\n      className: \"bp3-form-group\"\n    }, /*#__PURE__*/React.createElement(\"div\", {\n      className: \"bp3-form-content\"\n    }, /*#__PURE__*/React.createElement(\"div\", {\n      dir: \"rtl\"\n    }, gameTextInLanguage.QUIZ_Question5), /*#__PURE__*/React.createElement(RadioGroup, {\n      onChange: this.handleRadioChange,\n      selectedValue: this.state.total72rounds,\n      name: \"total72rounds\",\n      required: true\n    }, /*#__PURE__*/React.createElement(Radio, {\n      label: gameTextInLanguage.QUIZ_TrueButtonText,\n      value: \"true\"\n    }), /*#__PURE__*/React.createElement(Radio, {\n      label: gameTextInLanguage.QUIZ_FalseButtonText,\n      value: \"false\"\n    })))), /*#__PURE__*/React.createElement(\"div\", {\n      className: \"bp3-form-group\"\n    }, /*#__PURE__*/React.createElement(\"div\", {\n      className: \"bp3-form-content\"\n    }, /*#__PURE__*/React.createElement(\"div\", {\n      dir: \"rtl\"\n    }, gameTextInLanguage.QUIZ_Question6), /*#__PURE__*/React.createElement(RadioGroup, {\n      onChange: this.handleRadioChange,\n      selectedValue: this.state.sameLocations,\n      name: \"sameLocations\",\n      required: true\n    }, /*#__PURE__*/React.createElement(Radio, {\n      label: gameTextInLanguage.QUIZ_TrueButtonText,\n      value: \"true\"\n    }), /*#__PURE__*/React.createElement(Radio, {\n      label: gameTextInLanguage.QUIZ_FalseButtonText,\n      value: \"false\"\n    })))), /*#__PURE__*/React.createElement(\"div\", {\n      dir: \"rtl\"\n    }, /*#__PURE__*/React.createElement(\"button\", {\n      type: \"button\",\n      className: \"bp3-button bp3-intent-nope bp3-icon-double-chevron-left\",\n      onClick: onPrev,\n      disabled: !hasPrev\n    }, gameTextInLanguage.QUIZ_BackToInstructionsText), /*#__PURE__*/React.createElement(\"button\", {\n      type: \"submit\",\n      className: \"bp3-button bp3-intent-primary\"\n    }, gameTextInLanguage.QUIZ_StartGameText, /*#__PURE__*/React.createElement(\"span\", {\n      className: \"bp3-icon-standard bp3-icon-key-enter bp3-align-right\"\n    }))))));\n  }\n\n}","map":{"version":3,"sources":["client/intro/Quiz_rtl.jsx"],"names":["module","export","default","GroupQuiz","React","link","v","Centered","AlertToaster","Radio","RadioGroup","Checkbox","gameText","Component","state","directorCanClick","guesserWantsToClick","targetRedCircle","onlyDirector","total72rounds","sameLocations","handleChange","event","el","currentTarget","setState","name","value","trim","toLowerCase","handleRadioChange","console","log","handleEnabledChange","handleSubmit","preventDefault","game","props","gameTextInLanguage","filter","row","language","treatment","gameLanguage","show","message","QUIZ_MistakesMessage","onNext","componentDidMount","document","querySelector","scrollTo","num_players","playerCount","render","hasPrev","onPrev","textAlign","QUIZ_HeaderText","QUIZ_Question1","QUIZ_TrueButtonText","QUIZ_FalseButtonText","QUIZ_Question2","QUIZ_Question3","QUIZ_Question4","QUIZ_Question5","QUIZ_Question6","QUIZ_BackToInstructionsText","QUIZ_StartGameText"],"mappings":"AAAAA,MAAM,CAACC,MAAP,CAAc;AAACC,EAAAA,OAAO,EAAC,MAAIC;AAAb,CAAd;AAAuC,IAAIC,KAAJ;AAAUJ,MAAM,CAACK,IAAP,CAAY,OAAZ,EAAoB;AAACH,EAAAA,OAAO,CAACI,CAAD,EAAG;AAACF,IAAAA,KAAK,GAACE,CAAN;AAAQ;;AAApB,CAApB,EAA0C,CAA1C;AAA6C,IAAIC,QAAJ,EAAaC,YAAb;AAA0BR,MAAM,CAACK,IAAP,CAAY,sBAAZ,EAAmC;AAACE,EAAAA,QAAQ,CAACD,CAAD,EAAG;AAACC,IAAAA,QAAQ,GAACD,CAAT;AAAW,GAAxB;;AAAyBE,EAAAA,YAAY,CAACF,CAAD,EAAG;AAACE,IAAAA,YAAY,GAACF,CAAb;AAAe;;AAAxD,CAAnC,EAA6F,CAA7F;AAAgG,IAAIG,KAAJ,EAAUC,UAAV;AAAqBV,MAAM,CAACK,IAAP,CAAY,mBAAZ,EAAgC;AAACI,EAAAA,KAAK,CAACH,CAAD,EAAG;AAACG,IAAAA,KAAK,GAACH,CAAN;AAAQ,GAAlB;;AAAmBI,EAAAA,UAAU,CAACJ,CAAD,EAAG;AAACI,IAAAA,UAAU,GAACJ,CAAX;AAAa;;AAA9C,CAAhC,EAAgF,CAAhF;AAAmF,IAAIK,QAAJ;AAAaX,MAAM,CAACK,IAAP,CAAY,mBAAZ,EAAgC;AAACM,EAAAA,QAAQ,CAACL,CAAD,EAAG;AAACK,IAAAA,QAAQ,GAACL,CAAT;AAAW;;AAAxB,CAAhC,EAA0D,CAA1D;AAA6D,IAAIM,QAAJ;AAAaZ,MAAM,CAACK,IAAP,CAAY,gBAAZ,EAA6B;AAACO,EAAAA,QAAQ,CAACN,CAAD,EAAG;AAACM,IAAAA,QAAQ,GAACN,CAAT;AAAW;;AAAxB,CAA7B,EAAuD,CAAvD;;AAUxY,MAAMH,SAAN,SAAwBC,KAAK,CAACS,SAA9B,CAAwC;AAAA;AAAA;AAAA,SACrDC,KADqD,GAC7C;AACNC,MAAAA,gBAAgB,EAAE,EADZ;AAENC,MAAAA,mBAAmB,EAAE,EAFf;AAGNC,MAAAA,eAAe,EAAE,EAHX;AAINC,MAAAA,YAAY,EAAE,EAJR;AAKNC,MAAAA,aAAa,EAAE,EALT;AAMNC,MAAAA,aAAa,EAAE,EANT,CAON;AACA;AACA;;AATM,KAD6C;;AAAA,SAmBrDC,YAnBqD,GAmBrCC,KAAD,IAAW;AACxB,YAAMC,EAAE,GAAGD,KAAK,CAACE,aAAjB;AACA,WAAKC,QAAL,CAAc;AAAE,SAACF,EAAE,CAACG,IAAJ,GAAWH,EAAE,CAACI,KAAH,CAASC,IAAT,GAAgBC,WAAhB;AAAb,OAAd;AACD,KAtBoD;;AAAA,SAwBrDC,iBAxBqD,GAwBhCR,KAAD,IAAW;AAC7B,YAAMC,EAAE,GAAGD,KAAK,CAACE,aAAjB;AACAO,MAAAA,OAAO,CAACC,GAAR,CAAY,IAAZ,EAAkBT,EAAlB;AACAQ,MAAAA,OAAO,CAACC,GAAR,CAAY,IAAZ,EAAkBV,KAAlB;AACA,WAAKG,QAAL,CAAc;AAAE,SAACF,EAAE,CAACG,IAAJ,GAAWH,EAAE,CAACI;AAAhB,OAAd;AACD,KA7BoD;;AAAA,SA+BrDM,mBA/BqD,GA+B9BX,KAAD,IAAW;AAC/B,YAAMC,EAAE,GAAGD,KAAK,CAACE,aAAjB;AACA,WAAKC,QAAL,CAAc;AAAE,SAACF,EAAE,CAACG,IAAJ,GAAW,CAAC,KAAKZ,KAAL,CAAWS,EAAE,CAACG,IAAd;AAAd,OAAd;AACD,KAlCoD;;AAAA,SAoCrDQ,YApCqD,GAoCrCZ,KAAD,IAAW;AACxBA,MAAAA,KAAK,CAACa,cAAN;AAEA,YAAM;AAAEC,QAAAA;AAAF,UAAW,KAAKC,KAAtB;AAEA,YAAMC,kBAAkB,GAAG1B,QAAQ,CAAC2B,MAAT,CACxBC,GAAD,IAASA,GAAG,CAACC,QAAJ,IAAgBL,IAAI,CAACM,SAAL,CAAeC,YADf,EAEzB,CAFyB,CAA3B,CALwB,CASxB;;AACA,UACE,KAAK7B,KAAL,CAAWC,gBAAX,KAAgC,OAAhC,IACA,KAAKD,KAAL,CAAWE,mBAAX,KAAmC,MADnC,IAEA,KAAKF,KAAL,CAAWG,eAAX,KAA+B,OAF/B,IAGA,KAAKH,KAAL,CAAWI,YAAX,KAA4B,OAH5B,IAIA,KAAKJ,KAAL,CAAWK,aAAX,KAA6B,MAJ7B,IAKA,KAAKL,KAAL,CAAWM,aAAX,KAA6B,OAN/B,EAOE;AACAZ,QAAAA,YAAY,CAACoC,IAAb,CAAkB;AAChBC,UAAAA,OAAO,EAAEP,kBAAkB,CAACQ;AADZ,SAAlB;AAGD,OAXD,MAWO;AACL,aAAKT,KAAL,CAAWU,MAAX;AACD;AACF,KA5DoD;AAAA;;AAarDC,EAAAA,iBAAiB,GAAG;AAClB,UAAM;AAAEZ,MAAAA;AAAF,QAAW,KAAKC,KAAtB;AACAY,IAAAA,QAAQ,CAACC,aAAT,CAAuB,MAAvB,EAA+BC,QAA/B,CAAwC,CAAxC,EAA2C,CAA3C;AACA,SAAKrC,KAAL,CAAWsC,WAAX,GAAyBhB,IAAI,CAACM,SAAL,CAAeW,WAAxC;AACD;;AA6CDC,EAAAA,MAAM,GAAG;AACP,UAAM;AAAEC,MAAAA,OAAF;AAAWC,MAAAA,MAAX;AAAmBpB,MAAAA,IAAnB;AAAyBM,MAAAA;AAAzB,QAAuC,KAAKL,KAAlD;AAEA,UAAMC,kBAAkB,GAAG1B,QAAQ,CAAC2B,MAAT,CACxBC,GAAD,IAASA,GAAG,CAACC,QAAJ,IAAgBL,IAAI,CAACM,SAAL,CAAeC,YADf,EAEzB,CAFyB,CAA3B;AAIA,wBACE;AAAK,MAAA,KAAK,EAAE;AAAEc,QAAAA,SAAS,EAAE;AAAb;AAAZ,oBACE;AAAK,MAAA,SAAS,EAAC;AAAf,oBACE;AAAI,MAAA,SAAS,EAAE;AAAf,OACG,GADH,EAEGnB,kBAAkB,CAACoB,eAFtB,EAEuC,GAFvC,CADF,eAKE;AAAM,MAAA,QAAQ,EAAE,KAAKxB;AAArB,oBACE;AAAK,MAAA,SAAS,EAAC;AAAf,oBACE;AAAK,MAAA,SAAS,EAAC;AAAf,oBACE;AAAK,MAAA,GAAG,EAAC;AAAT,OAAgBI,kBAAkB,CAACqB,cAAnC,CADF,eAEE,oBAAC,UAAD;AACE,MAAA,QAAQ,EAAE,KAAK7B,iBADjB;AAEE,MAAA,aAAa,EAAE,KAAKhB,KAAL,CAAWC,gBAF5B;AAGE,MAAA,IAAI,EAAC,kBAHP;AAIE,MAAA,QAAQ;AAJV,oBAME,oBAAC,KAAD;AACE,MAAA,KAAK,EAAEuB,kBAAkB,CAACsB,mBAD5B;AAEE,MAAA,KAAK,EAAC;AAFR,MANF,eAUE,oBAAC,KAAD;AACE,MAAA,KAAK,EAAEtB,kBAAkB,CAACuB,oBAD5B;AAEE,MAAA,KAAK,EAAC;AAFR,MAVF,CAFF,CADF,CADF,eAsBE;AAAK,MAAA,SAAS,EAAC;AAAf,oBACE;AAAK,MAAA,SAAS,EAAC;AAAf,oBACE;AAAK,MAAA,GAAG,EAAC;AAAT,OAAgBvB,kBAAkB,CAACwB,cAAnC,CADF,eAEE,oBAAC,UAAD;AACE,MAAA,QAAQ,EAAE,KAAKhC,iBADjB;AAEE,MAAA,aAAa,EAAE,KAAKhB,KAAL,CAAWE,mBAF5B;AAGE,MAAA,IAAI,EAAC,qBAHP;AAIE,MAAA,QAAQ;AAJV,oBAME,oBAAC,KAAD;AACE,MAAA,KAAK,EAAEsB,kBAAkB,CAACsB,mBAD5B;AAEE,MAAA,KAAK,EAAC;AAFR,MANF,eAUE,oBAAC,KAAD;AACE,MAAA,KAAK,EAAEtB,kBAAkB,CAACuB,oBAD5B;AAEE,MAAA,KAAK,EAAC;AAFR,MAVF,CAFF,CADF,CAtBF,eA2CE;AAAK,MAAA,SAAS,EAAC;AAAf,oBACE;AAAK,MAAA,SAAS,EAAC;AAAf,oBACE;AAAK,MAAA,GAAG,EAAC;AAAT,OAAgBvB,kBAAkB,CAACyB,cAAnC,CADF,eAEE,oBAAC,UAAD;AACE,MAAA,QAAQ,EAAE,KAAKjC,iBADjB;AAEE,MAAA,aAAa,EAAE,KAAKhB,KAAL,CAAWG,eAF5B;AAGE,MAAA,IAAI,EAAC,iBAHP;AAIE,MAAA,QAAQ;AAJV,oBAME,oBAAC,KAAD;AACE,MAAA,KAAK,EAAEqB,kBAAkB,CAACsB,mBAD5B;AAEE,MAAA,KAAK,EAAC;AAFR,MANF,eAUE,oBAAC,KAAD;AACE,MAAA,KAAK,EAAEtB,kBAAkB,CAACuB,oBAD5B;AAEE,MAAA,KAAK,EAAC;AAFR,MAVF,CAFF,CADF,CA3CF,eAgEE;AAAK,MAAA,SAAS,EAAC;AAAf,oBACE;AAAK,MAAA,SAAS,EAAC;AAAf,oBACE;AAAK,MAAA,GAAG,EAAC;AAAT,OAAgBvB,kBAAkB,CAAC0B,cAAnC,CADF,eAEE,oBAAC,UAAD;AACE,MAAA,QAAQ,EAAE,KAAKlC,iBADjB;AAEE,MAAA,aAAa,EAAE,KAAKhB,KAAL,CAAWI,YAF5B;AAGE,MAAA,IAAI,EAAC,cAHP;AAIE,MAAA,QAAQ;AAJV,oBAME,oBAAC,KAAD;AACE,MAAA,KAAK,EAAEoB,kBAAkB,CAACsB,mBAD5B;AAEE,MAAA,KAAK,EAAC;AAFR,MANF,eAUE,oBAAC,KAAD;AACE,MAAA,KAAK,EAAEtB,kBAAkB,CAACuB,oBAD5B;AAEE,MAAA,KAAK,EAAC;AAFR,MAVF,CAFF,CADF,CAhEF,eAqFE;AAAK,MAAA,SAAS,EAAC;AAAf,oBACE;AAAK,MAAA,SAAS,EAAC;AAAf,oBACE;AAAK,MAAA,GAAG,EAAC;AAAT,OAAgBvB,kBAAkB,CAAC2B,cAAnC,CADF,eAEE,oBAAC,UAAD;AACE,MAAA,QAAQ,EAAE,KAAKnC,iBADjB;AAEE,MAAA,aAAa,EAAE,KAAKhB,KAAL,CAAWK,aAF5B;AAGE,MAAA,IAAI,EAAC,eAHP;AAIE,MAAA,QAAQ;AAJV,oBAME,oBAAC,KAAD;AACE,MAAA,KAAK,EAAEmB,kBAAkB,CAACsB,mBAD5B;AAEE,MAAA,KAAK,EAAC;AAFR,MANF,eAUE,oBAAC,KAAD;AACE,MAAA,KAAK,EAAEtB,kBAAkB,CAACuB,oBAD5B;AAEE,MAAA,KAAK,EAAC;AAFR,MAVF,CAFF,CADF,CArFF,eA0GE;AAAK,MAAA,SAAS,EAAC;AAAf,oBACE;AAAK,MAAA,SAAS,EAAC;AAAf,oBACE;AAAK,MAAA,GAAG,EAAC;AAAT,OAAgBvB,kBAAkB,CAAC4B,cAAnC,CADF,eAEE,oBAAC,UAAD;AACE,MAAA,QAAQ,EAAE,KAAKpC,iBADjB;AAEE,MAAA,aAAa,EAAE,KAAKhB,KAAL,CAAWM,aAF5B;AAGE,MAAA,IAAI,EAAC,eAHP;AAIE,MAAA,QAAQ;AAJV,oBAME,oBAAC,KAAD;AACE,MAAA,KAAK,EAAEkB,kBAAkB,CAACsB,mBAD5B;AAEE,MAAA,KAAK,EAAC;AAFR,MANF,eAUE,oBAAC,KAAD;AACE,MAAA,KAAK,EAAEtB,kBAAkB,CAACuB,oBAD5B;AAEE,MAAA,KAAK,EAAC;AAFR,MAVF,CAFF,CADF,CA1GF,eA8HE;AAAK,MAAA,GAAG,EAAC;AAAT,oBACE;AACE,MAAA,IAAI,EAAC,QADP;AAEE,MAAA,SAAS,EAAC,yDAFZ;AAGE,MAAA,OAAO,EAAEL,MAHX;AAIE,MAAA,QAAQ,EAAE,CAACD;AAJb,OAMGjB,kBAAkB,CAAC6B,2BANtB,CADF,eASE;AAAQ,MAAA,IAAI,EAAC,QAAb;AAAsB,MAAA,SAAS,EAAC;AAAhC,OACG7B,kBAAkB,CAAC8B,kBADtB,eAEE;AAAM,MAAA,SAAS,EAAC;AAAhB,MAFF,CATF,CA9HF,CALF,CADF,CADF;AAuJD;;AA5NoD","sourcesContent":["import React from \"react\";\n\nimport { Centered, AlertToaster } from \"meteor/empirica:core\";\n\nimport { Radio, RadioGroup } from \"@blueprintjs/core\";\n\nimport { Checkbox } from \"@blueprintjs/core\";\n\nimport { gameText } from \"../gameText.js\";\n\nexport default class GroupQuiz extends React.Component {\n  state = {\n    directorCanClick: \"\",\n    guesserWantsToClick: \"\",\n    targetRedCircle: \"\",\n    onlyDirector: \"\",\n    total72rounds: \"\",\n    sameLocations: \"\",\n    // selectionControl: \"\",\n    // aftertask: \"\",\n    // chat: \"\"\n  };\n\n  componentDidMount() {\n    const { game } = this.props;\n    document.querySelector(\"main\").scrollTo(0, 0);\n    this.state.num_players = game.treatment.playerCount;\n  }\n\n  handleChange = (event) => {\n    const el = event.currentTarget;\n    this.setState({ [el.name]: el.value.trim().toLowerCase() });\n  };\n\n  handleRadioChange = (event) => {\n    const el = event.currentTarget;\n    console.log(\"el\", el);\n    console.log(\"ev\", event);\n    this.setState({ [el.name]: el.value });\n  };\n\n  handleEnabledChange = (event) => {\n    const el = event.currentTarget;\n    this.setState({ [el.name]: !this.state[el.name] });\n  };\n\n  handleSubmit = (event) => {\n    event.preventDefault();\n\n    const { game } = this.props;\n\n    const gameTextInLanguage = gameText.filter(\n      (row) => row.language == game.treatment.gameLanguage\n    )[0];\n\n    //it should be this.state.nParticipants !== \"3\" but we don't have \"treatment\" in QUIZ\n    if (\n      this.state.directorCanClick !== \"false\" ||\n      this.state.guesserWantsToClick !== \"true\" ||\n      this.state.targetRedCircle !== \"false\" ||\n      this.state.onlyDirector !== \"false\" ||\n      this.state.total72rounds !== \"true\" ||\n      this.state.sameLocations !== \"false\"\n    ) {\n      AlertToaster.show({\n        message: gameTextInLanguage.QUIZ_MistakesMessage,\n      });\n    } else {\n      this.props.onNext();\n    }\n  };\n\n  render() {\n    const { hasPrev, onPrev, game, treatment } = this.props;\n\n    const gameTextInLanguage = gameText.filter(\n      (row) => row.language == game.treatment.gameLanguage\n    )[0];\n\n    return (\n      <div style={{ textAlign: \"center\" }}>\n        <div className=\"quiz\">\n          <h1 className={\"bp3-heading\"}>\n            {\" \"}\n            {gameTextInLanguage.QUIZ_HeaderText}{\" \"}\n          </h1>\n          <form onSubmit={this.handleSubmit}>\n            <div className=\"bp3-form-group\">\n              <div className=\"bp3-form-content\">\n                <div dir=\"rtl\">{gameTextInLanguage.QUIZ_Question1}</div>\n                <RadioGroup\n                  onChange={this.handleRadioChange}\n                  selectedValue={this.state.directorCanClick}\n                  name=\"directorCanClick\"\n                  required\n                >\n                  <Radio\n                    label={gameTextInLanguage.QUIZ_TrueButtonText}\n                    value=\"true\"\n                  />\n                  <Radio\n                    label={gameTextInLanguage.QUIZ_FalseButtonText}\n                    value=\"false\"\n                  />\n                </RadioGroup>\n              </div>\n            </div>\n\n            <div className=\"bp3-form-group\">\n              <div className=\"bp3-form-content\">\n                <div dir=\"rtl\">{gameTextInLanguage.QUIZ_Question2}</div>\n                <RadioGroup\n                  onChange={this.handleRadioChange}\n                  selectedValue={this.state.guesserWantsToClick}\n                  name=\"guesserWantsToClick\"\n                  required\n                >\n                  <Radio\n                    label={gameTextInLanguage.QUIZ_TrueButtonText}\n                    value=\"true\"\n                  />\n                  <Radio\n                    label={gameTextInLanguage.QUIZ_FalseButtonText}\n                    value=\"false\"\n                  />\n                </RadioGroup>\n              </div>\n            </div>\n\n            <div className=\"bp3-form-group\">\n              <div className=\"bp3-form-content\">\n                <div dir=\"rtl\">{gameTextInLanguage.QUIZ_Question3}</div>\n                <RadioGroup\n                  onChange={this.handleRadioChange}\n                  selectedValue={this.state.targetRedCircle}\n                  name=\"targetRedCircle\"\n                  required\n                >\n                  <Radio\n                    label={gameTextInLanguage.QUIZ_TrueButtonText}\n                    value=\"true\"\n                  />\n                  <Radio\n                    label={gameTextInLanguage.QUIZ_FalseButtonText}\n                    value=\"false\"\n                  />\n                </RadioGroup>\n              </div>\n            </div>\n\n            <div className=\"bp3-form-group\">\n              <div className=\"bp3-form-content\">\n                <div dir=\"rtl\">{gameTextInLanguage.QUIZ_Question4}</div>\n                <RadioGroup\n                  onChange={this.handleRadioChange}\n                  selectedValue={this.state.onlyDirector}\n                  name=\"onlyDirector\"\n                  required\n                >\n                  <Radio\n                    label={gameTextInLanguage.QUIZ_TrueButtonText}\n                    value=\"true\"\n                  />\n                  <Radio\n                    label={gameTextInLanguage.QUIZ_FalseButtonText}\n                    value=\"false\"\n                  />\n                </RadioGroup>\n              </div>\n            </div>\n\n            <div className=\"bp3-form-group\">\n              <div className=\"bp3-form-content\">\n                <div dir=\"rtl\">{gameTextInLanguage.QUIZ_Question5}</div>\n                <RadioGroup\n                  onChange={this.handleRadioChange}\n                  selectedValue={this.state.total72rounds}\n                  name=\"total72rounds\"\n                  required\n                >\n                  <Radio\n                    label={gameTextInLanguage.QUIZ_TrueButtonText}\n                    value=\"true\"\n                  />\n                  <Radio\n                    label={gameTextInLanguage.QUIZ_FalseButtonText}\n                    value=\"false\"\n                  />\n                </RadioGroup>\n              </div>\n            </div>\n\n            <div className=\"bp3-form-group\">\n              <div className=\"bp3-form-content\">\n                <div dir=\"rtl\">{gameTextInLanguage.QUIZ_Question6}</div>\n                <RadioGroup\n                  onChange={this.handleRadioChange}\n                  selectedValue={this.state.sameLocations}\n                  name=\"sameLocations\"\n                  required\n                >\n                  <Radio\n                    label={gameTextInLanguage.QUIZ_TrueButtonText}\n                    value=\"true\"\n                  />\n                  <Radio\n                    label={gameTextInLanguage.QUIZ_FalseButtonText}\n                    value=\"false\"\n                  />\n                </RadioGroup>\n              </div>\n            </div>\n            <div dir=\"rtl\">\n              <button\n                type=\"button\"\n                className=\"bp3-button bp3-intent-nope bp3-icon-double-chevron-left\"\n                onClick={onPrev}\n                disabled={!hasPrev}\n              >\n                {gameTextInLanguage.QUIZ_BackToInstructionsText}\n              </button>\n              <button type=\"submit\" className=\"bp3-button bp3-intent-primary\">\n                {gameTextInLanguage.QUIZ_StartGameText}\n                <span className=\"bp3-icon-standard bp3-icon-key-enter bp3-align-right\" />\n              </button>\n            </div>\n          </form>\n        </div>\n      </div>\n    );\n  }\n}\n"]},"sourceType":"module","hash":"81dcf145fb3b22f604b0989eb39305c996e2fffb"}
