{"metadata":{},"options":{"compact":false,"sourceMaps":true,"ast":true,"babelrc":false,"configFile":false,"parserOpts":{"sourceType":"module","sourceFileName":"/Users/stefpop/Desktop/repos/withBrandon/crossling_reference/experiments/from-scratch/client/game/Task.jsx","plugins":["*","flow","jsx","asyncGenerators","bigInt","classPrivateMethods","classPrivateProperties","classProperties","doExpressions","dynamicImport","exportDefaultFrom","exportExtensions","exportNamespaceFrom","functionBind","functionSent","importMeta","nullishCoalescingOperator","numericSeparator","objectRestSpread","optionalCatchBinding","optionalChaining",["pipelineOperator",{"proposal":"minimal"}],"throwExpressions","classProperties","classPrivateProperties","jsx","nullishCoalescingOperator","nullishCoalescingOperator","optionalChaining","optionalChaining","optionalCatchBinding","optionalCatchBinding","classProperties","classPrivateProperties","classPrivateMethods","classProperties","classPrivateProperties","asyncGenerators","asyncGenerators","objectRestSpread","objectRestSpread"],"allowImportExportEverywhere":true,"allowReturnOutsideFunction":true,"allowUndeclaredExports":true,"strictMode":false},"caller":{"name":"meteor","arch":"web.browser"},"sourceFileName":"client/game/Task.jsx","filename":"/Users/stefpop/Desktop/repos/withBrandon/crossling_reference/experiments/from-scratch/client/game/Task.jsx","cloneInputAst":true,"passPerPreset":false,"envName":"development","cwd":"/Users/stefpop/Desktop/repos/withBrandon/crossling_reference/experiments/from-scratch","root":"/Users/stefpop/Desktop/repos/withBrandon/crossling_reference/experiments/from-scratch","plugins":[{"key":"base$0","visitor":{"_exploded":true,"_verified":true},"options":{}},{"key":"base$0$0","visitor":{"Program":{"enter":[null],"exit":[null]},"_exploded":true,"_verified":true},"options":{"avoidModernSyntax":false,"enforceStrictMode":false,"dynamicImport":true,"generateLetDeclarations":true}},{"key":"transform-runtime","visitor":{"CallExpression":{"enter":[null]},"BinaryExpression":{"enter":[null]},"MemberExpression":{"enter":[null],"exit":[null]},"_exploded":true,"_verified":true,"Identifier":{"enter":[null]},"JSXIdentifier":{"enter":[null]}},"options":{"version":"7.12.5","helpers":true,"useESModules":false,"corejs":false}},{"key":"proposal-class-properties","visitor":{"PrivateName":{"enter":[null]},"ExportDefaultDeclaration":{"enter":[null]},"_exploded":true,"_verified":true,"ClassExpression":{"enter":[null]},"ClassDeclaration":{"enter":[null]}},"options":{"loose":true}},{"key":"transform-react-jsx","visitor":{"_exploded":{},"_verified":{},"JSXNamespacedName":{"enter":[null]},"JSXSpreadChild":{"enter":[null]},"Program":{"enter":[null]},"JSXElement":{"exit":[null]},"JSXFragment":{"exit":[null]},"JSXAttribute":{"enter":[null]}},"options":{"pragma":"React.createElement","pragmaFrag":"React.Fragment","runtime":"classic","throwIfNamespace":true,"useBuiltIns":false}},{"key":"transform-react-display-name","visitor":{"ExportDefaultDeclaration":{"enter":[null]},"CallExpression":{"enter":[null]},"_exploded":true,"_verified":true},"options":{}},{"key":"transform-react-pure-annotations","visitor":{"CallExpression":{"enter":[null]},"_exploded":true,"_verified":true},"options":{}},{"key":"syntax-nullish-coalescing-operator","visitor":{"_exploded":true,"_verified":true},"options":{}},{"key":"proposal-nullish-coalescing-operator","visitor":{"_exploded":{},"_verified":{},"LogicalExpression":{"enter":[null]}},"options":{}},{"key":"syntax-optional-chaining","visitor":{"_exploded":true,"_verified":true},"options":{}},{"key":"proposal-optional-chaining","visitor":{"_exploded":{},"_verified":{},"OptionalCallExpression":{"enter":[null]},"OptionalMemberExpression":{"enter":[null]}},"options":{}},{"key":"syntax-optional-catch-binding","visitor":{"_exploded":true,"_verified":true},"options":{}},{"key":"proposal-optional-catch-binding","visitor":{"_exploded":{},"_verified":{},"CatchClause":{"enter":[null]}},"options":{}},{"key":"syntax-class-properties","visitor":{"_exploded":true,"_verified":true},"options":{}},{"key":"proposal-class-properties","visitor":{"PrivateName":{"enter":[null]},"ExportDefaultDeclaration":{"enter":[null]},"_exploded":true,"_verified":true,"ClassExpression":{"enter":[null]},"ClassDeclaration":{"enter":[null]}},"options":{}},{"key":"syntax-async-generators","visitor":{"_exploded":true,"_verified":true},"options":{}},{"key":"proposal-async-generator-functions","visitor":{"_exploded":{},"_verified":{},"Program":{"enter":[null]}},"options":{}},{"key":"syntax-object-rest-spread","visitor":{"_exploded":true,"_verified":true},"options":{}},{"key":"proposal-object-rest-spread","visitor":{"_exploded":{},"_verified":{},"VariableDeclarator":{"enter":[null]},"ExportNamedDeclaration":{"enter":[null]},"CatchClause":{"enter":[null]},"AssignmentExpression":{"enter":[null]},"ArrayPattern":{"enter":[null]},"ObjectExpression":{"enter":[null]},"FunctionDeclaration":{"enter":[null]},"FunctionExpression":{"enter":[null]},"ObjectMethod":{"enter":[null]},"ArrowFunctionExpression":{"enter":[null]},"ClassMethod":{"enter":[null]},"ClassPrivateMethod":{"enter":[null]},"ForInStatement":{"enter":[null]},"ForOfStatement":{"enter":[null]}},"options":{}},{"key":"transform-literals","visitor":{"NumericLiteral":{"enter":[null]},"StringLiteral":{"enter":[null]},"_exploded":true,"_verified":true},"options":{}},{"key":"transform-template-literals","visitor":{"TaggedTemplateExpression":{"enter":[null]},"TemplateLiteral":{"enter":[null]},"_exploded":true,"_verified":true},"options":{}},{"key":"transform-parameters","visitor":{"_exploded":true,"_verified":true,"FunctionDeclaration":{"enter":[null]},"FunctionExpression":{"enter":[null]},"ObjectMethod":{"enter":[null]},"ArrowFunctionExpression":{"enter":[null]},"ClassMethod":{"enter":[null]},"ClassPrivateMethod":{"enter":[null]}},"options":{}},{"key":"transform-exponentiation-operator","visitor":{"AssignmentExpression":{"enter":[null]},"BinaryExpression":{"enter":[null]},"_exploded":true,"_verified":true},"options":{}}],"presets":[],"generatorOpts":{"filename":"/Users/stefpop/Desktop/repos/withBrandon/crossling_reference/experiments/from-scratch/client/game/Task.jsx","comments":true,"compact":false,"sourceMaps":true,"sourceFileName":"client/game/Task.jsx"}},"code":"module.export({\n  default: () => Task\n});\nlet React;\nmodule.link(\"react\", {\n  default(v) {\n    React = v;\n  }\n\n}, 0);\nlet Image;\nmodule.link(\"./Image.jsx\", {\n  default(v) {\n    Image = v;\n  }\n\n}, 1);\nlet AlertToaster;\nmodule.link(\"meteor/empirica:core\", {\n  AlertToaster(v) {\n    AlertToaster = v;\n  }\n\n}, 2);\nlet gameText;\nmodule.link(\"../gameText.js\", {\n  gameText(v) {\n    gameText = v;\n  }\n\n}, 3);\n\nclass Task extends React.Component {\n  render() {\n    const {\n      round,\n      player\n    } = this.props;\n    const TaskView = player.get('role') == 'listener' ? /*#__PURE__*/React.createElement(ListenerTask, this.props) : /*#__PURE__*/React.createElement(SpeakerTask, this.props);\n    return /*#__PURE__*/React.createElement(\"div\", {\n      className: \"task\"\n    }, TaskView);\n  }\n\n}\n\nclass ListenerTask extends React.Component {\n  constructor(props) {\n    super(props);\n\n    this.handleClick = event => {\n      const {\n        round\n      } = this.props;\n\n      if (round.get('stage') === \"feedback\") {\n        this.props.player.stage.submit();\n        document.removeEventListener('click', this.handleClick, true);\n      }\n    };\n\n    const {\n      round: _round\n    } = this.props;\n    this.state = {\n      selected: \"NONE\"\n    };\n\n    _round.set(\"listenerSelection\", this.state.selected);\n\n    this.handleChange = this.handleChange.bind(this);\n    this.handleSubmit = this.handleSubmit.bind(this);\n    this.images = _round.get(\"listenerImages\");\n  } // handle the click anywhere to proceed after selection\n\n\n  // handle the submit button\n  handleSubmit(e) {\n    e.preventDefault();\n    const {\n      round,\n      stage,\n      game\n    } = this.props;\n    const gameTextInLanguage = gameText.filter(row => row.language == game.treatment.gameLanguage)[0];\n\n    if (round.get('stage') !== \"feedback\" & this.state.selected === \"NONE\") {\n      AlertToaster.show({\n        message: gameTextInLanguage.TASK_pleaseMakeSelection\n      });\n      return;\n    } else if (round.get('stage') === \"selection\") {\n      round.set(\"listenerSelection\", this.state.selected);\n      round.set('stage', 'feedback');\n      document.addEventListener('click', this.handleClick, true);\n    }\n  }\n\n  // handle a click on an image during selection\n  handleChange(e) {\n    const {\n      round,\n      stage,\n      game\n    } = this.props;\n    const gameTextInLanguage = gameText.filter(row => row.language == game.treatment.gameLanguage)[0];\n    const chatLog = round.get('chat'); // || new Array();\n    // Filter on only speaker messages\n\n    const filteredLog = chatLog.filter(msg => msg.name === gameTextInLanguage.PLAYERPROFILE_director);\n\n    if (round.get('stage') === \"selection\" & filteredLog.length === 0) {\n      AlertToaster.show({\n        message: gameTextInLanguage.TASK_partnerHasToSaySomething\n      });\n      return;\n    } else if (round.get('stage') === \"selection\") {\n      this.setState({\n        selected: e.target.id\n      });\n    } else {}\n  }\n\n  render() {\n    const {\n      round,\n      stage,\n      player,\n      game\n    } = this.props;\n    const gameTextInLanguage = gameText.filter(row => row.language == game.treatment.gameLanguage)[0];\n    let button;\n    let feedbackMessage;\n    const listenerSelection = round.get(\"listenerSelection\");\n    const target = round.get(\"target\");\n    const correct = listenerSelection == target.id ? true : false;\n\n    if (round.get('stage') === \"feedback\") {\n      if (listenerSelection == \"NONE\") {\n        feedbackMessage = gameTextInLanguage.TASK_youDidntSelectImage;\n      } else if (!correct) {\n        feedbackMessage = gameTextInLanguage.TASK_youSelectedWrongImage;\n      } else {\n        feedbackMessage = gameTextInLanguage.TASK_youSelectedCorrectImage;\n      }\n    } else {\n      button = /*#__PURE__*/React.createElement(\"button\", {\n        onClick: this.handleSubmit\n      }, gameTextInLanguage.TASK_submitButtonText);\n    }\n\n    const images = this.images.map(image => {\n      let path = \"images/\" + image.name + \".jpg\";\n      let highlighted;\n      let borderColor;\n\n      if (round.get('stage') === \"feedback\") {\n        highlighted = listenerSelection == image.id || target.id == image.id ? true : false;\n        borderColor = !correct & image.id == listenerSelection ? 'red' : 'green';\n      } else {\n        highlighted = this.state.selected == image.id ? true : false;\n        borderColor = \"black\";\n      }\n\n      return /*#__PURE__*/React.createElement(Image, {\n        image: image,\n        path: path,\n        onClick: this.handleChange,\n        borderColor: borderColor,\n        highlighted: highlighted\n      });\n    });\n    return /*#__PURE__*/React.createElement(\"div\", {\n      className: \"task-stimulus\"\n    }, /*#__PURE__*/React.createElement(\"table\", null, /*#__PURE__*/React.createElement(\"tr\", {\n      align: \"center\"\n    }, images), /*#__PURE__*/React.createElement(\"tr\", {\n      align: \"center\"\n    }, /*#__PURE__*/React.createElement(\"td\", {\n      colspan: \"5\"\n    }, button)), /*#__PURE__*/React.createElement(\"tr\", null, /*#__PURE__*/React.createElement(\"td\", {\n      align: \"center\",\n      colspan: \"5\"\n    }, /*#__PURE__*/React.createElement(\"h4\", null, \" \", feedbackMessage, \" \"), /*#__PURE__*/React.createElement(\"i\", null, \" \", round.get('stage') == 'feedback' ? gameTextInLanguage.TASK_clickAnywhereToAdvance : \"\", \" \")))));\n  }\n\n}\n\nclass SpeakerTask extends React.Component {\n  componentDidMount() {\n    this.props.player.stage.submit();\n  }\n\n  constructor(props) {\n    super(props);\n    const {\n      round\n    } = this.props;\n    this.images = round.get(\"speakerImages\");\n  }\n\n  render() {\n    const {\n      round,\n      stage,\n      player,\n      game\n    } = this.props;\n    const gameTextInLanguage = gameText.filter(row => row.language == game.treatment.gameLanguage)[0];\n    let feedbackMessage;\n    const listenerSelection = round.get(\"listenerSelection\");\n    const target = round.get(\"target\");\n    const correct = listenerSelection == target.id ? true : false;\n\n    if (round.get('stage') === \"feedback\") {\n      if (listenerSelection == \"NONE\") {\n        feedbackMessage = gameTextInLanguage.TASK_partnerDidntSelectImage;\n      } else if (!correct) {\n        feedbackMessage = gameTextInLanguage.TASK_partnerSelectedWrongImage;\n      } else {\n        feedbackMessage = gameTextInLanguage.TASK_partnerSelectedCorrectImage;\n      }\n    }\n\n    const images = this.images.map(image => {\n      let path = \"images/\" + image.name + \".jpg\";\n      let highlighted;\n      let borderColor;\n\n      if (round.get('stage') === \"feedback\") {\n        highlighted = listenerSelection == image.id || target.id == image.id ? true : false;\n        borderColor = !correct & image.id == listenerSelection ? 'red' : 'green';\n      } else if (round.get('stage') === \"selection\") {\n        highlighted = target.id === image.id ? true : false;\n        borderColor = 'black';\n      }\n\n      return /*#__PURE__*/React.createElement(Image, {\n        image: image,\n        path: path,\n        borderColor: borderColor,\n        highlighted: highlighted\n      });\n    });\n    return /*#__PURE__*/React.createElement(\"div\", {\n      className: \"task-stimulus\"\n    }, /*#__PURE__*/React.createElement(\"table\", null, /*#__PURE__*/React.createElement(\"tr\", {\n      align: \"center\"\n    }, images), /*#__PURE__*/React.createElement(\"tr\", null, /*#__PURE__*/React.createElement(\"td\", {\n      colspan: \"5\",\n      align: \"center\"\n    }, /*#__PURE__*/React.createElement(\"h4\", null, feedbackMessage), /*#__PURE__*/React.createElement(\"i\", null, \" \", round.get('stage') == 'feedback' ? gameTextInLanguage.TASK_waitForPartnerToClickAnywhere : \"\", \" \")))));\n  }\n\n}","map":{"version":3,"sources":["client/game/Task.jsx"],"names":["module","export","default","Task","React","link","v","Image","AlertToaster","gameText","Component","render","round","player","props","TaskView","get","ListenerTask","constructor","handleClick","event","stage","submit","document","removeEventListener","state","selected","set","handleChange","bind","handleSubmit","images","e","preventDefault","game","gameTextInLanguage","filter","row","language","treatment","gameLanguage","show","message","TASK_pleaseMakeSelection","addEventListener","chatLog","filteredLog","msg","name","PLAYERPROFILE_director","length","TASK_partnerHasToSaySomething","setState","target","id","button","feedbackMessage","listenerSelection","correct","TASK_youDidntSelectImage","TASK_youSelectedWrongImage","TASK_youSelectedCorrectImage","TASK_submitButtonText","map","image","path","highlighted","borderColor","TASK_clickAnywhereToAdvance","SpeakerTask","componentDidMount","TASK_partnerDidntSelectImage","TASK_partnerSelectedWrongImage","TASK_partnerSelectedCorrectImage","TASK_waitForPartnerToClickAnywhere"],"mappings":"AAAAA,MAAM,CAACC,MAAP,CAAc;AAACC,EAAAA,OAAO,EAAC,MAAIC;AAAb,CAAd;AAAkC,IAAIC,KAAJ;AAAUJ,MAAM,CAACK,IAAP,CAAY,OAAZ,EAAoB;AAACH,EAAAA,OAAO,CAACI,CAAD,EAAG;AAACF,IAAAA,KAAK,GAACE,CAAN;AAAQ;;AAApB,CAApB,EAA0C,CAA1C;AAA6C,IAAIC,KAAJ;AAAUP,MAAM,CAACK,IAAP,CAAY,aAAZ,EAA0B;AAACH,EAAAA,OAAO,CAACI,CAAD,EAAG;AAACC,IAAAA,KAAK,GAACD,CAAN;AAAQ;;AAApB,CAA1B,EAAgD,CAAhD;AAAmD,IAAIE,YAAJ;AAAiBR,MAAM,CAACK,IAAP,CAAY,sBAAZ,EAAmC;AAACG,EAAAA,YAAY,CAACF,CAAD,EAAG;AAACE,IAAAA,YAAY,GAACF,CAAb;AAAe;;AAAhC,CAAnC,EAAqE,CAArE;AAAwE,IAAIG,QAAJ;AAAaT,MAAM,CAACK,IAAP,CAAY,gBAAZ,EAA6B;AAACI,EAAAA,QAAQ,CAACH,CAAD,EAAG;AAACG,IAAAA,QAAQ,GAACH,CAAT;AAAW;;AAAxB,CAA7B,EAAuD,CAAvD;;AAK7O,MAAMH,IAAN,SAAmBC,KAAK,CAACM,SAAzB,CAAmC;AAEjDC,EAAAA,MAAM,GAAG;AACR,UAAM;AAAEC,MAAAA,KAAF;AAASC,MAAAA;AAAT,QAAoB,KAAKC,KAA/B;AACA,UAAMC,QAAQ,GAAGF,MAAM,CAACG,GAAP,CAAW,MAAX,KAAsB,UAAtB,gBAAmC,oBAAC,YAAD,EAAkB,KAAKF,KAAvB,CAAnC,gBAAsE,oBAAC,WAAD,EAAiB,KAAKA,KAAtB,CAAvF;AACA,wBACC;AAAK,MAAA,SAAS,EAAC;AAAf,OACCC,QADD,CADD;AAKA;;AAVgD;;AAclD,MAAME,YAAN,SAA2Bb,KAAK,CAACM,SAAjC,CAA2C;AAE1CQ,EAAAA,WAAW,CAACJ,KAAD,EAAQ;AAClB,UAAMA,KAAN;;AADkB,SAYnBK,WAZmB,GAYLC,KAAK,IAAI;AACtB,YAAM;AAAER,QAAAA;AAAF,UAAY,KAAKE,KAAvB;;AACA,UAAIF,KAAK,CAACI,GAAN,CAAU,OAAV,MAAuB,UAA3B,EAAuC;AACtC,aAAKF,KAAL,CAAWD,MAAX,CAAkBQ,KAAlB,CAAwBC,MAAxB;AACAC,QAAAA,QAAQ,CAACC,mBAAT,CAA6B,OAA7B,EAAsC,KAAKL,WAA3C,EAAwD,IAAxD;AACA;AACE,KAlBe;;AAElB,UAAM;AAAEP,MAAAA,KAAK,EAALA;AAAF,QAAY,KAAKE,KAAvB;AACA,SAAKW,KAAL,GAAa;AAAEC,MAAAA,QAAQ,EAAE;AAAZ,KAAb;;AACAd,IAAAA,MAAK,CAACe,GAAN,CAAU,mBAAV,EAA+B,KAAKF,KAAL,CAAWC,QAA1C;;AACA,SAAKE,YAAL,GAAoB,KAAKA,YAAL,CAAkBC,IAAlB,CAAuB,IAAvB,CAApB;AACA,SAAKC,YAAL,GAAoB,KAAKA,YAAL,CAAkBD,IAAlB,CAAuB,IAAvB,CAApB;AACA,SAAKE,MAAL,GAAcnB,MAAK,CAACI,GAAN,CAAU,gBAAV,CAAd;AACA,GAVyC,CAY1C;;;AAUG;AAEHc,EAAAA,YAAY,CAACE,CAAD,EAAI;AACfA,IAAAA,CAAC,CAACC,cAAF;AACA,UAAM;AAAErB,MAAAA,KAAF;AAASS,MAAAA,KAAT;AAAgBa,MAAAA;AAAhB,QAAyB,KAAKpB,KAApC;AACG,UAAMqB,kBAAkB,GAAG1B,QAAQ,CAAC2B,MAAT,CAAgBC,GAAG,IAAIA,GAAG,CAACC,QAAJ,IAAgBJ,IAAI,CAACK,SAAL,CAAeC,YAAtD,EAAoE,CAApE,CAA3B;;AAEH,QAAG5B,KAAK,CAACI,GAAN,CAAU,OAAV,MAAuB,UAAvB,GAAoC,KAAKS,KAAL,CAAWC,QAAX,KAAwB,MAA/D,EAAsE;AACrElB,MAAAA,YAAY,CAACiC,IAAb,CAAkB;AACXC,QAAAA,OAAO,EACbP,kBAAkB,CAACQ;AAFF,OAAlB;AAIA;AACA,KAND,MAMO,IAAI/B,KAAK,CAACI,GAAN,CAAU,OAAV,MAAuB,WAA3B,EAAwC;AAC9CJ,MAAAA,KAAK,CAACe,GAAN,CAAU,mBAAV,EAA+B,KAAKF,KAAL,CAAWC,QAA1C;AACAd,MAAAA,KAAK,CAACe,GAAN,CAAU,OAAV,EAAmB,UAAnB;AACAJ,MAAAA,QAAQ,CAACqB,gBAAT,CAA0B,OAA1B,EAAmC,KAAKzB,WAAxC,EAAqD,IAArD;AACA;AAED;;AAED;AAEAS,EAAAA,YAAY,CAACI,CAAD,EAAI;AACf,UAAM;AAAEpB,MAAAA,KAAF;AAASS,MAAAA,KAAT;AAAgBa,MAAAA;AAAhB,QAAyB,KAAKpB,KAApC;AACG,UAAMqB,kBAAkB,GAAG1B,QAAQ,CAAC2B,MAAT,CAAgBC,GAAG,IAAIA,GAAG,CAACC,QAAJ,IAAgBJ,IAAI,CAACK,SAAL,CAAeC,YAAtD,EAAoE,CAApE,CAA3B;AAEH,UAAMK,OAAO,GAAGjC,KAAK,CAACI,GAAN,CAAU,MAAV,CAAhB,CAJe,CAIoB;AACnC;;AAEA,UAAM8B,WAAW,GAAGD,OAAO,CAACT,MAAR,CAAgBW,GAAD,IAASA,GAAG,CAACC,IAAJ,KAAab,kBAAkB,CAACc,sBAAxD,CAApB;;AACA,QAAIrC,KAAK,CAACI,GAAN,CAAU,OAAV,MAAuB,WAAvB,GAAqC8B,WAAW,CAACI,MAAZ,KAAuB,CAAhE,EAAmE;AAClE1C,MAAAA,YAAY,CAACiC,IAAb,CAAkB;AACXC,QAAAA,OAAO,EACbP,kBAAkB,CAACgB;AAFF,OAAlB;AAIA;AACA,KAND,MAMO,IAAIvC,KAAK,CAACI,GAAN,CAAU,OAAV,MAAuB,WAA3B,EAAwC;AAC9C,WAAKoC,QAAL,CAAc;AAAE1B,QAAAA,QAAQ,EAAEM,CAAC,CAACqB,MAAF,CAASC;AAArB,OAAd;AACA,KAFM,MAEA,CAEN;AAED;;AAED3C,EAAAA,MAAM,GAAG;AAER,UAAM;AAAEC,MAAAA,KAAF;AAASS,MAAAA,KAAT;AAAgBR,MAAAA,MAAhB;AAAwBqB,MAAAA;AAAxB,QAAiC,KAAKpB,KAA5C;AACG,UAAMqB,kBAAkB,GAAG1B,QAAQ,CAAC2B,MAAT,CAAgBC,GAAG,IAAIA,GAAG,CAACC,QAAJ,IAAgBJ,IAAI,CAACK,SAAL,CAAeC,YAAtD,EAAoE,CAApE,CAA3B;AAEH,QAAIe,MAAJ;AACA,QAAIC,eAAJ;AACA,UAAMC,iBAAiB,GAAG7C,KAAK,CAACI,GAAN,CAAU,mBAAV,CAA1B;AACA,UAAMqC,MAAM,GAAGzC,KAAK,CAACI,GAAN,CAAU,QAAV,CAAf;AACA,UAAM0C,OAAO,GAAGD,iBAAiB,IAAIJ,MAAM,CAACC,EAA5B,GAAiC,IAAjC,GAAwC,KAAxD;;AACA,QAAI1C,KAAK,CAACI,GAAN,CAAU,OAAV,MAAuB,UAA3B,EAAuC;AACtC,UAAIyC,iBAAiB,IAAI,MAAzB,EAAiC;AACjCD,QAAAA,eAAe,GAAGrB,kBAAkB,CAACwB,wBAArC;AACA,OAFA,MAEM,IAAG,CAAED,OAAL,EAAc;AACpBF,QAAAA,eAAe,GAAGrB,kBAAkB,CAACyB,0BAArC;AACA,OAFM,MAEA;AACNJ,QAAAA,eAAe,GAAGrB,kBAAkB,CAAC0B,4BAArC;AACC;AACD,KARD,MAQO;AACNN,MAAAA,MAAM,gBAAG;AAAQ,QAAA,OAAO,EAAE,KAAKzB;AAAtB,SAAqCK,kBAAkB,CAAC2B,qBAAxD,CAAT;AACA;;AAED,UAAM/B,MAAM,GAAG,KAAKA,MAAL,CAAYgC,GAAZ,CAAiBC,KAAD,IAAY;AAC1C,UAAIC,IAAI,GAAG,YAAYD,KAAK,CAAChB,IAAlB,GAAyB,MAApC;AACA,UAAIkB,WAAJ;AACA,UAAIC,WAAJ;;AAEA,UAAIvD,KAAK,CAACI,GAAN,CAAU,OAAV,MAAuB,UAA3B,EAAuC;AACtCkD,QAAAA,WAAW,GAAGT,iBAAiB,IAAIO,KAAK,CAACV,EAA3B,IAAiCD,MAAM,CAACC,EAAP,IAAaU,KAAK,CAACV,EAApD,GAAyD,IAAzD,GAAgE,KAA9E;AACAa,QAAAA,WAAW,GAAG,CAAET,OAAF,GAAaM,KAAK,CAACV,EAAN,IAAYG,iBAAzB,GAA6C,KAA7C,GAAqD,OAAnE;AACA,OAHD,MAGO;AACNS,QAAAA,WAAW,GAAG,KAAKzC,KAAL,CAAWC,QAAX,IAAuBsC,KAAK,CAACV,EAA7B,GAAkC,IAAlC,GAAyC,KAAvD;AACAa,QAAAA,WAAW,GAAG,OAAd;AACA;;AACD,0BAAO,oBAAC,KAAD;AAAO,QAAA,KAAK,EAAEH,KAAd;AAAqB,QAAA,IAAI,EAAGC,IAA5B;AAAkC,QAAA,OAAO,EAAI,KAAKrC,YAAlD;AAAgE,QAAA,WAAW,EAAIuC,WAA/E;AAA4F,QAAA,WAAW,EAAID;AAA3G,QAAP;AAAoI,KAZtH,CAAf;AAcA,wBACC;AAAK,MAAA,SAAS,EAAC;AAAf,oBACC,gDACA;AAAI,MAAA,KAAK,EAAE;AAAX,OACCnC,MADD,CADA,eAIA;AAAI,MAAA,KAAK,EAAC;AAAV,oBACA;AAAI,MAAA,OAAO,EAAC;AAAZ,OACCwB,MADD,CADA,CAJA,eASA,6CACA;AAAI,MAAA,KAAK,EAAE,QAAX;AAAoB,MAAA,OAAO,EAAC;AAA5B,oBACA,qCAAMC,eAAN,MADA,eAEA,oCAAK5C,KAAK,CAACI,GAAN,CAAU,OAAV,KAAsB,UAAtB,GAAmCmB,kBAAkB,CAACiC,2BAAtD,GAAoF,EAAzF,MAFA,CADA,CATA,CADD,CADD;AAoBA;;AA3HyC;;AA8H3C,MAAMC,WAAN,SAA0BjE,KAAK,CAACM,SAAhC,CAA0C;AAEzC4D,EAAAA,iBAAiB,GAAG;AACnB,SAAKxD,KAAL,CAAWD,MAAX,CAAkBQ,KAAlB,CAAwBC,MAAxB;AACA;;AAEDJ,EAAAA,WAAW,CAACJ,KAAD,EAAQ;AAClB,UAAMA,KAAN;AACA,UAAM;AAAEF,MAAAA;AAAF,QAAY,KAAKE,KAAvB;AACA,SAAKiB,MAAL,GAAcnB,KAAK,CAACI,GAAN,CAAU,eAAV,CAAd;AACA;;AAEDL,EAAAA,MAAM,GAAG;AAER,UAAM;AAAEC,MAAAA,KAAF;AAASS,MAAAA,KAAT;AAAgBR,MAAAA,MAAhB;AAAwBqB,MAAAA;AAAxB,QAAiC,KAAKpB,KAA5C;AACG,UAAMqB,kBAAkB,GAAG1B,QAAQ,CAAC2B,MAAT,CAAgBC,GAAG,IAAIA,GAAG,CAACC,QAAJ,IAAgBJ,IAAI,CAACK,SAAL,CAAeC,YAAtD,EAAoE,CAApE,CAA3B;AAEH,QAAIgB,eAAJ;AACA,UAAMC,iBAAiB,GAAG7C,KAAK,CAACI,GAAN,CAAU,mBAAV,CAA1B;AACA,UAAMqC,MAAM,GAAGzC,KAAK,CAACI,GAAN,CAAU,QAAV,CAAf;AACA,UAAM0C,OAAO,GAAGD,iBAAiB,IAAIJ,MAAM,CAACC,EAA5B,GAAiC,IAAjC,GAAwC,KAAxD;;AACA,QAAI1C,KAAK,CAACI,GAAN,CAAU,OAAV,MAAuB,UAA3B,EAAuC;AACvC,UAAIyC,iBAAiB,IAAI,MAAzB,EAAiC;AAChCD,QAAAA,eAAe,GAAGrB,kBAAkB,CAACoC,4BAArC;AACA,OAFD,MAEO,IAAG,CAAEb,OAAL,EAAc;AACpBF,QAAAA,eAAe,GAAGrB,kBAAkB,CAACqC,8BAArC;AACA,OAFM,MAEA;AACNhB,QAAAA,eAAe,GAAGrB,kBAAkB,CAACsC,gCAArC;AACC;AACD;;AAED,UAAM1C,MAAM,GAAG,KAAKA,MAAL,CAAYgC,GAAZ,CAAiBC,KAAD,IAAY;AAC1C,UAAIC,IAAI,GAAG,YAAYD,KAAK,CAAChB,IAAlB,GAAyB,MAApC;AACA,UAAIkB,WAAJ;AACA,UAAIC,WAAJ;;AACA,UAAIvD,KAAK,CAACI,GAAN,CAAU,OAAV,MAAuB,UAA3B,EAAuC;AACtCkD,QAAAA,WAAW,GAAGT,iBAAiB,IAAIO,KAAK,CAACV,EAA3B,IAAiCD,MAAM,CAACC,EAAP,IAAaU,KAAK,CAACV,EAApD,GAAyD,IAAzD,GAAgE,KAA9E;AACAa,QAAAA,WAAW,GAAG,CAAET,OAAF,GAAaM,KAAK,CAACV,EAAN,IAAYG,iBAAzB,GAA6C,KAA7C,GAAqD,OAAnE;AACA,OAHD,MAGO,IAAI7C,KAAK,CAACI,GAAN,CAAU,OAAV,MAAuB,WAA3B,EAAwC;AAC9CkD,QAAAA,WAAW,GAAGb,MAAM,CAACC,EAAP,KAAcU,KAAK,CAACV,EAApB,GAAyB,IAAzB,GAAgC,KAA9C;AACAa,QAAAA,WAAW,GAAG,OAAd;AACA;;AACD,0BAAO,oBAAC,KAAD;AAAO,QAAA,KAAK,EAAEH,KAAd;AAAqB,QAAA,IAAI,EAAGC,IAA5B;AAAkC,QAAA,WAAW,EAAIE,WAAjD;AAA8D,QAAA,WAAW,EAAID;AAA7E,QAAP;AAAsG,KAXxF,CAAf;AAaA,wBACC;AAAK,MAAA,SAAS,EAAC;AAAf,oBACC,gDACA;AAAI,MAAA,KAAK,EAAE;AAAX,OACCnC,MADD,CADA,eAIA,6CACA;AAAI,MAAA,OAAO,EAAC,GAAZ;AAAgB,MAAA,KAAK,EAAG;AAAxB,oBACA,gCAAKyB,eAAL,CADA,eAEA,oCAAK5C,KAAK,CAACI,GAAN,CAAU,OAAV,KAAsB,UAAtB,GAAmCmB,kBAAkB,CAACuC,kCAAtD,GAA2F,EAAhG,MAFA,CADA,CAJA,CADD,CADD;AAgBA;;AA5DwC","sourcesContent":["import React from \"react\";\nimport Image from \"./Image.jsx\";\nimport { AlertToaster } from \"meteor/empirica:core\";\nimport { gameText } from \"../gameText.js\";\n\nexport default class Task extends React.Component {\n\n\trender() {\n\t\tconst { round, player } = this.props;\n\t\tconst TaskView = player.get('role') == 'listener' ? <ListenerTask {...this.props} /> : <SpeakerTask {...this.props} />;\n\t\treturn (\n\t\t\t<div className=\"task\">\n\t\t\t{TaskView}\n\t\t\t</div>\n\t\t\t);\n\t}\n\n}\n\nclass ListenerTask extends React.Component {\n\n\tconstructor(props) {\n\t\tsuper(props);\n\t\tconst { round } = this.props;\n\t\tthis.state = { selected: \"NONE\" };\n\t\tround.set(\"listenerSelection\", this.state.selected)\n\t\tthis.handleChange = this.handleChange.bind(this);\n\t\tthis.handleSubmit = this.handleSubmit.bind(this);\n\t\tthis.images = round.get(\"listenerImages\")\t\n\t}\n\n\t// handle the click anywhere to proceed after selection\n\n\thandleClick = event => {\n\t\tconst { round } = this.props;\n\t\tif (round.get('stage') === \"feedback\") {\n\t\t\tthis.props.player.stage.submit();\n\t\t\tdocument.removeEventListener('click', this.handleClick, true);\n\t\t}\n    } \n\n    // handle the submit button\n\n\thandleSubmit(e) {\n\t\te.preventDefault();\n\t\tconst { round, stage, game } = this.props;\n    \tconst gameTextInLanguage = gameText.filter(row => row.language == game.treatment.gameLanguage)[0]\n\n\t\tif(round.get('stage') !== \"feedback\" & this.state.selected === \"NONE\"){\n\t\t\tAlertToaster.show({\n       \t\t message:\n\t\t\t\tgameTextInLanguage.TASK_pleaseMakeSelection\n      \t\t});\n\t\t\treturn\n\t\t} else if (round.get('stage') === \"selection\") {\n\t\t\tround.set(\"listenerSelection\", this.state.selected)\n\t\t\tround.set('stage', 'feedback')\n\t\t\tdocument.addEventListener('click', this.handleClick, true);\n\t\t}\n\n\t};\n\n\t// handle a click on an image during selection\n\n\thandleChange(e) {\n\t\tconst { round, stage, game } = this.props;\n    \tconst gameTextInLanguage = gameText.filter(row => row.language == game.treatment.gameLanguage)[0]\n\n\t\tconst chatLog = round.get('chat'); // || new Array();\n\t\t// Filter on only speaker messages\n\n\t\tconst filteredLog = chatLog.filter((msg) => msg.name === gameTextInLanguage.PLAYERPROFILE_director);\n\t\tif (round.get('stage') === \"selection\" & filteredLog.length === 0) {\n\t\t\tAlertToaster.show({\n       \t\t message:\n\t\t\t\tgameTextInLanguage.TASK_partnerHasToSaySomething\n      \t\t});\n\t\t\treturn\n\t\t} else if (round.get('stage') === \"selection\") {\n\t\t\tthis.setState({ selected: e.target.id });\n\t\t} else {\n\n\t\t}\t\n\n\t};\n\n\trender() {\n\n\t\tconst { round, stage, player, game } = this.props;\n    \tconst gameTextInLanguage = gameText.filter(row => row.language == game.treatment.gameLanguage)[0]\n\t\t\n\t\tlet button;\n\t\tlet feedbackMessage;\n\t\tconst listenerSelection = round.get(\"listenerSelection\")\n\t\tconst target = round.get(\"target\")\n\t\tconst correct = listenerSelection == target.id ? true : false\t\n\t\tif (round.get('stage') === \"feedback\") {\t\n\t\t\tif (listenerSelection == \"NONE\") {\n\t\t\tfeedbackMessage = gameTextInLanguage.TASK_youDidntSelectImage\n\t\t} else if(!(correct)){\n\t\t\tfeedbackMessage = gameTextInLanguage.TASK_youSelectedWrongImage\n\t\t} else {\n\t\t\tfeedbackMessage = gameTextInLanguage.TASK_youSelectedCorrectImage\n\t\t\t}\n\t\t} else {\n\t\t\tbutton = <button onClick={this.handleSubmit}>{gameTextInLanguage.TASK_submitButtonText}</button>\n\t\t}\n\t\t\n\t\tconst images = this.images.map((image,) => { \n\t\t\tlet path = \"images/\" + image.name + \".jpg\";\n\t\t\tlet highlighted;\n\t\t\tlet borderColor;\n\t\t\t\n\t\t\tif (round.get('stage') === \"feedback\") {\n\t\t\t\thighlighted = listenerSelection == image.id || target.id == image.id ? true : false\n\t\t\t\tborderColor = !(correct) & image.id == listenerSelection ? 'red' : 'green';\n\t\t\t} else {\n\t\t\t\thighlighted = this.state.selected == image.id ? true : false\n\t\t\t\tborderColor = \"black\"\n\t\t\t}\n\t\t\treturn(<Image image={image} path= {path} onClick = {this.handleChange} borderColor = {borderColor} highlighted = {highlighted} /> )})\n\t\t\n\t\treturn (\n\t\t\t<div className=\"task-stimulus\">\n\t\t\t\t<table>\n\t\t\t\t<tr align =\"center\">\n\t\t\t\t{images}\n\t\t\t\t</tr>\n\t\t\t\t<tr align=\"center\">\n\t\t\t\t<td colspan=\"5\">\n\t\t\t\t{button}\n\t\t\t\t</td>\n\t\t\t\t</tr>\n\t\t\t\t<tr>\n\t\t\t\t<td align =\"center\" colspan=\"5\">\n\t\t\t\t<h4> {feedbackMessage} </h4>\n\t\t\t\t<i> {round.get('stage') == 'feedback' ? gameTextInLanguage.TASK_clickAnywhereToAdvance : \"\"} </i>\n\t\t\t\t</td>\n\t\t\t\t</tr>\n\t\t\t\t</table>\t\n\t\t\t</div>\n\t\t\t);\n\t}\n}\n\nclass SpeakerTask extends React.Component {\n\n\tcomponentDidMount() {\n\t\tthis.props.player.stage.submit();\n\t}\n\n\tconstructor(props) {\n\t\tsuper(props);\n\t\tconst { round } = this.props;\n\t\tthis.images = round.get(\"speakerImages\")\n\t}\n\n\trender() {\n\n\t\tconst { round, stage, player, game } = this.props;\n    \tconst gameTextInLanguage = gameText.filter(row => row.language == game.treatment.gameLanguage)[0]\n\t\t\n\t\tlet feedbackMessage;\n\t\tconst listenerSelection = round.get(\"listenerSelection\")\n\t\tconst target = round.get(\"target\")\n\t\tconst correct = listenerSelection == target.id ? true : false\n\t\tif (round.get('stage') === \"feedback\") {\n\t\tif (listenerSelection == \"NONE\") {\n\t\t\tfeedbackMessage = gameTextInLanguage.TASK_partnerDidntSelectImage\n\t\t} else if(!(correct)){\n\t\t\tfeedbackMessage = gameTextInLanguage.TASK_partnerSelectedWrongImage\n\t\t} else {\n\t\t\tfeedbackMessage = gameTextInLanguage.TASK_partnerSelectedCorrectImage\n\t\t\t}\n\t\t}\n\n\t\tconst images = this.images.map((image,) => { \n\t\t\tlet path = \"images/\" + image.name + \".jpg\";\n\t\t\tlet highlighted;\n\t\t\tlet borderColor;\n\t\t\tif (round.get('stage') === \"feedback\") {\n\t\t\t\thighlighted = listenerSelection == image.id || target.id == image.id ? true : false\n\t\t\t\tborderColor = !(correct) & image.id == listenerSelection ? 'red' : 'green'\n\t\t\t} else if (round.get('stage') === \"selection\") {\n\t\t\t\thighlighted = target.id === image.id ? true : false\n\t\t\t\tborderColor = 'black'\n\t\t\t}\n\t\t\treturn(<Image image={image} path= {path} borderColor = {borderColor} highlighted = {highlighted} /> )})\n\t\t\n\t\treturn (\n\t\t\t<div className=\"task-stimulus\">\t\t\n\t\t\t\t<table>\n\t\t\t\t<tr align =\"center\">\n\t\t\t\t{images}\n\t\t\t\t</tr>\n\t\t\t\t<tr>\n\t\t\t\t<td colspan=\"5\" align = \"center\">\n\t\t\t\t<h4>{feedbackMessage}</h4>\n\t\t\t\t<i> {round.get('stage') == 'feedback' ? gameTextInLanguage.TASK_waitForPartnerToClickAnywhere : \"\"} </i>\n\t\t\t\t</td>\n\t\t\t\t</tr>\n\t\t\t\t</table>\n\t\t\t</div>\n\t\t\t);\n\n\t}\n\n}"]},"sourceType":"module","hash":"82badc4bd5b6929ea721a124d5e19af808c352c7"}
