{"metadata":{},"options":{"compact":false,"sourceMaps":true,"ast":true,"babelrc":false,"configFile":false,"parserOpts":{"sourceType":"module","sourceFileName":"/Users/stefpop/Desktop/repos/withBrandon/crossling_reference/experiments/from-scratch/server/BCS/generateScenesBCS2.js","plugins":["*","flow","jsx","asyncGenerators","bigInt","classPrivateMethods","classPrivateProperties","classProperties","doExpressions","dynamicImport","exportDefaultFrom","exportExtensions","exportNamespaceFrom","functionBind","functionSent","importMeta","nullishCoalescingOperator","numericSeparator","objectRestSpread","optionalCatchBinding","optionalChaining",["pipelineOperator",{"proposal":"minimal"}],"throwExpressions","objectRestSpread","objectRestSpread","asyncGenerators","classProperties","classPrivateProperties","jsx","nullishCoalescingOperator","nullishCoalescingOperator","optionalChaining","optionalChaining","optionalCatchBinding","optionalCatchBinding","classProperties","classPrivateProperties","classPrivateMethods","classProperties","classPrivateProperties","asyncGenerators","asyncGenerators","objectRestSpread","objectRestSpread"],"allowImportExportEverywhere":true,"allowReturnOutsideFunction":true,"allowUndeclaredExports":true,"strictMode":false},"caller":{"name":"meteor","arch":"os.osx.x86_64"},"sourceFileName":"server/BCS/generateScenesBCS2.js","filename":"/Users/stefpop/Desktop/repos/withBrandon/crossling_reference/experiments/from-scratch/server/BCS/generateScenesBCS2.js","cloneInputAst":true,"passPerPreset":false,"envName":"development","cwd":"/Users/stefpop/Desktop/repos/withBrandon/crossling_reference/experiments/from-scratch","root":"/Users/stefpop/Desktop/repos/withBrandon/crossling_reference/experiments/from-scratch","plugins":[{"key":"base$0","visitor":{"_exploded":true,"_verified":true},"options":{}},{"key":"base$0$0","visitor":{"Program":{"enter":[null],"exit":[null]},"_exploded":true,"_verified":true},"options":{"avoidModernSyntax":false,"enforceStrictMode":false,"dynamicImport":true,"generateLetDeclarations":true}},{"key":"transform-runtime","visitor":{"CallExpression":{"enter":[null]},"BinaryExpression":{"enter":[null]},"MemberExpression":{"enter":[null],"exit":[null]},"_exploded":true,"_verified":true,"Identifier":{"enter":[null]},"JSXIdentifier":{"enter":[null]}},"options":{"version":"7.12.5","helpers":true,"useESModules":false,"corejs":false}},{"key":"syntax-object-rest-spread","visitor":{"_exploded":true,"_verified":true},"options":{}},{"key":"proposal-object-rest-spread","visitor":{"_exploded":{},"_verified":{},"VariableDeclarator":{"enter":[null]},"ExportNamedDeclaration":{"enter":[null]},"CatchClause":{"enter":[null]},"AssignmentExpression":{"enter":[null]},"ArrayPattern":{"enter":[null]},"ObjectExpression":{"enter":[null]},"FunctionDeclaration":{"enter":[null]},"FunctionExpression":{"enter":[null]},"ObjectMethod":{"enter":[null]},"ArrowFunctionExpression":{"enter":[null]},"ClassMethod":{"enter":[null]},"ClassPrivateMethod":{"enter":[null]},"ForInStatement":{"enter":[null]},"ForOfStatement":{"enter":[null]}},"options":{}},{"key":"transform-meteor-async-await","visitor":{"AwaitExpression":{"enter":[null]},"_exploded":true,"_verified":true,"FunctionDeclaration":{"exit":[null]},"FunctionExpression":{"exit":[null]},"ObjectMethod":{"exit":[null]},"ArrowFunctionExpression":{"exit":[null]},"ClassMethod":{"exit":[null]},"ClassPrivateMethod":{"exit":[null]}},"options":{"useNativeAsyncAwait":false}},{"key":"proposal-async-generator-functions","visitor":{"_exploded":{},"_verified":{},"Program":{"enter":[null]}},"options":{}},{"key":"proposal-class-properties","visitor":{"PrivateName":{"enter":[null]},"ExportDefaultDeclaration":{"enter":[null]},"_exploded":true,"_verified":true,"ClassExpression":{"enter":[null]},"ClassDeclaration":{"enter":[null]}},"options":{"loose":true}},{"key":"transform-react-jsx","visitor":{"_exploded":{},"_verified":{},"JSXNamespacedName":{"enter":[null]},"JSXSpreadChild":{"enter":[null]},"Program":{"enter":[null]},"JSXElement":{"exit":[null]},"JSXFragment":{"exit":[null]},"JSXAttribute":{"enter":[null]}},"options":{"pragma":"React.createElement","pragmaFrag":"React.Fragment","runtime":"classic","throwIfNamespace":true,"useBuiltIns":false}},{"key":"transform-react-display-name","visitor":{"ExportDefaultDeclaration":{"enter":[null]},"CallExpression":{"enter":[null]},"_exploded":true,"_verified":true},"options":{}},{"key":"transform-react-pure-annotations","visitor":{"CallExpression":{"enter":[null]},"_exploded":true,"_verified":true},"options":{}},{"key":"syntax-nullish-coalescing-operator","visitor":{"_exploded":true,"_verified":true},"options":{}},{"key":"proposal-nullish-coalescing-operator","visitor":{"_exploded":{},"_verified":{},"LogicalExpression":{"enter":[null]}},"options":{}},{"key":"syntax-optional-chaining","visitor":{"_exploded":true,"_verified":true},"options":{}},{"key":"proposal-optional-chaining","visitor":{"_exploded":{},"_verified":{},"OptionalCallExpression":{"enter":[null]},"OptionalMemberExpression":{"enter":[null]}},"options":{}},{"key":"syntax-optional-catch-binding","visitor":{"_exploded":true,"_verified":true},"options":{}},{"key":"proposal-optional-catch-binding","visitor":{"_exploded":{},"_verified":{},"CatchClause":{"enter":[null]}},"options":{}},{"key":"syntax-class-properties","visitor":{"_exploded":true,"_verified":true},"options":{}},{"key":"proposal-class-properties","visitor":{"PrivateName":{"enter":[null]},"ExportDefaultDeclaration":{"enter":[null]},"_exploded":true,"_verified":true,"ClassExpression":{"enter":[null]},"ClassDeclaration":{"enter":[null]}},"options":{}},{"key":"syntax-async-generators","visitor":{"_exploded":true,"_verified":true},"options":{}},{"key":"proposal-async-generator-functions","visitor":{"_exploded":{},"_verified":{},"Program":{"enter":[null]}},"options":{}},{"key":"syntax-object-rest-spread","visitor":{"_exploded":true,"_verified":true},"options":{}},{"key":"proposal-object-rest-spread","visitor":{"_exploded":{},"_verified":{},"VariableDeclarator":{"enter":[null]},"ExportNamedDeclaration":{"enter":[null]},"CatchClause":{"enter":[null]},"AssignmentExpression":{"enter":[null]},"ArrayPattern":{"enter":[null]},"ObjectExpression":{"enter":[null]},"FunctionDeclaration":{"enter":[null]},"FunctionExpression":{"enter":[null]},"ObjectMethod":{"enter":[null]},"ArrowFunctionExpression":{"enter":[null]},"ClassMethod":{"enter":[null]},"ClassPrivateMethod":{"enter":[null]},"ForInStatement":{"enter":[null]},"ForOfStatement":{"enter":[null]}},"options":{}},{"key":"transform-literals","visitor":{"NumericLiteral":{"enter":[null]},"StringLiteral":{"enter":[null]},"_exploded":true,"_verified":true},"options":{}},{"key":"transform-template-literals","visitor":{"TaggedTemplateExpression":{"enter":[null]},"TemplateLiteral":{"enter":[null]},"_exploded":true,"_verified":true},"options":{}},{"key":"transform-parameters","visitor":{"_exploded":true,"_verified":true,"FunctionDeclaration":{"enter":[null]},"FunctionExpression":{"enter":[null]},"ObjectMethod":{"enter":[null]},"ArrowFunctionExpression":{"enter":[null]},"ClassMethod":{"enter":[null]},"ClassPrivateMethod":{"enter":[null]}},"options":{}},{"key":"transform-exponentiation-operator","visitor":{"AssignmentExpression":{"enter":[null]},"BinaryExpression":{"enter":[null]},"_exploded":true,"_verified":true},"options":{}}],"presets":[],"generatorOpts":{"filename":"/Users/stefpop/Desktop/repos/withBrandon/crossling_reference/experiments/from-scratch/server/BCS/generateScenesBCS2.js","comments":true,"compact":false,"sourceMaps":true,"sourceFileName":"server/BCS/generateScenesBCS2.js"}},"code":"let Empirica;\nmodule.link(\"meteor/empirica:core\", {\n  default(v) {\n    Empirica = v;\n  }\n\n}, 0);\nlet colorSizeIDsToName;\nmodule.link(\"../degenEtal2020/itemIDsToName.js\", {\n  colorSizeIDsToName(v) {\n    colorSizeIDsToName = v;\n  }\n\n}, 1);\nlet subToBasicAndSup;\nmodule.link(\"../degenEtal2020/supSupTrialsItems.js\", {\n  subToBasicAndSup(v) {\n    subToBasicAndSup = v;\n  }\n\n}, 2);\nlet supToBasicsToSubs;\nmodule.link(\"../degenEtal2020/supSupTrialsItems.js\", {\n  supToBasicsToSubs(v) {\n    supToBasicsToSubs = v;\n  }\n\n}, 3);\nlet subSupTrialsTargets;\nmodule.link(\"../degenEtal2020/supSupTrialsItems.js\", {\n  subSupTrialsTargets(v) {\n    subSupTrialsTargets = v;\n  }\n\n}, 4);\nlet allDef;\nmodule.link(\"./BCSitemIDsToName.js\", {\n  allDef(v) {\n    allDef = v;\n  }\n\n}, 5);\nlet allRotations;\nmodule.link(\"./BCSrotations2.js\", {\n  allRotations(v) {\n    allRotations = v;\n  }\n\n}, 6);\nlet cs1Dict;\nmodule.link(\"./BCScolorSchemes.js\", {\n  cs1Dict(v) {\n    cs1Dict = v;\n  }\n\n}, 7);\nlet cs2Dict;\nmodule.link(\"./BCScolorSchemes.js\", {\n  cs2Dict(v) {\n    cs2Dict = v;\n  }\n\n}, 8);\n\nexports.generateScenes = function generateScenes() {\n  // array to hold all the scenes we create\n  let scenes = []; // pick rotation randomly\n  // check where this was in the last script, if it was inside the for loop\n  // then you didn't have rotations at all and you might have had repeats of stimuli!!!\n\n  rot = allRotations[Math.floor(Math.random() * allRotations.length)]; // iterate through scenarios in both color schemes\n\n  for (let determineColorScheme = 1; determineColorScheme < 3; determineColorScheme++) {\n    // iterate through the target object genders\n    // 1 = masculine, 2 = feminine\n    for (let g = 1; g < 3; g++) {\n      oppositeGender = 0;\n\n      if (g == 1) {\n        oppositeGender = 2;\n      } else {\n        oppositeGender = 1;\n      }\n      /*\n      scenes.push takes the following form:\n      scenes.push(\n        sceneColorNecessary(\n          rot[0], = the targetID as defined in the rotations js file\n          determineColorScheme, =  the target color scheme\n          g, // the target gender\n          \"scene1\" //scene type\n      ));\n      */\n      // create all three trails of scene 1\n      // (color necessary gender match)\n\n\n      scenes.push(sceneColorNecessary(rot[0], determineColorScheme, g, \"scene1\"));\n      scenes.push(sceneColorNecessary(rot[1], determineColorScheme, g, \"scene1\"));\n      scenes.push(sceneColorNecessary(rot[2], determineColorScheme, g, \"scene1\")); // create all three trials of scene2\n      //(color necessary gender mismatch)\n\n      scenes.push(sceneColorNecessary(rot[3], determineColorScheme, g, \"scene2\"));\n      scenes.push(sceneColorNecessary(rot[4], determineColorScheme, g, \"scene2\"));\n      scenes.push(sceneColorNecessary(rot[5], determineColorScheme, g, \"scene2\")); // create all three trials of scene3\n      // (color redundant gender match)\n\n      scenes.push(sceneColorRedundant(rot[6], determineColorScheme, g, \"scene3\"));\n      scenes.push(sceneColorRedundant(rot[7], determineColorScheme, g, \"scene3\"));\n      scenes.push(sceneColorRedundant(rot[8], determineColorScheme, g, \"scene3\")); // create all three trials of scene4\n      // (color redundant gender mismatch)\n\n      scenes.push(sceneColorRedundant(rot[9], determineColorScheme, g, \"scene4\"));\n      scenes.push(sceneColorRedundant(rot[10], determineColorScheme, g, \"scene4\"));\n      scenes.push(sceneColorRedundant(rot[11], determineColorScheme, g, \"scene4\"));\n    }\n  } // CREATE DISTRACTOR SCENES\n  // shuffle subSupTrialsTargets\n\n\n  subSupTrialsTargets = _.shuffle(subSupTrialsTargets); // only pick first 24 items\n\n  for (let i = 0; i < 24; i++) {\n    let targetSub = subSupTrialsTargets[i];\n    let basicAndSup = subToBasicAndSup[targetSub];\n    let targetBasic = basicAndSup[0];\n    let targetSup = basicAndSup[1]; // let contextMode = _.sample(['subNec', 'basicSuff', 'supSuff']);             // OLD\n\n    let contextMode = _.sample(['subNec', 'basicSuff', 'basicSuff', 'supSuff']); // NEW\n\n\n    let distractor1;\n    let distractor2;\n\n    if (contextMode == 'subNec') {\n      // one distractor of the same basic category and one distractor of the same superordinate category (e.g., target: dalmatian, distractors: greyhound [also a dog] and squirrel [also an animal])\n      distractor1 = sampleElementExceptOne(targetSub, supToBasicsToSubs[targetSup][targetBasic], false);\n\n      let otherBasic = _.sample(Array.from(Object.keys(supToBasicsToSubs[targetSup])));\n\n      distractor2 = sampleElementExceptOne(targetSub, supToBasicsToSubs[targetSup][otherBasic], false);\n      /*\n      // alternative implementation, ensures distractor #2 has different basic category\n      let otherBasic = sampleElementExceptOne(targetBasic,\n                                              Array.from(Object.keys(supToBasicsToSubs[targetSup])),\n                                              false);\n      distractor2 = _.sample(supToBasicsToSubs[targetSup][otherBasic]);\n      */\n    } else if (contextMode == 'basicSuff') {\n      let basicSuffType = _.sample(['Type1', 'Type2']);\n\n      if (basicSuffType == 'Type1') {\n        // two distractors of the same superordinate category but different basic category as the target (e.g., target: husky, distractors: hamster and elephant)\n        let twoOtherBasics = sampleElementExceptOne(targetBasic, Array.from(Object.keys(supToBasicsToSubs[targetSup])), true);\n        distractor1 = _.sample(supToBasicsToSubs[targetSup][twoOtherBasics[0]]);\n        distractor2 = _.sample(supToBasicsToSubs[targetSup][twoOtherBasics[1]]);\n      } else {\n        // one distractor of the same superordinate category and one unrelated item\n        let otherBasic = sampleElementExceptOne(targetBasic, Array.from(Object.keys(supToBasicsToSubs[targetSup])), false);\n        distractor1 = _.sample(supToBasicsToSubs[targetSup][otherBasic]);\n        let otherSup = sampleElementExceptOne(targetSup, Array.from(Object.keys(supToBasicsToSubs)), false);\n\n        let someBasic = _.sample(Array.from(Object.keys(supToBasicsToSubs[otherSup])));\n\n        distractor2 = _.sample(supToBasicsToSubs[otherSup][someBasic]);\n      }\n\n      contextMode += basicSuffType;\n    } else {\n      // two unrelated items\n      let twoOtherSups = sampleElementExceptOne(targetSup, Array.from(Object.keys(supToBasicsToSubs)), true);\n\n      let someBasic = _.sample(Array.from(Object.keys(supToBasicsToSubs[twoOtherSups[0]])));\n\n      distractor1 = _.sample(supToBasicsToSubs[twoOtherSups[0]][someBasic]);\n\n      let anotherBasic = _.sample(Array.from(Object.keys(supToBasicsToSubs[twoOtherSups[1]])));\n\n      distractor2 = _.sample(supToBasicsToSubs[twoOtherSups[1]][anotherBasic]);\n    } // console.log(`${targetSub} ${targetBasic} ${targetSup}`);\n    // console.log(`${distractor1} ${subToBasicAndSup[distractor1][0]} ${subToBasicAndSup[distractor1][1]}`);\n    // console.log(`${distractor2} ${subToBasicAndSup[distractor2][0]} ${subToBasicAndSup[distractor2][1]}`)\n    // console.log()\n\n\n    let alt1BasicSup = subToBasicAndSup[distractor1];\n    let alt1Basic = alt1BasicSup[0];\n    let alt1Super = alt1BasicSup[1];\n    let alt2BasicSup = subToBasicAndSup[distractor2];\n    let alt2Basic = alt2BasicSup[0];\n    let alt2Super = alt2BasicSup[1];\n    scenes.push({\n      'TargetItem': targetSub,\n      'TargetItemBasicLevel': targetBasic,\n      'TargetItemSuperLevel': targetSup,\n      'alt1Name': distractor1,\n      'alt2Name': distractor2,\n      'alt3Name': 'IGNORE',\n      'alt4Name': 'IGNORE',\n      'alt5Name': 'IGNORE',\n      'alt1BasicLevel': alt1Basic,\n      'alt1SuperLevel': alt1Super,\n      'alt2BasicLevel': alt2Basic,\n      'alt2SuperLevel': alt2Super,\n      'NumDistractors': 2,\n      'condition': contextMode\n    });\n  }\n\n  console.log(\"scenes = \");\n  console.log(scenes);\n  return scenes;\n};\n/*\nsceneMain\nTakes in references to objects and outputs a dictionary entry of all the\nobjects that will be on display for a single scene\n\nInput:\n  condition: (string){scene1, scene2, scene3, scene4} logs what time of trial\n    this scene was\n  targetArray: (array)[targetColor, targetColorScheme, targetGender, targetNounID]\n    targetColor: (string){\"blue\", \"yellow\", ...}\n    targetColorScheme: (int) 1 = CS1, 2 = cs2\n    targetGender: (int) 1= masculine, 2 = feminine\n    targetNounID: (int) {1, 2, .., 12} reference to noun ID in allDef variable\n  distractors: (array of arrays) Each array within this array corresponds to a\n    single distractor object and is of type: [color, colorScheme, gender, objectID]].\n    They are coded just like the targetArray variables.\n  numDistractors: (int) number of distractors. In this case there should always be\n    5.\n\nOutput:\n  Dictionary of type:\n  TargetItem: (string) [target color]_[target name] (e.g. \"blue_scarf\")\n  NumDistractors: 5, (number of distractor objects)\n  alt1Name: (string) [distractor color]_[distractor name] (e.g. \"blue_scarf\")\n  alt2Name: same as above.\n  alt3Name: same as above.\n  alt4Name: same as above.\n  alt5Name: same as above.\n  alt1BasicLevel: 'NA', This corresponds to the filler trial information and is\n  alt1SuperLevel: 'NA', ignored for the target trials made by this function\n  alt2BasicLevel: 'NA',\n  alt2SuperLevel: 'NA',\n  condition: condition\n\nNotes:\n  This function assumes that there will be 5 distractors in every scene.\n  The order of values in each array is assumed to be what is written above.\n*/\n\n\nfunction sceneMain(condition, targetArray, distractors) {\n  console.log(\"targetArray = \");\n  console.log(targetArray[0]);\n  console.log(targetArray[1]);\n  console.log(targetArray[2]);\n  console.log(targetArray[3]); // convert target and distractors into actual string\n\n  target = allDef[\"BCSStimulus_\" + targetArray[1] + \"_\" + targetArray[2] + \"_\" + targetArray[3]];\n  console.log(\"target = \");\n  console.log(target);\n  distractorString0 = allDef[\"BCSStimulus_\" + distractors[0][1] + \"_\" + distractors[0][2] + \"_\" + distractors[0][3]];\n  distractorString1 = allDef[\"BCSStimulus_\" + distractors[1][1] + \"_\" + distractors[1][2] + \"_\" + distractors[1][3]];\n  distractorString2 = allDef[\"BCSStimulus_\" + distractors[2][1] + \"_\" + distractors[2][2] + \"_\" + distractors[2][3]];\n  distractorString3 = allDef[\"BCSStimulus_\" + distractors[3][1] + \"_\" + distractors[3][2] + \"_\" + distractors[3][3]];\n  distractorString4 = allDef[\"BCSStimulus_\" + distractors[4][1] + \"_\" + distractors[4][2] + \"_\" + distractors[4][3]];\n  return {\n    'TargetItem': targetArray[0] + \"_\" + target,\n    'NumDistractors': 5,\n    'alt1Name': distractors[0][0] + \"_\" + distractorString0,\n    'alt2Name': distractors[1][0] + \"_\" + distractorString1,\n    'alt3Name': distractors[2][0] + \"_\" + distractorString2,\n    'alt4Name': distractors[3][0] + \"_\" + distractorString3,\n    'alt5Name': distractors[4][0] + \"_\" + distractorString4,\n    'alt1BasicLevel': 'NA',\n    'alt1SuperLevel': 'NA',\n    'alt2BasicLevel': 'NA',\n    'alt2SuperLevel': 'NA',\n    'condition': condition\n  };\n}\n/*\n  SceneColorNecessary\n  Wrapper for color necessary scenes. It creates a target and competitor object,\n  and calls on createDistractors() to create the distractor objects. It then feeds\n  all of these objects into sceneMain(). This function creates teh competitor object\n  suhch that it will be the same type but different color than the target.\n\n  Input:\n    targetNounID: (int) {1, 2, .., 12} reference to noun ID in AllDef\n    targetCS: (int){1, 2} reference to the target noun's color scheme\n    targetGender: (int){1, 2} reference to target's gender\n    condition: (string) reference to which scene we are creating the stimuli for\n\n  Output: returns output of sceneMain()\n*/\n\n\nfunction sceneColorNecessary(targetNounID, targetCS, targetGender, condition) {\n  targetColor = pickColor(targetCS); // house all the target information together\n\n  targetArray = [targetColor, targetCS, targetGender, targetNounID];\n  competitorColor = pickColorExcept(targetCS, targetColor);\n  /*\n    for gender match condition (scene 1), make the distractors the same gender\n   as the target. For gender mismatch condition (scene 2), make the distractors\n   the opposite gender of the target.\n  */\n\n  if (condition == \"scene1\") {\n    distractorGender = targetGender;\n  } else {\n    if (targetGender == 1) {\n      distractorGender = 2;\n    } else {\n      distractorGender = 1;\n    }\n  } // Create the distractor objects\n\n\n  distractorStrings = createDistractors([[targetCS, targetNounID]], [targetColor, competitorColor], distractorGender, [], 4); // add comeptitor to distractor array\n\n  distractorStrings.push([competitorColor, targetCS, targetGender, targetNounID]);\n  return sceneMain(condition, targetArray, distractorStrings);\n}\n/*\n  SceneColorRedundant\n  Wrapper for color redundant scenes. It creates a target, distractor objects using\n  createDistractors(), and an additional distractor object of the same type as\n  another distractor object. It then feeds all of these objects into sceneMain().\n\n  Input:\n    targetNounID: (int) {1, 2, .., 12} reference to noun ID in AllDef\n    targetCS: (int){1, 2} reference to the target noun's color scheme\n    targetGender: (int){1, 2} reference to target's gender\n    condition: (string) reference to which scene we are creating the stimuli for\n\n  Output: returns output of sceneMain()\n*/\n\n\nfunction sceneColorRedundant(targetNounID, targetCS, targetGender, condition) {\n  targetColor = pickColor(targetCS);\n  targetArray = [targetColor, targetCS, targetGender, targetNounID];\n  /*\n   for gender match condition (scene 3), make the distractors the same gender\n   as the target. For gender mismatch condition (scene 4), make the distractors\n   the opposite gender of the target.\n  */\n\n  if (condition == \"scene3\") {\n    distractorGender = targetGender;\n  } else {\n    if (targetGender == 1) {\n      distractorGender = 2;\n    } else {\n      distractorGender = 1;\n    }\n  }\n  /*\n  create Distractors\n  ensure that they do not all have the same CS, because if they do\n  all the colors of that color scheme will be used at least once, and we will\n  not be able to make a same type distractor object of a different color.\n  */\n\n\n  loopDistractors = true;\n\n  while (loopDistractors) {\n    // create distractors\n    distractorStrings = createDistractors([[targetCS, targetNounID]], [targetColor], distractorGender, [], 4); // make sure distractors are not all of the same color scheme\n\n    tfValue = true;\n\n    for (i = 1; i < distractorStrings.length; i++) {\n      tfValue = tfValue & distractorStrings[0][1] == distractorStrings[i][1];\n    }\n\n    if (!tfValue) {\n      loopDistractors = false;\n    }\n  } // get all colors already used\n\n\n  colorsUsed = [];\n\n  for (i = 0; i < distractorStrings.length; i++) {\n    colorsUsed.push(distractorStrings[i][0]);\n  } // create a distractor of a same type as another distractor, but in a new color\n\n\n  loopRepeatDistractor = true;\n\n  while (loopRepeatDistractor) {\n    // pick a distractor at random\n    repeatDist = distractorStrings[Math.floor(Math.random() * distractorStrings.length)]; // pick a color at random\n\n    distColor = pickColorExcept(repeatDist[1], repeatDist[0]); // make sure that another object does not already have this color\n\n    if (!colorsUsed.includes(distColor)) {\n      loopRepeatDistractor = false;\n    }\n  } // add the new distractor object\n\n\n  distractorStrings.push([distColor, repeatDist[1], repeatDist[2], repeatDist[3]]);\n  return sceneMain(condition, targetArray, distractorStrings);\n}\n/*\ncreateDistractors\nFunction that creates distractor objects.\n\nInput:\n  excludeObjects: (array of arrays) array of objects that already exist in a\n    scene and therefore should not be repeated. Each array corresponds to an existing\n    object and is of type: [reference to Color Scheme, reference to object ID]\n  excludeColors: (array of strings) array of colors that already exist in the\n    scene and therefore should not be repeated.\n  gender: (int) gender which the objects should be created in\n  distractors: (array of arrays) Array that will hold the distractors that are created.\n    Each array corresponds to a single distractor object and is of type:\n    [object color (string), object color scheme (int), object gender (int), object reference (int)]\n  count: number of distractor items that should be created\n\nOutput:\n  distractors array with the number of distractor objects as specified by \"count\"\n*/\n\n\nfunction createDistractors(excludeObjects, excludeColors, gender, distractors, count) {\n  // base case\n  if (count == 0) {\n    return distractors;\n  } // initialize parameters of the new distractor object\n\n\n  loop = true;\n  thisCS = 0;\n  thisObject = 0;\n  thisColor = 0; // pick values for those parameters, looping through until they do not\n  // conflict with objects and colors already chosen for the scene\n\n  while (loop) {\n    // pick a CS\n    thisCS = generateInt(1, 3); // pick the object\n\n    thisObject = generateInt(1, 13); // pick its color\n\n    thisColor = pickColor(thisCS); // check if it is a repeat of another object type or color\n    // exit loop if both properties are new\n\n    if (!(searchForArray(excludeObjects, [thisCS, thisObject]) || excludeColors.includes(thisColor))) {\n      loop = false;\n    }\n  } // add the new object to distractors\n\n\n  distractors.push([thisColor, thisCS, gender, thisObject]); // add the object color and type to exclusion lists\n\n  excludeObjects.push([thisCS, thisObject]);\n  excludeColors.push(thisColor);\n  count = count - 1; // repeat this function recrusively until we have all the distractor items\n\n  return createDistractors(excludeObjects, excludeColors, gender, distractors, count);\n}\n/*\npickColor\npicks a random color within a given color scheme\n\nInput:\n  color scheme: (int) reference to color scheme\n\nOutput: a string specifying a color as defined in cs1Dict and cs2Dict\n*/\n\n\nfunction pickColor(colorScheme) {\n  if (colorScheme == 1) {\n    return cs1Dict[Math.floor(Math.random() * cs1Dict.length)];\n  } else {\n    return cs2Dict[Math.floor(Math.random() * cs2Dict.length)];\n  }\n}\n/*\npickColorExcept\nReturn a color within a specified color scheme, that is NOT a specified color\n\nInput:\n  colorScheme: (int) reference to color scheme\n  color: (string) color that should not be returned\n\nOutput: a string specifying a color as defined in cs1Dict and cs2Dict, that\n       is not the same as the color held in variable \"color\"\n*/\n\n\nfunction pickColorExcept(colorScheme, color) {\n  returnColor = pickColor(colorScheme);\n\n  if (returnColor == color) {\n    return pickColorExcept(colorScheme, color);\n  } else {\n    return returnColor;\n  }\n}\n\nfunction sampleElementExceptOne(needle, haystack, sampleTwo) {\n  let array = haystack.slice(0);\n  let index = array.indexOf(needle);\n  if (index > -1) array.splice(index, 1);\n\n  let firstSampledItem = _.sample(array);\n\n  if (!sampleTwo) return firstSampledItem;\n  index = array.indexOf(firstSampledItem);\n  array.splice(index, 1);\n\n  let secondSampledItem = _.sample(array);\n\n  return [firstSampledItem, secondSampledItem];\n}\n/*\ngenerateInt\ngenderates random integer\n\nInput:\n  min: minimum value of range inclusive\n  max: maximum value of range exclusive\n\nOutput:\n  integer that falls between [min, max)\n*/\n\n\nfunction generateInt(min, max) {\n  // find diff\n  let difference = max - min; // generate random number\n\n  let rand = Math.random(); // multiply with difference\n\n  rand = Math.floor(rand * difference); // add with min value\n\n  rand = rand + min;\n  return rand;\n}\n/*\nsearchForArray\nSearches whether an array is found in an array of arrays\n\nInput:\n  haystack: array of arrays that will be searched\n  needle: array that you are searching for\n\nOutput: boolean as to whether array was found in array of arrays\n*/\n\n\nfunction searchForArray(haystack, needle) {\n  var i, j, current;\n\n  for (i = 0; i < haystack.length; ++i) {\n    if (needle.length === haystack[i].length) {\n      current = haystack[i];\n\n      for (j = 0; j < needle.length && needle[j] === current[j]; ++j);\n\n      if (j === needle.length) return true;\n    }\n  }\n\n  return false;\n}","map":{"version":3,"sources":["server/BCS/generateScenesBCS2.js"],"names":["Empirica","module","link","default","v","colorSizeIDsToName","subToBasicAndSup","supToBasicsToSubs","subSupTrialsTargets","allDef","allRotations","cs1Dict","cs2Dict","exports","generateScenes","scenes","rot","Math","floor","random","length","determineColorScheme","g","oppositeGender","push","sceneColorNecessary","sceneColorRedundant","_","shuffle","i","targetSub","basicAndSup","targetBasic","targetSup","contextMode","sample","distractor1","distractor2","sampleElementExceptOne","otherBasic","Array","from","Object","keys","basicSuffType","twoOtherBasics","otherSup","someBasic","twoOtherSups","anotherBasic","alt1BasicSup","alt1Basic","alt1Super","alt2BasicSup","alt2Basic","alt2Super","console","log","sceneMain","condition","targetArray","distractors","target","distractorString0","distractorString1","distractorString2","distractorString3","distractorString4","targetNounID","targetCS","targetGender","targetColor","pickColor","competitorColor","pickColorExcept","distractorGender","distractorStrings","createDistractors","loopDistractors","tfValue","colorsUsed","loopRepeatDistractor","repeatDist","distColor","includes","excludeObjects","excludeColors","gender","count","loop","thisCS","thisObject","thisColor","generateInt","searchForArray","colorScheme","color","returnColor","needle","haystack","sampleTwo","array","slice","index","indexOf","splice","firstSampledItem","secondSampledItem","min","max","difference","rand","j","current"],"mappings":"AAAA,IAAIA,QAAJ;AAAaC,MAAM,CAACC,IAAP,CAAY,sBAAZ,EAAmC;AAACC,EAAAA,OAAO,CAACC,CAAD,EAAG;AAACJ,IAAAA,QAAQ,GAACI,CAAT;AAAW;;AAAvB,CAAnC,EAA4D,CAA5D;AAA+D,IAAIC,kBAAJ;AAAuBJ,MAAM,CAACC,IAAP,CAAY,mCAAZ,EAAgD;AAACG,EAAAA,kBAAkB,CAACD,CAAD,EAAG;AAACC,IAAAA,kBAAkB,GAACD,CAAnB;AAAqB;;AAA5C,CAAhD,EAA8F,CAA9F;AAAiG,IAAIE,gBAAJ;AAAqBL,MAAM,CAACC,IAAP,CAAY,uCAAZ,EAAoD;AAACI,EAAAA,gBAAgB,CAACF,CAAD,EAAG;AAACE,IAAAA,gBAAgB,GAACF,CAAjB;AAAmB;;AAAxC,CAApD,EAA8F,CAA9F;AAAiG,IAAIG,iBAAJ;AAAsBN,MAAM,CAACC,IAAP,CAAY,uCAAZ,EAAoD;AAACK,EAAAA,iBAAiB,CAACH,CAAD,EAAG;AAACG,IAAAA,iBAAiB,GAACH,CAAlB;AAAoB;;AAA1C,CAApD,EAAgG,CAAhG;AAAmG,IAAII,mBAAJ;AAAwBP,MAAM,CAACC,IAAP,CAAY,uCAAZ,EAAoD;AAACM,EAAAA,mBAAmB,CAACJ,CAAD,EAAG;AAACI,IAAAA,mBAAmB,GAACJ,CAApB;AAAsB;;AAA9C,CAApD,EAAoG,CAApG;AAAuG,IAAIK,MAAJ;AAAWR,MAAM,CAACC,IAAP,CAAY,uBAAZ,EAAoC;AAACO,EAAAA,MAAM,CAACL,CAAD,EAAG;AAACK,IAAAA,MAAM,GAACL,CAAP;AAAS;;AAApB,CAApC,EAA0D,CAA1D;AAA6D,IAAIM,YAAJ;AAAiBT,MAAM,CAACC,IAAP,CAAY,oBAAZ,EAAiC;AAACQ,EAAAA,YAAY,CAACN,CAAD,EAAG;AAACM,IAAAA,YAAY,GAACN,CAAb;AAAe;;AAAhC,CAAjC,EAAmE,CAAnE;AAAsE,IAAIO,OAAJ;AAAYV,MAAM,CAACC,IAAP,CAAY,sBAAZ,EAAmC;AAACS,EAAAA,OAAO,CAACP,CAAD,EAAG;AAACO,IAAAA,OAAO,GAACP,CAAR;AAAU;;AAAtB,CAAnC,EAA2D,CAA3D;AAA8D,IAAIQ,OAAJ;AAAYX,MAAM,CAACC,IAAP,CAAY,sBAAZ,EAAmC;AAACU,EAAAA,OAAO,CAACR,CAAD,EAAG;AAACQ,IAAAA,OAAO,GAACR,CAAR;AAAU;;AAAtB,CAAnC,EAA2D,CAA3D;;AAkDvyBS,OAAO,CAACC,cAAR,GAAyB,SAASA,cAAT,GAA0B;AAC7C;AACA,MAAIC,MAAM,GAAG,EAAb,CAF6C,CAI7C;AACA;AACA;;AACAC,EAAAA,GAAG,GAAGN,YAAY,CAACO,IAAI,CAACC,KAAL,CAAWD,IAAI,CAACE,MAAL,KAAcT,YAAY,CAACU,MAAtC,CAAD,CAAlB,CAP6C,CAS7C;;AACA,OAAK,IAAIC,oBAAoB,GAAG,CAAhC,EAAmCA,oBAAoB,GAAG,CAA1D,EAA6DA,oBAAoB,EAAjF,EAAqF;AAEnF;AACA;AACA,SAAK,IAAIC,CAAC,GAAG,CAAb,EAAgBA,CAAC,GAAG,CAApB,EAAuBA,CAAC,EAAxB,EAA4B;AAC1BC,MAAAA,cAAc,GAAG,CAAjB;;AACA,UAAGD,CAAC,IAAI,CAAR,EAAW;AACTC,QAAAA,cAAc,GAAG,CAAjB;AACD,OAFD,MAEO;AACLA,QAAAA,cAAc,GAAG,CAAjB;AACD;AAGD;AACV;AACA;AACA;AACA;AACA;AACA;AACA;AACA;AACA;AAEU;AACA;;;AACAR,MAAAA,MAAM,CAACS,IAAP,CAAYC,mBAAmB,CAACT,GAAG,CAAC,CAAD,CAAJ,EAASK,oBAAT,EAA+BC,CAA/B,EAAkC,QAAlC,CAA/B;AACAP,MAAAA,MAAM,CAACS,IAAP,CAAYC,mBAAmB,CAACT,GAAG,CAAC,CAAD,CAAJ,EAASK,oBAAT,EAA+BC,CAA/B,EAAkC,QAAlC,CAA/B;AACAP,MAAAA,MAAM,CAACS,IAAP,CAAYC,mBAAmB,CAACT,GAAG,CAAC,CAAD,CAAJ,EAASK,oBAAT,EAA+BC,CAA/B,EAAkC,QAAlC,CAA/B,EAxB0B,CA0B1B;AACA;;AACAP,MAAAA,MAAM,CAACS,IAAP,CAAYC,mBAAmB,CAACT,GAAG,CAAC,CAAD,CAAJ,EAASK,oBAAT,EAA+BC,CAA/B,EAAkC,QAAlC,CAA/B;AACAP,MAAAA,MAAM,CAACS,IAAP,CAAYC,mBAAmB,CAACT,GAAG,CAAC,CAAD,CAAJ,EAASK,oBAAT,EAA+BC,CAA/B,EAAkC,QAAlC,CAA/B;AACAP,MAAAA,MAAM,CAACS,IAAP,CAAYC,mBAAmB,CAACT,GAAG,CAAC,CAAD,CAAJ,EAASK,oBAAT,EAA+BC,CAA/B,EAAkC,QAAlC,CAA/B,EA9B0B,CAgC1B;AACA;;AACAP,MAAAA,MAAM,CAACS,IAAP,CAAYE,mBAAmB,CAACV,GAAG,CAAC,CAAD,CAAJ,EAASK,oBAAT,EAA+BC,CAA/B,EAAkC,QAAlC,CAA/B;AACAP,MAAAA,MAAM,CAACS,IAAP,CAAYE,mBAAmB,CAACV,GAAG,CAAC,CAAD,CAAJ,EAASK,oBAAT,EAA+BC,CAA/B,EAAkC,QAAlC,CAA/B;AACAP,MAAAA,MAAM,CAACS,IAAP,CAAYE,mBAAmB,CAACV,GAAG,CAAC,CAAD,CAAJ,EAASK,oBAAT,EAA+BC,CAA/B,EAAkC,QAAlC,CAA/B,EApC0B,CAsC1B;AACA;;AACAP,MAAAA,MAAM,CAACS,IAAP,CAAYE,mBAAmB,CAACV,GAAG,CAAC,CAAD,CAAJ,EAASK,oBAAT,EAA+BC,CAA/B,EAAkC,QAAlC,CAA/B;AACAP,MAAAA,MAAM,CAACS,IAAP,CAAYE,mBAAmB,CAACV,GAAG,CAAC,EAAD,CAAJ,EAAUK,oBAAV,EAAgCC,CAAhC,EAAmC,QAAnC,CAA/B;AACAP,MAAAA,MAAM,CAACS,IAAP,CAAYE,mBAAmB,CAACV,GAAG,CAAC,EAAD,CAAJ,EAAUK,oBAAV,EAAgCC,CAAhC,EAAmC,QAAnC,CAA/B;AACD;AACF,GA1D4C,CA6D7C;AAEA;;;AACAd,EAAAA,mBAAmB,GAAGmB,CAAC,CAACC,OAAF,CAAUpB,mBAAV,CAAtB,CAhE6C,CAkE7C;;AACA,OAAK,IAAIqB,CAAC,GAAG,CAAb,EAAgBA,CAAC,GAAG,EAApB,EAAwBA,CAAC,EAAzB,EACA;AACI,QAAIC,SAAS,GAAGtB,mBAAmB,CAACqB,CAAD,CAAnC;AACA,QAAIE,WAAW,GAAGzB,gBAAgB,CAACwB,SAAD,CAAlC;AACA,QAAIE,WAAW,GAAGD,WAAW,CAAC,CAAD,CAA7B;AACA,QAAIE,SAAS,GAAGF,WAAW,CAAC,CAAD,CAA3B,CAJJ,CAMI;;AACA,QAAIG,WAAW,GAAGP,CAAC,CAACQ,MAAF,CAAS,CAAC,QAAD,EAAW,WAAX,EAAwB,WAAxB,EAAqC,SAArC,CAAT,CAAlB,CAPJ,CAOmF;;;AAE/E,QAAIC,WAAJ;AACA,QAAIC,WAAJ;;AAEA,QAAIH,WAAW,IAAI,QAAnB,EACA;AACI;AACAE,MAAAA,WAAW,GAAGE,sBAAsB,CAACR,SAAD,EACAvB,iBAAiB,CAAC0B,SAAD,CAAjB,CAA6BD,WAA7B,CADA,EAEA,KAFA,CAApC;;AAIA,UAAIO,UAAU,GAAGZ,CAAC,CAACQ,MAAF,CAASK,KAAK,CAACC,IAAN,CAAWC,MAAM,CAACC,IAAP,CAAYpC,iBAAiB,CAAC0B,SAAD,CAA7B,CAAX,CAAT,CAAjB;;AACAI,MAAAA,WAAW,GAAGC,sBAAsB,CAACR,SAAD,EACAvB,iBAAiB,CAAC0B,SAAD,CAAjB,CAA6BM,UAA7B,CADA,EAEA,KAFA,CAApC;AAIA;AACd;AACA;AACA;AACA;AACA;AACA;AACW,KAnBD,MAoBK,IAAIL,WAAW,IAAI,WAAnB,EACL;AACI,UAAIU,aAAa,GAAGjB,CAAC,CAACQ,MAAF,CAAS,CAAC,OAAD,EAAU,OAAV,CAAT,CAApB;;AACA,UAAIS,aAAa,IAAI,OAArB,EACA;AACI;AACA,YAAIC,cAAc,GAAGP,sBAAsB,CAACN,WAAD,EACCQ,KAAK,CAACC,IAAN,CAAWC,MAAM,CAACC,IAAP,CAAYpC,iBAAiB,CAAC0B,SAAD,CAA7B,CAAX,CADD,EAEC,IAFD,CAA3C;AAGAG,QAAAA,WAAW,GAAGT,CAAC,CAACQ,MAAF,CAAS5B,iBAAiB,CAAC0B,SAAD,CAAjB,CAA6BY,cAAc,CAAC,CAAD,CAA3C,CAAT,CAAd;AACAR,QAAAA,WAAW,GAAGV,CAAC,CAACQ,MAAF,CAAS5B,iBAAiB,CAAC0B,SAAD,CAAjB,CAA6BY,cAAc,CAAC,CAAD,CAA3C,CAAT,CAAd;AACH,OARD,MAUA;AACI;AACA,YAAIN,UAAU,GAAGD,sBAAsB,CAACN,WAAD,EACCQ,KAAK,CAACC,IAAN,CAAWC,MAAM,CAACC,IAAP,CAAYpC,iBAAiB,CAAC0B,SAAD,CAA7B,CAAX,CADD,EAEC,KAFD,CAAvC;AAGAG,QAAAA,WAAW,GAAGT,CAAC,CAACQ,MAAF,CAAS5B,iBAAiB,CAAC0B,SAAD,CAAjB,CAA6BM,UAA7B,CAAT,CAAd;AAEA,YAAIO,QAAQ,GAAGR,sBAAsB,CAACL,SAAD,EACDO,KAAK,CAACC,IAAN,CAAWC,MAAM,CAACC,IAAP,CAAYpC,iBAAZ,CAAX,CADC,EAED,KAFC,CAArC;;AAGA,YAAIwC,SAAS,GAAGpB,CAAC,CAACQ,MAAF,CAASK,KAAK,CAACC,IAAN,CAAWC,MAAM,CAACC,IAAP,CAAYpC,iBAAiB,CAACuC,QAAD,CAA7B,CAAX,CAAT,CAAhB;;AACAT,QAAAA,WAAW,GAAGV,CAAC,CAACQ,MAAF,CAAS5B,iBAAiB,CAACuC,QAAD,CAAjB,CAA4BC,SAA5B,CAAT,CAAd;AACH;;AACDb,MAAAA,WAAW,IAAIU,aAAf;AACH,KA3BI,MA6BL;AACI;AACA,UAAII,YAAY,GAAGV,sBAAsB,CAACL,SAAD,EACDO,KAAK,CAACC,IAAN,CAAWC,MAAM,CAACC,IAAP,CAAYpC,iBAAZ,CAAX,CADC,EAED,IAFC,CAAzC;;AAGA,UAAIwC,SAAS,GAAGpB,CAAC,CAACQ,MAAF,CAASK,KAAK,CAACC,IAAN,CAAWC,MAAM,CAACC,IAAP,CAAYpC,iBAAiB,CAACyC,YAAY,CAAC,CAAD,CAAb,CAA7B,CAAX,CAAT,CAAhB;;AACAZ,MAAAA,WAAW,GAAGT,CAAC,CAACQ,MAAF,CAAS5B,iBAAiB,CAACyC,YAAY,CAAC,CAAD,CAAb,CAAjB,CAAmCD,SAAnC,CAAT,CAAd;;AACA,UAAIE,YAAY,GAAGtB,CAAC,CAACQ,MAAF,CAASK,KAAK,CAACC,IAAN,CAAWC,MAAM,CAACC,IAAP,CAAYpC,iBAAiB,CAACyC,YAAY,CAAC,CAAD,CAAb,CAA7B,CAAX,CAAT,CAAnB;;AACAX,MAAAA,WAAW,GAAGV,CAAC,CAACQ,MAAF,CAAS5B,iBAAiB,CAACyC,YAAY,CAAC,CAAD,CAAb,CAAjB,CAAmCC,YAAnC,CAAT,CAAd;AACH,KAtEL,CAuEI;AACA;AACA;AACA;;;AAEA,QAAIC,YAAY,GAAG5C,gBAAgB,CAAC8B,WAAD,CAAnC;AACA,QAAIe,SAAS,GAAGD,YAAY,CAAC,CAAD,CAA5B;AACA,QAAIE,SAAS,GAAGF,YAAY,CAAC,CAAD,CAA5B;AACA,QAAIG,YAAY,GAAG/C,gBAAgB,CAAC+B,WAAD,CAAnC;AACA,QAAIiB,SAAS,GAAGD,YAAY,CAAC,CAAD,CAA5B;AACA,QAAIE,SAAS,GAAGF,YAAY,CAAC,CAAD,CAA5B;AAEAtC,IAAAA,MAAM,CAACS,IAAP,CAAY;AACR,oBAAcM,SADN;AAER,8BAAwBE,WAFhB;AAGR,8BAAwBC,SAHhB;AAIR,kBAAYG,WAJJ;AAKR,kBAAYC,WALJ;AAMR,kBAAY,QANJ;AAOR,kBAAY,QAPJ;AAQR,kBAAY,QARJ;AASR,wBAAkBc,SATV;AAUR,wBAAkBC,SAVV;AAWR,wBAAkBE,SAXV;AAYR,wBAAkBC,SAZV;AAaR,wBAAkB,CAbV;AAcR,mBAAcrB;AAdN,KAAZ;AAgBH;;AACDsB,EAAAA,OAAO,CAACC,GAAR,CAAY,WAAZ;AACAD,EAAAA,OAAO,CAACC,GAAR,CAAY1C,MAAZ;AACA,SAAOA,MAAP;AACD,CA3KL;AA6KA;AACA;AACA;AACA;AACA;AACA;AACA;AACA;AACA;AACA;AACA;AACA;AACA;AACA;AACA;AACA;AACA;AACA;AACA;AACA;AACA;AACA;AACA;AACA;AACA;AACA;AACA;AACA;AACA;AACA;AACA;AACA;AACA;AACA;AACA;AACA;AACA;AACA;;;AACA,SAAS2C,SAAT,CAAmBC,SAAnB,EAA8BC,WAA9B,EAA2CC,WAA3C,EAAwD;AAEtDL,EAAAA,OAAO,CAACC,GAAR,CAAY,gBAAZ;AACAD,EAAAA,OAAO,CAACC,GAAR,CAAYG,WAAW,CAAC,CAAD,CAAvB;AACAJ,EAAAA,OAAO,CAACC,GAAR,CAAYG,WAAW,CAAC,CAAD,CAAvB;AACAJ,EAAAA,OAAO,CAACC,GAAR,CAAYG,WAAW,CAAC,CAAD,CAAvB;AACAJ,EAAAA,OAAO,CAACC,GAAR,CAAYG,WAAW,CAAC,CAAD,CAAvB,EANsD,CAQtD;;AACAE,EAAAA,MAAM,GAAGrD,MAAM,CAAC,iBAAiBmD,WAAW,CAAC,CAAD,CAA5B,GAAkC,GAAlC,GAAwCA,WAAW,CAAC,CAAD,CAAnD,GAAyD,GAAzD,GAA+DA,WAAW,CAAC,CAAD,CAA3E,CAAf;AACAJ,EAAAA,OAAO,CAACC,GAAR,CAAY,WAAZ;AACAD,EAAAA,OAAO,CAACC,GAAR,CAAYK,MAAZ;AACAC,EAAAA,iBAAiB,GAAGtD,MAAM,CAAC,iBAAiBoD,WAAW,CAAC,CAAD,CAAX,CAAe,CAAf,CAAjB,GAAqC,GAArC,GAA2CA,WAAW,CAAC,CAAD,CAAX,CAAe,CAAf,CAA3C,GAA+D,GAA/D,GAAqEA,WAAW,CAAC,CAAD,CAAX,CAAe,CAAf,CAAtE,CAA1B;AACAG,EAAAA,iBAAiB,GAAGvD,MAAM,CAAC,iBAAiBoD,WAAW,CAAC,CAAD,CAAX,CAAe,CAAf,CAAjB,GAAqC,GAArC,GAA2CA,WAAW,CAAC,CAAD,CAAX,CAAe,CAAf,CAA3C,GAA+D,GAA/D,GAAqEA,WAAW,CAAC,CAAD,CAAX,CAAe,CAAf,CAAtE,CAA1B;AACAI,EAAAA,iBAAiB,GAAGxD,MAAM,CAAC,iBAAiBoD,WAAW,CAAC,CAAD,CAAX,CAAe,CAAf,CAAjB,GAAqC,GAArC,GAA2CA,WAAW,CAAC,CAAD,CAAX,CAAe,CAAf,CAA3C,GAA+D,GAA/D,GAAqEA,WAAW,CAAC,CAAD,CAAX,CAAe,CAAf,CAAtE,CAA1B;AACAK,EAAAA,iBAAiB,GAAGzD,MAAM,CAAC,iBAAiBoD,WAAW,CAAC,CAAD,CAAX,CAAe,CAAf,CAAjB,GAAqC,GAArC,GAA2CA,WAAW,CAAC,CAAD,CAAX,CAAe,CAAf,CAA3C,GAA+D,GAA/D,GAAqEA,WAAW,CAAC,CAAD,CAAX,CAAe,CAAf,CAAtE,CAA1B;AACAM,EAAAA,iBAAiB,GAAG1D,MAAM,CAAC,iBAAiBoD,WAAW,CAAC,CAAD,CAAX,CAAe,CAAf,CAAjB,GAAqC,GAArC,GAA2CA,WAAW,CAAC,CAAD,CAAX,CAAe,CAAf,CAA3C,GAA+D,GAA/D,GAAqEA,WAAW,CAAC,CAAD,CAAX,CAAe,CAAf,CAAtE,CAA1B;AAEA,SAAO;AACL,kBAAcD,WAAW,CAAC,CAAD,CAAX,GAAiB,GAAjB,GAAuBE,MADhC;AAEL,sBAAkB,CAFb;AAGL,gBAAYD,WAAW,CAAC,CAAD,CAAX,CAAe,CAAf,IAAoB,GAApB,GAA0BE,iBAHjC;AAIL,gBAAYF,WAAW,CAAC,CAAD,CAAX,CAAe,CAAf,IAAoB,GAApB,GAA0BG,iBAJjC;AAKL,gBAAYH,WAAW,CAAC,CAAD,CAAX,CAAe,CAAf,IAAoB,GAApB,GAA0BI,iBALjC;AAML,gBAAYJ,WAAW,CAAC,CAAD,CAAX,CAAe,CAAf,IAAoB,GAApB,GAA0BK,iBANjC;AAOL,gBAAYL,WAAW,CAAC,CAAD,CAAX,CAAe,CAAf,IAAoB,GAApB,GAA0BM,iBAPjC;AAQL,sBAAkB,IARb;AASL,sBAAkB,IATb;AAUL,sBAAkB,IAVb;AAWL,sBAAkB,IAXb;AAYL,iBAAaR;AAZR,GAAP;AAcD;AAED;AACA;AACA;AACA;AACA;AACA;AACA;AACA;AACA;AACA;AACA;AACA;AACA;AACA;AACA;;;AACA,SAASlC,mBAAT,CAA6B2C,YAA7B,EAA2CC,QAA3C,EAAqDC,YAArD,EAAmEX,SAAnE,EAA8E;AAE5EY,EAAAA,WAAW,GAAGC,SAAS,CAACH,QAAD,CAAvB,CAF4E,CAG5E;;AACAT,EAAAA,WAAW,GAAG,CAACW,WAAD,EAAcF,QAAd,EAAwBC,YAAxB,EAAsCF,YAAtC,CAAd;AAEAK,EAAAA,eAAe,GAAGC,eAAe,CAACL,QAAD,EAAWE,WAAX,CAAjC;AAEA;AACF;AACA;AACA;AACA;;AAEE,MAAIZ,SAAS,IAAI,QAAjB,EAA2B;AACzBgB,IAAAA,gBAAgB,GAAGL,YAAnB;AACD,GAFD,MAEO;AACL,QAAIA,YAAY,IAAI,CAApB,EAAuB;AACrBK,MAAAA,gBAAgB,GAAG,CAAnB;AACD,KAFD,MAEM;AACJA,MAAAA,gBAAgB,GAAG,CAAnB;AACD;AACF,GAtB2E,CAwB5E;;;AACAC,EAAAA,iBAAiB,GAAGC,iBAAiB,CAAC,CAAC,CAACR,QAAD,EAAWD,YAAX,CAAD,CAAD,EAA6B,CAACG,WAAD,EAAcE,eAAd,CAA7B,EAA6DE,gBAA7D,EAA+E,EAA/E,EAAmF,CAAnF,CAArC,CAzB4E,CA2B5E;;AACAC,EAAAA,iBAAiB,CAACpD,IAAlB,CAAuB,CAACiD,eAAD,EAAkBJ,QAAlB,EAA4BC,YAA5B,EAA0CF,YAA1C,CAAvB;AAEA,SAAOV,SAAS,CAACC,SAAD,EAAYC,WAAZ,EAAyBgB,iBAAzB,CAAhB;AACD;AAED;AACA;AACA;AACA;AACA;AACA;AACA;AACA;AACA;AACA;AACA;AACA;AACA;AACA;;;AACA,SAASlD,mBAAT,CAA6B0C,YAA7B,EAA2CC,QAA3C,EAAqDC,YAArD,EAAmEX,SAAnE,EAA8E;AAC5EY,EAAAA,WAAW,GAAGC,SAAS,CAACH,QAAD,CAAvB;AACAT,EAAAA,WAAW,GAAG,CAACW,WAAD,EAAcF,QAAd,EAAwBC,YAAxB,EAAsCF,YAAtC,CAAd;AAEA;AACF;AACA;AACA;AACA;;AACE,MAAIT,SAAS,IAAI,QAAjB,EAA2B;AACzBgB,IAAAA,gBAAgB,GAAGL,YAAnB;AACD,GAFD,MAEO;AACL,QAAIA,YAAY,IAAI,CAApB,EAAuB;AACrBK,MAAAA,gBAAgB,GAAG,CAAnB;AACD,KAFD,MAEM;AACJA,MAAAA,gBAAgB,GAAG,CAAnB;AACD;AACF;AAED;AACF;AACA;AACA;AACA;AACA;;;AACEG,EAAAA,eAAe,GAAG,IAAlB;;AACA,SAAMA,eAAN,EAAuB;AAErB;AACAF,IAAAA,iBAAiB,GAAGC,iBAAiB,CAAC,CAAC,CAACR,QAAD,EAAWD,YAAX,CAAD,CAAD,EAA6B,CAACG,WAAD,CAA7B,EAA4CI,gBAA5C,EAA8D,EAA9D,EAAkE,CAAlE,CAArC,CAHqB,CAKrB;;AACAI,IAAAA,OAAO,GAAG,IAAV;;AACA,SAAKlD,CAAC,GAAG,CAAT,EAAYA,CAAC,GAAG+C,iBAAiB,CAACxD,MAAlC,EAA0CS,CAAC,EAA3C,EAA+C;AAC7CkD,MAAAA,OAAO,GAAGA,OAAO,GAAIH,iBAAiB,CAAC,CAAD,CAAjB,CAAqB,CAArB,KAA2BA,iBAAiB,CAAC/C,CAAD,CAAjB,CAAqB,CAArB,CAAhD;AACD;;AACD,QAAI,CAACkD,OAAL,EAAc;AACZD,MAAAA,eAAe,GAAG,KAAlB;AACD;AACF,GAvC2E,CAyC5E;;;AACAE,EAAAA,UAAU,GAAG,EAAb;;AACA,OAAKnD,CAAC,GAAG,CAAT,EAAYA,CAAC,GAAG+C,iBAAiB,CAACxD,MAAlC,EAA0CS,CAAC,EAA3C,EAA8C;AAC5CmD,IAAAA,UAAU,CAACxD,IAAX,CAAgBoD,iBAAiB,CAAC/C,CAAD,CAAjB,CAAqB,CAArB,CAAhB;AACD,GA7C2E,CA+C5E;;;AACAoD,EAAAA,oBAAoB,GAAG,IAAvB;;AACA,SAAOA,oBAAP,EAA6B;AAC3B;AACAC,IAAAA,UAAU,GAAGN,iBAAiB,CAAC3D,IAAI,CAACC,KAAL,CAAWD,IAAI,CAACE,MAAL,KAAcyD,iBAAiB,CAACxD,MAA3C,CAAD,CAA9B,CAF2B,CAG3B;;AACA+D,IAAAA,SAAS,GAAGT,eAAe,CAACQ,UAAU,CAAC,CAAD,CAAX,EAAgBA,UAAU,CAAC,CAAD,CAA1B,CAA3B,CAJ2B,CAK3B;;AACA,QAAI,CAACF,UAAU,CAACI,QAAX,CAAoBD,SAApB,CAAL,EAAqC;AACnCF,MAAAA,oBAAoB,GAAG,KAAvB;AACD;AACF,GA1D2E,CA4D5E;;;AACAL,EAAAA,iBAAiB,CAACpD,IAAlB,CAAuB,CAAC2D,SAAD,EAAYD,UAAU,CAAC,CAAD,CAAtB,EAA2BA,UAAU,CAAC,CAAD,CAArC,EAA0CA,UAAU,CAAC,CAAD,CAApD,CAAvB;AAEA,SAAOxB,SAAS,CAACC,SAAD,EAAYC,WAAZ,EAAyBgB,iBAAzB,CAAhB;AACD;AAED;AACA;AACA;AACA;AACA;AACA;AACA;AACA;AACA;AACA;AACA;AACA;AACA;AACA;AACA;AACA;AACA;AACA;AACA;;;AACA,SAASC,iBAAT,CAA2BQ,cAA3B,EAA2CC,aAA3C,EAA0DC,MAA1D,EAAkE1B,WAAlE,EAA+E2B,KAA/E,EAAsF;AACpF;AACA,MAAIA,KAAK,IAAI,CAAb,EAAgB;AACd,WAAO3B,WAAP;AACD,GAJmF,CAMpF;;;AACA4B,EAAAA,IAAI,GAAG,IAAP;AACAC,EAAAA,MAAM,GAAG,CAAT;AACAC,EAAAA,UAAU,GAAG,CAAb;AACAC,EAAAA,SAAS,GAAG,CAAZ,CAVoF,CAYpF;AACA;;AACA,SAAOH,IAAP,EAAa;AAEX;AACAC,IAAAA,MAAM,GAAGG,WAAW,CAAC,CAAD,EAAG,CAAH,CAApB,CAHW,CAKX;;AACAF,IAAAA,UAAU,GAAGE,WAAW,CAAC,CAAD,EAAI,EAAJ,CAAxB,CANW,CAQX;;AACAD,IAAAA,SAAS,GAAGpB,SAAS,CAACkB,MAAD,CAArB,CATW,CAWX;AACA;;AACA,QAAI,EAAEI,cAAc,CAACT,cAAD,EAAiB,CAACK,MAAD,EAASC,UAAT,CAAjB,CAAd,IAAwDL,aAAa,CAACF,QAAd,CAAuBQ,SAAvB,CAA1D,CAAJ,EAAkG;AAChGH,MAAAA,IAAI,GAAG,KAAP;AACD;AACF,GA9BmF,CAgCpF;;;AACA5B,EAAAA,WAAW,CAACrC,IAAZ,CAAiB,CAACoE,SAAD,EAAYF,MAAZ,EAAoBH,MAApB,EAA4BI,UAA5B,CAAjB,EAjCoF,CAmCpF;;AACAN,EAAAA,cAAc,CAAC7D,IAAf,CAAoB,CAACkE,MAAD,EAASC,UAAT,CAApB;AACAL,EAAAA,aAAa,CAAC9D,IAAd,CAAmBoE,SAAnB;AACAJ,EAAAA,KAAK,GAAGA,KAAK,GAAG,CAAhB,CAtCoF,CAwCpF;;AACA,SAAOX,iBAAiB,CAACQ,cAAD,EAAiBC,aAAjB,EAAgCC,MAAhC,EAAwC1B,WAAxC,EAAqD2B,KAArD,CAAxB;AACD;AAED;AACA;AACA;AACA;AACA;AACA;AACA;AACA;AACA;;;AACA,SAAShB,SAAT,CAAmBuB,WAAnB,EAAgC;AAC9B,MAAIA,WAAW,IAAI,CAAnB,EAAsB;AACpB,WAAOpF,OAAO,CAACM,IAAI,CAACC,KAAL,CAAWD,IAAI,CAACE,MAAL,KAAcR,OAAO,CAACS,MAAjC,CAAD,CAAd;AACD,GAFD,MAEO;AACL,WAAOR,OAAO,CAACK,IAAI,CAACC,KAAL,CAAWD,IAAI,CAACE,MAAL,KAAcP,OAAO,CAACQ,MAAjC,CAAD,CAAd;AACD;AACF;AAED;AACA;AACA;AACA;AACA;AACA;AACA;AACA;AACA;AACA;AACA;;;AACA,SAASsD,eAAT,CAAyBqB,WAAzB,EAAsCC,KAAtC,EAA6C;AAC3CC,EAAAA,WAAW,GAAGzB,SAAS,CAACuB,WAAD,CAAvB;;AACA,MAAIE,WAAW,IAAID,KAAnB,EAA0B;AACxB,WAAOtB,eAAe,CAACqB,WAAD,EAAcC,KAAd,CAAtB;AACD,GAFD,MAEO;AACL,WAAOC,WAAP;AACD;AACF;;AAED,SAAS3D,sBAAT,CAAgC4D,MAAhC,EAAwCC,QAAxC,EAAkDC,SAAlD,EAA6D;AACzD,MAAIC,KAAK,GAAGF,QAAQ,CAACG,KAAT,CAAe,CAAf,CAAZ;AACA,MAAIC,KAAK,GAAGF,KAAK,CAACG,OAAN,CAAcN,MAAd,CAAZ;AAEA,MAAIK,KAAK,GAAG,CAAC,CAAb,EACIF,KAAK,CAACI,MAAN,CAAaF,KAAb,EAAoB,CAApB;;AAEJ,MAAIG,gBAAgB,GAAG/E,CAAC,CAACQ,MAAF,CAASkE,KAAT,CAAvB;;AAEA,MAAI,CAAED,SAAN,EACI,OAAOM,gBAAP;AAEJH,EAAAA,KAAK,GAAGF,KAAK,CAACG,OAAN,CAAcE,gBAAd,CAAR;AACAL,EAAAA,KAAK,CAACI,MAAN,CAAaF,KAAb,EAAoB,CAApB;;AAEA,MAAII,iBAAiB,GAAGhF,CAAC,CAACQ,MAAF,CAASkE,KAAT,CAAxB;;AAEA,SAAO,CAACK,gBAAD,EAAmBC,iBAAnB,CAAP;AACH;AAED;AACA;AACA;AACA;AACA;AACA;AACA;AACA;AACA;AACA;AACA;;;AACA,SAASd,WAAT,CAAqBe,GAArB,EAA0BC,GAA1B,EAA+B;AAE7B;AACA,MAAIC,UAAU,GAAGD,GAAG,GAAGD,GAAvB,CAH6B,CAK7B;;AACA,MAAIG,IAAI,GAAG9F,IAAI,CAACE,MAAL,EAAX,CAN6B,CAQ7B;;AACA4F,EAAAA,IAAI,GAAG9F,IAAI,CAACC,KAAL,CAAY6F,IAAI,GAAGD,UAAnB,CAAP,CAT6B,CAW7B;;AACAC,EAAAA,IAAI,GAAGA,IAAI,GAAGH,GAAd;AACI,SAAOG,IAAP;AACL;AAED;AACA;AACA;AACA;AACA;AACA;AACA;AACA;AACA;AACA;;;AACA,SAASjB,cAAT,CAAwBK,QAAxB,EAAkCD,MAAlC,EAAyC;AACvC,MAAIrE,CAAJ,EAAOmF,CAAP,EAAUC,OAAV;;AACA,OAAIpF,CAAC,GAAG,CAAR,EAAWA,CAAC,GAAGsE,QAAQ,CAAC/E,MAAxB,EAAgC,EAAES,CAAlC,EAAoC;AAClC,QAAGqE,MAAM,CAAC9E,MAAP,KAAkB+E,QAAQ,CAACtE,CAAD,CAAR,CAAYT,MAAjC,EAAwC;AACtC6F,MAAAA,OAAO,GAAGd,QAAQ,CAACtE,CAAD,CAAlB;;AACA,WAAImF,CAAC,GAAG,CAAR,EAAWA,CAAC,GAAGd,MAAM,CAAC9E,MAAX,IAAqB8E,MAAM,CAACc,CAAD,CAAN,KAAcC,OAAO,CAACD,CAAD,CAArD,EAA0D,EAAEA,CAA5D,CAA8D;;AAC9D,UAAGA,CAAC,KAAKd,MAAM,CAAC9E,MAAhB,EACE,OAAO,IAAP;AACH;AACF;;AACD,SAAO,KAAP;AACD","sourcesContent":["/*\n\nExplain this document, its output, and how it interacts with the rest of the app.\n\nExplain:\n- rotations\n- where to find all the relevant info in the repo about the trials and conditions etc.\n\n\ncomment all the relevant files\n\nmeteor npm install --save @babel/runtime react react-dom @blueprintjs/core moment react-html-parser @blueprintjs/icons prop-types\n\n\nmeteor npm install --save @babel/runtime\n\nmeteor npm install --save glob\n\n\nmeteor npm install --save react react-dom @blueprintjs/core moment react-html-parser @blueprintjs/icons prop-types\n\n\nQuestions for Brandon:\n- condition in each trial --> what is it for and what should I put there?\n- how do we want to decide the rotations\n\n// Naming guide:\n// BCSStimulus_[colorSchemeID]_[genderID]_[itemID]\n// colorSchemeID: {1 : color Scheme 1, 2: Color Scheme 2}\n// genderID: {1 : Masculine, 2 : Feminine}\n// itemID: {1:12}\n\n\nWhat you need to uniquely identify an object\n\n\n*/\n\nimport Empirica from \"meteor/empirica:core\";\n\nimport { colorSizeIDsToName } from '../degenEtal2020/itemIDsToName.js';\nimport { subToBasicAndSup } from '../degenEtal2020/supSupTrialsItems.js';\nimport { supToBasicsToSubs } from '../degenEtal2020/supSupTrialsItems.js';\nimport { subSupTrialsTargets } from '../degenEtal2020/supSupTrialsItems.js';\n\nimport { allDef } from './BCSitemIDsToName.js';\nimport { allRotations } from './BCSrotations2.js';\nimport { cs1Dict } from './BCScolorSchemes.js';\nimport { cs2Dict } from './BCScolorSchemes.js';\n\nexports.generateScenes = function generateScenes() {\n      // array to hold all the scenes we create\n      let scenes = [];\n\n      // pick rotation randomly\n      // check where this was in the last script, if it was inside the for loop\n      // then you didn't have rotations at all and you might have had repeats of stimuli!!!\n      rot = allRotations[Math.floor(Math.random()*allRotations.length)];\n\n      // iterate through scenarios in both color schemes\n      for (let determineColorScheme = 1; determineColorScheme < 3; determineColorScheme++) {\n\n        // iterate through the target object genders\n        // 1 = masculine, 2 = feminine\n        for (let g = 1; g < 3; g++) {\n          oppositeGender = 0;\n          if(g == 1) {\n            oppositeGender = 2;\n          } else {\n            oppositeGender = 1;\n          }\n\n\n          /*\n          scenes.push takes the following form:\n          scenes.push(\n            sceneColorNecessary(\n              rot[0], = the targetID as defined in the rotations js file\n              determineColorScheme, =  the target color scheme\n              g, // the target gender\n              \"scene1\" //scene type\n          ));\n          */\n\n          // create all three trails of scene 1\n          // (color necessary gender match)\n          scenes.push(sceneColorNecessary(rot[0], determineColorScheme, g, \"scene1\"));\n          scenes.push(sceneColorNecessary(rot[1], determineColorScheme, g, \"scene1\"));\n          scenes.push(sceneColorNecessary(rot[2], determineColorScheme, g, \"scene1\"));\n\n          // create all three trials of scene2\n          //(color necessary gender mismatch)\n          scenes.push(sceneColorNecessary(rot[3], determineColorScheme, g, \"scene2\"));\n          scenes.push(sceneColorNecessary(rot[4], determineColorScheme, g, \"scene2\"));\n          scenes.push(sceneColorNecessary(rot[5], determineColorScheme, g, \"scene2\"));\n\n          // create all three trials of scene3\n          // (color redundant gender match)\n          scenes.push(sceneColorRedundant(rot[6], determineColorScheme, g, \"scene3\"));\n          scenes.push(sceneColorRedundant(rot[7], determineColorScheme, g, \"scene3\"));\n          scenes.push(sceneColorRedundant(rot[8], determineColorScheme, g, \"scene3\"));\n\n          // create all three trials of scene4\n          // (color redundant gender mismatch)\n          scenes.push(sceneColorRedundant(rot[9], determineColorScheme, g, \"scene4\"));\n          scenes.push(sceneColorRedundant(rot[10], determineColorScheme, g, \"scene4\"));\n          scenes.push(sceneColorRedundant(rot[11], determineColorScheme, g, \"scene4\"));\n        }\n      }\n\n\n      // CREATE DISTRACTOR SCENES\n\n      // shuffle subSupTrialsTargets\n      subSupTrialsTargets = _.shuffle(subSupTrialsTargets);\n\n      // only pick first 24 items\n      for (let i = 0; i < 24; i++)\n      {\n          let targetSub = subSupTrialsTargets[i];\n          let basicAndSup = subToBasicAndSup[targetSub];\n          let targetBasic = basicAndSup[0];\n          let targetSup = basicAndSup[1];\n\n          // let contextMode = _.sample(['subNec', 'basicSuff', 'supSuff']);             // OLD\n          let contextMode = _.sample(['subNec', 'basicSuff', 'basicSuff', 'supSuff']);   // NEW\n\n          let distractor1;\n          let distractor2;\n\n          if (contextMode == 'subNec')\n          {\n              // one distractor of the same basic category and one distractor of the same superordinate category (e.g., target: dalmatian, distractors: greyhound [also a dog] and squirrel [also an animal])\n              distractor1 = sampleElementExceptOne(targetSub,\n                                                  supToBasicsToSubs[targetSup][targetBasic],\n                                                  false);\n\n              let otherBasic = _.sample(Array.from(Object.keys(supToBasicsToSubs[targetSup])));\n              distractor2 = sampleElementExceptOne(targetSub,\n                                                  supToBasicsToSubs[targetSup][otherBasic],\n                                                  false);\n\n              /*\n              // alternative implementation, ensures distractor #2 has different basic category\n              let otherBasic = sampleElementExceptOne(targetBasic,\n                                                      Array.from(Object.keys(supToBasicsToSubs[targetSup])),\n                                                      false);\n              distractor2 = _.sample(supToBasicsToSubs[targetSup][otherBasic]);\n              */\n          }\n          else if (contextMode == 'basicSuff')\n          {\n              let basicSuffType = _.sample(['Type1', 'Type2']);\n              if (basicSuffType == 'Type1')\n              {\n                  // two distractors of the same superordinate category but different basic category as the target (e.g., target: husky, distractors: hamster and elephant)\n                  let twoOtherBasics = sampleElementExceptOne(targetBasic,\n                                                              Array.from(Object.keys(supToBasicsToSubs[targetSup])),\n                                                              true);\n                  distractor1 = _.sample(supToBasicsToSubs[targetSup][twoOtherBasics[0]]);\n                  distractor2 = _.sample(supToBasicsToSubs[targetSup][twoOtherBasics[1]]);\n              }\n              else\n              {\n                  // one distractor of the same superordinate category and one unrelated item\n                  let otherBasic = sampleElementExceptOne(targetBasic,\n                                                          Array.from(Object.keys(supToBasicsToSubs[targetSup])),\n                                                          false);\n                  distractor1 = _.sample(supToBasicsToSubs[targetSup][otherBasic]);\n\n                  let otherSup = sampleElementExceptOne(targetSup,\n                                                      Array.from(Object.keys(supToBasicsToSubs)),\n                                                      false);\n                  let someBasic = _.sample(Array.from(Object.keys(supToBasicsToSubs[otherSup])));\n                  distractor2 = _.sample(supToBasicsToSubs[otherSup][someBasic]);\n              }\n              contextMode += basicSuffType;\n          }\n          else\n          {\n              // two unrelated items\n              let twoOtherSups = sampleElementExceptOne(targetSup,\n                                                      Array.from(Object.keys(supToBasicsToSubs)),\n                                                      true);\n              let someBasic = _.sample(Array.from(Object.keys(supToBasicsToSubs[twoOtherSups[0]])));\n              distractor1 = _.sample(supToBasicsToSubs[twoOtherSups[0]][someBasic]);\n              let anotherBasic = _.sample(Array.from(Object.keys(supToBasicsToSubs[twoOtherSups[1]])));\n              distractor2 = _.sample(supToBasicsToSubs[twoOtherSups[1]][anotherBasic]);\n          }\n          // console.log(`${targetSub} ${targetBasic} ${targetSup}`);\n          // console.log(`${distractor1} ${subToBasicAndSup[distractor1][0]} ${subToBasicAndSup[distractor1][1]}`);\n          // console.log(`${distractor2} ${subToBasicAndSup[distractor2][0]} ${subToBasicAndSup[distractor2][1]}`)\n          // console.log()\n\n          let alt1BasicSup = subToBasicAndSup[distractor1];\n          let alt1Basic = alt1BasicSup[0];\n          let alt1Super = alt1BasicSup[1];\n          let alt2BasicSup = subToBasicAndSup[distractor2];\n          let alt2Basic = alt2BasicSup[0];\n          let alt2Super = alt2BasicSup[1];\n\n          scenes.push({\n              'TargetItem': targetSub,\n              'TargetItemBasicLevel': targetBasic,\n              'TargetItemSuperLevel': targetSup,\n              'alt1Name': distractor1,\n              'alt2Name': distractor2,\n              'alt3Name': 'IGNORE',\n              'alt4Name': 'IGNORE',\n              'alt5Name': 'IGNORE',\n              'alt1BasicLevel': alt1Basic,\n              'alt1SuperLevel': alt1Super,\n              'alt2BasicLevel': alt2Basic,\n              'alt2SuperLevel': alt2Super,\n              'NumDistractors': 2,\n              'condition' : contextMode\n          });\n      }\n      console.log(\"scenes = \");\n      console.log(scenes);\n      return(scenes);\n    }\n\n/*\nsceneMain\nTakes in references to objects and outputs a dictionary entry of all the\nobjects that will be on display for a single scene\n\nInput:\n  condition: (string){scene1, scene2, scene3, scene4} logs what time of trial\n    this scene was\n  targetArray: (array)[targetColor, targetColorScheme, targetGender, targetNounID]\n    targetColor: (string){\"blue\", \"yellow\", ...}\n    targetColorScheme: (int) 1 = CS1, 2 = cs2\n    targetGender: (int) 1= masculine, 2 = feminine\n    targetNounID: (int) {1, 2, .., 12} reference to noun ID in allDef variable\n  distractors: (array of arrays) Each array within this array corresponds to a\n    single distractor object and is of type: [color, colorScheme, gender, objectID]].\n    They are coded just like the targetArray variables.\n  numDistractors: (int) number of distractors. In this case there should always be\n    5.\n\nOutput:\n  Dictionary of type:\n  TargetItem: (string) [target color]_[target name] (e.g. \"blue_scarf\")\n  NumDistractors: 5, (number of distractor objects)\n  alt1Name: (string) [distractor color]_[distractor name] (e.g. \"blue_scarf\")\n  alt2Name: same as above.\n  alt3Name: same as above.\n  alt4Name: same as above.\n  alt5Name: same as above.\n  alt1BasicLevel: 'NA', This corresponds to the filler trial information and is\n  alt1SuperLevel: 'NA', ignored for the target trials made by this function\n  alt2BasicLevel: 'NA',\n  alt2SuperLevel: 'NA',\n  condition: condition\n\nNotes:\n  This function assumes that there will be 5 distractors in every scene.\n  The order of values in each array is assumed to be what is written above.\n*/\nfunction sceneMain(condition, targetArray, distractors) {\n\n  console.log(\"targetArray = \");\n  console.log(targetArray[0]);\n  console.log(targetArray[1]);\n  console.log(targetArray[2]);\n  console.log(targetArray[3]);\n\n  // convert target and distractors into actual string\n  target = allDef[\"BCSStimulus_\" + targetArray[1] + \"_\" + targetArray[2] + \"_\" + targetArray[3]];\n  console.log(\"target = \");\n  console.log(target);\n  distractorString0 = allDef[\"BCSStimulus_\" + distractors[0][1] + \"_\" + distractors[0][2] + \"_\" + distractors[0][3]];\n  distractorString1 = allDef[\"BCSStimulus_\" + distractors[1][1] + \"_\" + distractors[1][2] + \"_\" + distractors[1][3]];\n  distractorString2 = allDef[\"BCSStimulus_\" + distractors[2][1] + \"_\" + distractors[2][2] + \"_\" + distractors[2][3]];\n  distractorString3 = allDef[\"BCSStimulus_\" + distractors[3][1] + \"_\" + distractors[3][2] + \"_\" + distractors[3][3]];\n  distractorString4 = allDef[\"BCSStimulus_\" + distractors[4][1] + \"_\" + distractors[4][2] + \"_\" + distractors[4][3]];\n\n  return({\n    'TargetItem': targetArray[0] + \"_\" + target,\n    'NumDistractors': 5,\n    'alt1Name': distractors[0][0] + \"_\" + distractorString0,\n    'alt2Name': distractors[1][0] + \"_\" + distractorString1,\n    'alt3Name': distractors[2][0] + \"_\" + distractorString2,\n    'alt4Name': distractors[3][0] + \"_\" + distractorString3,\n    'alt5Name': distractors[4][0] + \"_\" + distractorString4,\n    'alt1BasicLevel': 'NA',\n    'alt1SuperLevel': 'NA',\n    'alt2BasicLevel': 'NA',\n    'alt2SuperLevel': 'NA',\n    'condition': condition\n  })\n}\n\n/*\n  SceneColorNecessary\n  Wrapper for color necessary scenes. It creates a target and competitor object,\n  and calls on createDistractors() to create the distractor objects. It then feeds\n  all of these objects into sceneMain(). This function creates teh competitor object\n  suhch that it will be the same type but different color than the target.\n\n  Input:\n    targetNounID: (int) {1, 2, .., 12} reference to noun ID in AllDef\n    targetCS: (int){1, 2} reference to the target noun's color scheme\n    targetGender: (int){1, 2} reference to target's gender\n    condition: (string) reference to which scene we are creating the stimuli for\n\n  Output: returns output of sceneMain()\n*/\nfunction sceneColorNecessary(targetNounID, targetCS, targetGender, condition) {\n\n  targetColor = pickColor(targetCS);\n  // house all the target information together\n  targetArray = [targetColor, targetCS, targetGender, targetNounID];\n\n  competitorColor = pickColorExcept(targetCS, targetColor);\n\n  /*\n\n   for gender match condition (scene 1), make the distractors the same gender\n   as the target. For gender mismatch condition (scene 2), make the distractors\n   the opposite gender of the target.\n  */\n  if (condition == \"scene1\") {\n    distractorGender = targetGender;\n  } else {\n    if (targetGender == 1) {\n      distractorGender = 2;\n    }else {\n      distractorGender = 1;\n    }\n  }\n\n  // Create the distractor objects\n  distractorStrings = createDistractors([[targetCS, targetNounID]], [targetColor, competitorColor], distractorGender, [], 4);\n\n  // add comeptitor to distractor array\n  distractorStrings.push([competitorColor, targetCS, targetGender, targetNounID]);\n\n  return(sceneMain(condition, targetArray, distractorStrings));\n}\n\n/*\n  SceneColorRedundant\n  Wrapper for color redundant scenes. It creates a target, distractor objects using\n  createDistractors(), and an additional distractor object of the same type as\n  another distractor object. It then feeds all of these objects into sceneMain().\n\n  Input:\n    targetNounID: (int) {1, 2, .., 12} reference to noun ID in AllDef\n    targetCS: (int){1, 2} reference to the target noun's color scheme\n    targetGender: (int){1, 2} reference to target's gender\n    condition: (string) reference to which scene we are creating the stimuli for\n\n  Output: returns output of sceneMain()\n*/\nfunction sceneColorRedundant(targetNounID, targetCS, targetGender, condition) {\n  targetColor = pickColor(targetCS);\n  targetArray = [targetColor, targetCS, targetGender, targetNounID]\n\n  /*\n   for gender match condition (scene 3), make the distractors the same gender\n   as the target. For gender mismatch condition (scene 4), make the distractors\n   the opposite gender of the target.\n  */\n  if (condition == \"scene3\") {\n    distractorGender = targetGender;\n  } else {\n    if (targetGender == 1) {\n      distractorGender = 2;\n    }else {\n      distractorGender = 1;\n    }\n  }\n\n  /*\n  create Distractors\n  ensure that they do not all have the same CS, because if they do\n  all the colors of that color scheme will be used at least once, and we will\n  not be able to make a same type distractor object of a different color.\n  */\n  loopDistractors = true\n  while(loopDistractors) {\n\n    // create distractors\n    distractorStrings = createDistractors([[targetCS, targetNounID]], [targetColor], distractorGender, [], 4);\n\n    // make sure distractors are not all of the same color scheme\n    tfValue = true;\n    for (i = 1; i < distractorStrings.length; i++) {\n      tfValue = tfValue & (distractorStrings[0][1] == distractorStrings[i][1]);\n    }\n    if (!tfValue) {\n      loopDistractors = false;\n    }\n  }\n\n  // get all colors already used\n  colorsUsed = [];\n  for (i = 0; i < distractorStrings.length; i++){\n    colorsUsed.push(distractorStrings[i][0]);\n  }\n\n  // create a distractor of a same type as another distractor, but in a new color\n  loopRepeatDistractor = true;\n  while (loopRepeatDistractor) {\n    // pick a distractor at random\n    repeatDist = distractorStrings[Math.floor(Math.random()*distractorStrings.length)];\n    // pick a color at random\n    distColor = pickColorExcept(repeatDist[1], repeatDist[0]);\n    // make sure that another object does not already have this color\n    if (!colorsUsed.includes(distColor)) {\n      loopRepeatDistractor = false\n    }\n  }\n\n  // add the new distractor object\n  distractorStrings.push([distColor, repeatDist[1], repeatDist[2], repeatDist[3]]);\n\n  return(sceneMain(condition, targetArray, distractorStrings));\n}\n\n/*\ncreateDistractors\nFunction that creates distractor objects.\n\nInput:\n  excludeObjects: (array of arrays) array of objects that already exist in a\n    scene and therefore should not be repeated. Each array corresponds to an existing\n    object and is of type: [reference to Color Scheme, reference to object ID]\n  excludeColors: (array of strings) array of colors that already exist in the\n    scene and therefore should not be repeated.\n  gender: (int) gender which the objects should be created in\n  distractors: (array of arrays) Array that will hold the distractors that are created.\n    Each array corresponds to a single distractor object and is of type:\n    [object color (string), object color scheme (int), object gender (int), object reference (int)]\n  count: number of distractor items that should be created\n\nOutput:\n  distractors array with the number of distractor objects as specified by \"count\"\n*/\nfunction createDistractors(excludeObjects, excludeColors, gender, distractors, count) {\n  // base case\n  if (count == 0) {\n    return(distractors);\n  }\n\n  // initialize parameters of the new distractor object\n  loop = true;\n  thisCS = 0;\n  thisObject = 0;\n  thisColor = 0;\n\n  // pick values for those parameters, looping through until they do not\n  // conflict with objects and colors already chosen for the scene\n  while (loop) {\n\n    // pick a CS\n    thisCS = generateInt(1,3);\n\n    // pick the object\n    thisObject = generateInt(1, 13);\n\n    // pick its color\n    thisColor = pickColor(thisCS);\n\n    // check if it is a repeat of another object type or color\n    // exit loop if both properties are new\n    if (!(searchForArray(excludeObjects, [thisCS, thisObject]) || excludeColors.includes(thisColor))) {\n      loop = false\n    }\n  }\n\n  // add the new object to distractors\n  distractors.push([thisColor, thisCS, gender, thisObject]);\n\n  // add the object color and type to exclusion lists\n  excludeObjects.push([thisCS, thisObject]);\n  excludeColors.push(thisColor);\n  count = count - 1;\n\n  // repeat this function recrusively until we have all the distractor items\n  return(createDistractors(excludeObjects, excludeColors, gender, distractors, count));\n}\n\n/*\npickColor\npicks a random color within a given color scheme\n\nInput:\n  color scheme: (int) reference to color scheme\n\nOutput: a string specifying a color as defined in cs1Dict and cs2Dict\n*/\nfunction pickColor(colorScheme) {\n  if (colorScheme == 1) {\n    return(cs1Dict[Math.floor(Math.random()*cs1Dict.length)]);\n  } else {\n    return(cs2Dict[Math.floor(Math.random()*cs2Dict.length)]);\n  }\n}\n\n/*\npickColorExcept\nReturn a color within a specified color scheme, that is NOT a specified color\n\nInput:\n  colorScheme: (int) reference to color scheme\n  color: (string) color that should not be returned\n\nOutput: a string specifying a color as defined in cs1Dict and cs2Dict, that\n       is not the same as the color held in variable \"color\"\n*/\nfunction pickColorExcept(colorScheme, color) {\n  returnColor = pickColor(colorScheme);\n  if (returnColor == color) {\n    return pickColorExcept(colorScheme, color);\n  } else {\n    return returnColor;\n  }\n}\n\nfunction sampleElementExceptOne(needle, haystack, sampleTwo) {\n    let array = haystack.slice(0);\n    let index = array.indexOf(needle);\n\n    if (index > -1)\n        array.splice(index, 1);\n\n    let firstSampledItem = _.sample(array);\n\n    if (!(sampleTwo))\n        return firstSampledItem;\n\n    index = array.indexOf(firstSampledItem);\n    array.splice(index, 1)\n\n    let secondSampledItem = _.sample(array);\n\n    return [firstSampledItem, secondSampledItem];\n}\n\n/*\ngenerateInt\ngenderates random integer\n\nInput:\n  min: minimum value of range inclusive\n  max: maximum value of range exclusive\n\nOutput:\n  integer that falls between [min, max)\n*/\nfunction generateInt(min, max) {\n\n  // find diff\n  let difference = max - min;\n\n  // generate random number\n  let rand = Math.random();\n\n  // multiply with difference\n  rand = Math.floor( rand * difference);\n\n  // add with min value\n  rand = rand + min;\n      return rand;\n}\n\n/*\nsearchForArray\nSearches whether an array is found in an array of arrays\n\nInput:\n  haystack: array of arrays that will be searched\n  needle: array that you are searching for\n\nOutput: boolean as to whether array was found in array of arrays\n*/\nfunction searchForArray(haystack, needle){\n  var i, j, current;\n  for(i = 0; i < haystack.length; ++i){\n    if(needle.length === haystack[i].length){\n      current = haystack[i];\n      for(j = 0; j < needle.length && needle[j] === current[j]; ++j);\n      if(j === needle.length)\n        return true;\n    }\n  }\n  return false;\n}\n"]},"sourceType":"module","hash":"88b764203085ece2762edf5192ce605693a81c3e"}
