{"metadata":{},"options":{"compact":false,"sourceMaps":true,"ast":true,"babelrc":false,"configFile":false,"parserOpts":{"sourceType":"module","sourceFileName":"/Users/stefpop/Desktop/repos/withBrandon/crossling_reference/experiments/from-scratch/packages/ejson/stringify.js","plugins":["*","flow","jsx","asyncGenerators","bigInt","classPrivateMethods","classPrivateProperties","classProperties","doExpressions","dynamicImport","exportDefaultFrom","exportExtensions","exportNamespaceFrom","functionBind","functionSent","importMeta","nullishCoalescingOperator","numericSeparator","objectRestSpread","optionalCatchBinding","optionalChaining",["pipelineOperator",{"proposal":"minimal"}],"throwExpressions","classProperties","classPrivateProperties","jsx","nullishCoalescingOperator","nullishCoalescingOperator","optionalChaining","optionalChaining","optionalCatchBinding","optionalCatchBinding","classProperties","classPrivateProperties","classPrivateMethods","classProperties","classPrivateProperties","asyncGenerators","asyncGenerators","objectRestSpread","objectRestSpread"],"allowImportExportEverywhere":true,"allowReturnOutsideFunction":true,"allowUndeclaredExports":true,"strictMode":false},"caller":{"name":"meteor","arch":"web.browser"},"sourceFileName":"packages/ejson/stringify.js","filename":"/Users/stefpop/Desktop/repos/withBrandon/crossling_reference/experiments/from-scratch/packages/ejson/stringify.js","cloneInputAst":true,"passPerPreset":false,"envName":"development","cwd":"/Users/stefpop/Desktop/repos/withBrandon/crossling_reference/experiments/from-scratch","root":"/Users/stefpop/Desktop/repos/withBrandon/crossling_reference/experiments/from-scratch","plugins":[{"key":"base$0","visitor":{"_exploded":true,"_verified":true},"options":{}},{"key":"base$0$0","visitor":{"Program":{"enter":[null],"exit":[null]},"_exploded":true,"_verified":true},"options":{"avoidModernSyntax":false,"enforceStrictMode":false,"dynamicImport":true,"generateLetDeclarations":true}},{"key":"transform-runtime","visitor":{"CallExpression":{"enter":[null]},"BinaryExpression":{"enter":[null]},"MemberExpression":{"enter":[null],"exit":[null]},"_exploded":true,"_verified":true,"Identifier":{"enter":[null]},"JSXIdentifier":{"enter":[null]}},"options":{"version":"7.12.5","helpers":true,"useESModules":false,"corejs":false}},{"key":"proposal-class-properties","visitor":{"PrivateName":{"enter":[null]},"ExportDefaultDeclaration":{"enter":[null]},"_exploded":true,"_verified":true,"ClassExpression":{"enter":[null]},"ClassDeclaration":{"enter":[null]}},"options":{"loose":true}},{"key":"transform-react-jsx","visitor":{"_exploded":{},"_verified":{},"JSXNamespacedName":{"enter":[null]},"JSXSpreadChild":{"enter":[null]},"Program":{"enter":[null]},"JSXElement":{"exit":[null]},"JSXFragment":{"exit":[null]},"JSXAttribute":{"enter":[null]}},"options":{"pragma":"React.createElement","pragmaFrag":"React.Fragment","runtime":"classic","throwIfNamespace":true,"useBuiltIns":false}},{"key":"transform-react-display-name","visitor":{"ExportDefaultDeclaration":{"enter":[null]},"CallExpression":{"enter":[null]},"_exploded":true,"_verified":true},"options":{}},{"key":"transform-react-pure-annotations","visitor":{"CallExpression":{"enter":[null]},"_exploded":true,"_verified":true},"options":{}},{"key":"syntax-nullish-coalescing-operator","visitor":{"_exploded":true,"_verified":true},"options":{}},{"key":"proposal-nullish-coalescing-operator","visitor":{"_exploded":{},"_verified":{},"LogicalExpression":{"enter":[null]}},"options":{}},{"key":"syntax-optional-chaining","visitor":{"_exploded":true,"_verified":true},"options":{}},{"key":"proposal-optional-chaining","visitor":{"_exploded":{},"_verified":{},"OptionalCallExpression":{"enter":[null]},"OptionalMemberExpression":{"enter":[null]}},"options":{}},{"key":"syntax-optional-catch-binding","visitor":{"_exploded":true,"_verified":true},"options":{}},{"key":"proposal-optional-catch-binding","visitor":{"_exploded":{},"_verified":{},"CatchClause":{"enter":[null]}},"options":{}},{"key":"syntax-class-properties","visitor":{"_exploded":true,"_verified":true},"options":{}},{"key":"proposal-class-properties","visitor":{"PrivateName":{"enter":[null]},"ExportDefaultDeclaration":{"enter":[null]},"_exploded":true,"_verified":true,"ClassExpression":{"enter":[null]},"ClassDeclaration":{"enter":[null]}},"options":{}},{"key":"syntax-async-generators","visitor":{"_exploded":true,"_verified":true},"options":{}},{"key":"proposal-async-generator-functions","visitor":{"_exploded":{},"_verified":{},"Program":{"enter":[null]}},"options":{}},{"key":"syntax-object-rest-spread","visitor":{"_exploded":true,"_verified":true},"options":{}},{"key":"proposal-object-rest-spread","visitor":{"_exploded":{},"_verified":{},"VariableDeclarator":{"enter":[null]},"ExportNamedDeclaration":{"enter":[null]},"CatchClause":{"enter":[null]},"AssignmentExpression":{"enter":[null]},"ArrayPattern":{"enter":[null]},"ObjectExpression":{"enter":[null]},"FunctionDeclaration":{"enter":[null]},"FunctionExpression":{"enter":[null]},"ObjectMethod":{"enter":[null]},"ArrowFunctionExpression":{"enter":[null]},"ClassMethod":{"enter":[null]},"ClassPrivateMethod":{"enter":[null]},"ForInStatement":{"enter":[null]},"ForOfStatement":{"enter":[null]}},"options":{}},{"key":"transform-literals","visitor":{"NumericLiteral":{"enter":[null]},"StringLiteral":{"enter":[null]},"_exploded":true,"_verified":true},"options":{}},{"key":"transform-template-literals","visitor":{"TaggedTemplateExpression":{"enter":[null]},"TemplateLiteral":{"enter":[null]},"_exploded":true,"_verified":true},"options":{}},{"key":"transform-parameters","visitor":{"_exploded":true,"_verified":true,"FunctionDeclaration":{"enter":[null]},"FunctionExpression":{"enter":[null]},"ObjectMethod":{"enter":[null]},"ArrowFunctionExpression":{"enter":[null]},"ClassMethod":{"enter":[null]},"ClassPrivateMethod":{"enter":[null]}},"options":{}},{"key":"transform-exponentiation-operator","visitor":{"AssignmentExpression":{"enter":[null]},"BinaryExpression":{"enter":[null]},"_exploded":true,"_verified":true},"options":{}}],"presets":[],"generatorOpts":{"filename":"/Users/stefpop/Desktop/repos/withBrandon/crossling_reference/experiments/from-scratch/packages/ejson/stringify.js","comments":true,"compact":false,"sourceMaps":true,"sourceFileName":"packages/ejson/stringify.js"}},"code":"// Based on json2.js from https://github.com/douglascrockford/JSON-js\n//\n//    json2.js\n//    2012-10-08\n//\n//    Public Domain.\n//\n//    NO WARRANTY EXPRESSED OR IMPLIED. USE AT YOUR OWN RISK.\nfunction quote(string) {\n  return JSON.stringify(string);\n}\n\nconst str = (key, holder, singleIndent, outerIndent, canonical) => {\n  const value = holder[key]; // What happens next depends on the value's type.\n\n  switch (typeof value) {\n    case 'string':\n      return quote(value);\n\n    case 'number':\n      // JSON numbers must be finite. Encode non-finite numbers as null.\n      return isFinite(value) ? String(value) : 'null';\n\n    case 'boolean':\n      return String(value);\n    // If the type is 'object', we might be dealing with an object or an array or\n    // null.\n\n    case 'object':\n      {\n        // Due to a specification blunder in ECMAScript, typeof null is 'object',\n        // so watch out for that case.\n        if (!value) {\n          return 'null';\n        } // Make an array to hold the partial results of stringifying this object\n        // value.\n\n\n        const innerIndent = outerIndent + singleIndent;\n        const partial = [];\n        let v; // Is the value an array?\n\n        if (Array.isArray(value) || {}.hasOwnProperty.call(value, 'callee')) {\n          // The value is an array. Stringify every element. Use null as a\n          // placeholder for non-JSON values.\n          const length = value.length;\n\n          for (let i = 0; i < length; i += 1) {\n            partial[i] = str(i, value, singleIndent, innerIndent, canonical) || 'null';\n          } // Join all of the elements together, separated with commas, and wrap\n          // them in brackets.\n\n\n          if (partial.length === 0) {\n            v = '[]';\n          } else if (innerIndent) {\n            v = '[\\n' + innerIndent + partial.join(',\\n' + innerIndent) + '\\n' + outerIndent + ']';\n          } else {\n            v = '[' + partial.join(',') + ']';\n          }\n\n          return v;\n        } // Iterate through all of the keys in the object.\n\n\n        let keys = Object.keys(value);\n\n        if (canonical) {\n          keys = keys.sort();\n        }\n\n        keys.forEach(k => {\n          v = str(k, value, singleIndent, innerIndent, canonical);\n\n          if (v) {\n            partial.push(quote(k) + (innerIndent ? ': ' : ':') + v);\n          }\n        }); // Join all of the member texts together, separated with commas,\n        // and wrap them in braces.\n\n        if (partial.length === 0) {\n          v = '{}';\n        } else if (innerIndent) {\n          v = '{\\n' + innerIndent + partial.join(',\\n' + innerIndent) + '\\n' + outerIndent + '}';\n        } else {\n          v = '{' + partial.join(',') + '}';\n        }\n\n        return v;\n      }\n\n    default: // Do nothing\n\n  }\n}; // If the JSON object does not yet have a stringify method, give it one.\n\n\nconst canonicalStringify = (value, options) => {\n  // Make a fake root object containing our value under the key of ''.\n  // Return the result of stringifying the value.\n  const allOptions = Object.assign({\n    indent: '',\n    canonical: false\n  }, options);\n\n  if (allOptions.indent === true) {\n    allOptions.indent = '  ';\n  } else if (typeof allOptions.indent === 'number') {\n    let newIndent = '';\n\n    for (let i = 0; i < allOptions.indent; i++) {\n      newIndent += ' ';\n    }\n\n    allOptions.indent = newIndent;\n  }\n\n  return str('', {\n    '': value\n  }, allOptions.indent, '', allOptions.canonical);\n};\n\nmodule.exportDefault(canonicalStringify);","map":{"version":3,"sources":["packages/ejson/stringify.js"],"names":["quote","string","JSON","stringify","str","key","holder","singleIndent","outerIndent","canonical","value","isFinite","String","innerIndent","partial","v","Array","isArray","hasOwnProperty","call","length","i","join","keys","Object","sort","forEach","k","push","canonicalStringify","options","allOptions","assign","indent","newIndent","module","exportDefault"],"mappings":"AAAA;AACA;AACA;AACA;AACA;AACA;AACA;AACA;AAEA,SAASA,KAAT,CAAeC,MAAf,EAAuB;AACrB,SAAOC,IAAI,CAACC,SAAL,CAAeF,MAAf,CAAP;AACD;;AAED,MAAMG,GAAG,GAAG,CAACC,GAAD,EAAMC,MAAN,EAAcC,YAAd,EAA4BC,WAA5B,EAAyCC,SAAzC,KAAuD;AACjE,QAAMC,KAAK,GAAGJ,MAAM,CAACD,GAAD,CAApB,CADiE,CAGjE;;AACA,UAAQ,OAAOK,KAAf;AACA,SAAK,QAAL;AACE,aAAOV,KAAK,CAACU,KAAD,CAAZ;;AACF,SAAK,QAAL;AACE;AACA,aAAOC,QAAQ,CAACD,KAAD,CAAR,GAAkBE,MAAM,CAACF,KAAD,CAAxB,GAAkC,MAAzC;;AACF,SAAK,SAAL;AACE,aAAOE,MAAM,CAACF,KAAD,CAAb;AACF;AACA;;AACA,SAAK,QAAL;AAAe;AACb;AACA;AACA,YAAI,CAACA,KAAL,EAAY;AACV,iBAAO,MAAP;AACD,SALY,CAMb;AACA;;;AACA,cAAMG,WAAW,GAAGL,WAAW,GAAGD,YAAlC;AACA,cAAMO,OAAO,GAAG,EAAhB;AACA,YAAIC,CAAJ,CAVa,CAYb;;AACA,YAAIC,KAAK,CAACC,OAAN,CAAcP,KAAd,KAAyB,EAAD,CAAKQ,cAAL,CAAoBC,IAApB,CAAyBT,KAAzB,EAAgC,QAAhC,CAA5B,EAAuE;AACrE;AACA;AACA,gBAAMU,MAAM,GAAGV,KAAK,CAACU,MAArB;;AACA,eAAK,IAAIC,CAAC,GAAG,CAAb,EAAgBA,CAAC,GAAGD,MAApB,EAA4BC,CAAC,IAAI,CAAjC,EAAoC;AAClCP,YAAAA,OAAO,CAACO,CAAD,CAAP,GACEjB,GAAG,CAACiB,CAAD,EAAIX,KAAJ,EAAWH,YAAX,EAAyBM,WAAzB,EAAsCJ,SAAtC,CAAH,IAAuD,MADzD;AAED,WAPoE,CASrE;AACA;;;AACA,cAAIK,OAAO,CAACM,MAAR,KAAmB,CAAvB,EAA0B;AACxBL,YAAAA,CAAC,GAAG,IAAJ;AACD,WAFD,MAEO,IAAIF,WAAJ,EAAiB;AACtBE,YAAAA,CAAC,GAAG,QACFF,WADE,GAEFC,OAAO,CAACQ,IAAR,CAAa,QACbT,WADA,CAFE,GAIF,IAJE,GAKFL,WALE,GAMF,GANF;AAOD,WARM,MAQA;AACLO,YAAAA,CAAC,GAAG,MAAMD,OAAO,CAACQ,IAAR,CAAa,GAAb,CAAN,GAA0B,GAA9B;AACD;;AACD,iBAAOP,CAAP;AACD,SAtCY,CAwCb;;;AACA,YAAIQ,IAAI,GAAGC,MAAM,CAACD,IAAP,CAAYb,KAAZ,CAAX;;AACA,YAAID,SAAJ,EAAe;AACbc,UAAAA,IAAI,GAAGA,IAAI,CAACE,IAAL,EAAP;AACD;;AACDF,QAAAA,IAAI,CAACG,OAAL,CAAaC,CAAC,IAAI;AAChBZ,UAAAA,CAAC,GAAGX,GAAG,CAACuB,CAAD,EAAIjB,KAAJ,EAAWH,YAAX,EAAyBM,WAAzB,EAAsCJ,SAAtC,CAAP;;AACA,cAAIM,CAAJ,EAAO;AACLD,YAAAA,OAAO,CAACc,IAAR,CAAa5B,KAAK,CAAC2B,CAAD,CAAL,IAAYd,WAAW,GAAG,IAAH,GAAU,GAAjC,IAAwCE,CAArD;AACD;AACF,SALD,EA7Ca,CAoDb;AACA;;AACA,YAAID,OAAO,CAACM,MAAR,KAAmB,CAAvB,EAA0B;AACxBL,UAAAA,CAAC,GAAG,IAAJ;AACD,SAFD,MAEO,IAAIF,WAAJ,EAAiB;AACtBE,UAAAA,CAAC,GAAG,QACFF,WADE,GAEFC,OAAO,CAACQ,IAAR,CAAa,QACbT,WADA,CAFE,GAIF,IAJE,GAKFL,WALE,GAMF,GANF;AAOD,SARM,MAQA;AACLO,UAAAA,CAAC,GAAG,MAAMD,OAAO,CAACQ,IAAR,CAAa,GAAb,CAAN,GAA0B,GAA9B;AACD;;AACD,eAAOP,CAAP;AACD;;AAED,YAhFA,CAgFS;;AAhFT;AAkFD,CAtFD,C,CAwFA;;;AACA,MAAMc,kBAAkB,GAAG,CAACnB,KAAD,EAAQoB,OAAR,KAAoB;AAC7C;AACA;AACA,QAAMC,UAAU,GAAGP,MAAM,CAACQ,MAAP,CAAc;AAC/BC,IAAAA,MAAM,EAAE,EADuB;AAE/BxB,IAAAA,SAAS,EAAE;AAFoB,GAAd,EAGhBqB,OAHgB,CAAnB;;AAIA,MAAIC,UAAU,CAACE,MAAX,KAAsB,IAA1B,EAAgC;AAC9BF,IAAAA,UAAU,CAACE,MAAX,GAAoB,IAApB;AACD,GAFD,MAEO,IAAI,OAAOF,UAAU,CAACE,MAAlB,KAA6B,QAAjC,EAA2C;AAChD,QAAIC,SAAS,GAAG,EAAhB;;AACA,SAAK,IAAIb,CAAC,GAAG,CAAb,EAAgBA,CAAC,GAAGU,UAAU,CAACE,MAA/B,EAAuCZ,CAAC,EAAxC,EAA4C;AAC1Ca,MAAAA,SAAS,IAAI,GAAb;AACD;;AACDH,IAAAA,UAAU,CAACE,MAAX,GAAoBC,SAApB;AACD;;AACD,SAAO9B,GAAG,CAAC,EAAD,EAAK;AAAC,QAAIM;AAAL,GAAL,EAAkBqB,UAAU,CAACE,MAA7B,EAAqC,EAArC,EAAyCF,UAAU,CAACtB,SAApD,CAAV;AACD,CAjBD;;AAtGA0B,MAAM,CAACC,aAAP,CAyHeP,kBAzHf","sourcesContent":["// Based on json2.js from https://github.com/douglascrockford/JSON-js\n//\n//    json2.js\n//    2012-10-08\n//\n//    Public Domain.\n//\n//    NO WARRANTY EXPRESSED OR IMPLIED. USE AT YOUR OWN RISK.\n\nfunction quote(string) {\n  return JSON.stringify(string);\n}\n\nconst str = (key, holder, singleIndent, outerIndent, canonical) => {\n  const value = holder[key];\n\n  // What happens next depends on the value's type.\n  switch (typeof value) {\n  case 'string':\n    return quote(value);\n  case 'number':\n    // JSON numbers must be finite. Encode non-finite numbers as null.\n    return isFinite(value) ? String(value) : 'null';\n  case 'boolean':\n    return String(value);\n  // If the type is 'object', we might be dealing with an object or an array or\n  // null.\n  case 'object': {\n    // Due to a specification blunder in ECMAScript, typeof null is 'object',\n    // so watch out for that case.\n    if (!value) {\n      return 'null';\n    }\n    // Make an array to hold the partial results of stringifying this object\n    // value.\n    const innerIndent = outerIndent + singleIndent;\n    const partial = [];\n    let v;\n\n    // Is the value an array?\n    if (Array.isArray(value) || ({}).hasOwnProperty.call(value, 'callee')) {\n      // The value is an array. Stringify every element. Use null as a\n      // placeholder for non-JSON values.\n      const length = value.length;\n      for (let i = 0; i < length; i += 1) {\n        partial[i] =\n          str(i, value, singleIndent, innerIndent, canonical) || 'null';\n      }\n\n      // Join all of the elements together, separated with commas, and wrap\n      // them in brackets.\n      if (partial.length === 0) {\n        v = '[]';\n      } else if (innerIndent) {\n        v = '[\\n' +\n          innerIndent +\n          partial.join(',\\n' +\n          innerIndent) +\n          '\\n' +\n          outerIndent +\n          ']';\n      } else {\n        v = '[' + partial.join(',') + ']';\n      }\n      return v;\n    }\n\n    // Iterate through all of the keys in the object.\n    let keys = Object.keys(value);\n    if (canonical) {\n      keys = keys.sort();\n    }\n    keys.forEach(k => {\n      v = str(k, value, singleIndent, innerIndent, canonical);\n      if (v) {\n        partial.push(quote(k) + (innerIndent ? ': ' : ':') + v);\n      }\n    });\n\n    // Join all of the member texts together, separated with commas,\n    // and wrap them in braces.\n    if (partial.length === 0) {\n      v = '{}';\n    } else if (innerIndent) {\n      v = '{\\n' +\n        innerIndent +\n        partial.join(',\\n' +\n        innerIndent) +\n        '\\n' +\n        outerIndent +\n        '}';\n    } else {\n      v = '{' + partial.join(',') + '}';\n    }\n    return v;\n  }\n\n  default: // Do nothing\n  }\n};\n\n// If the JSON object does not yet have a stringify method, give it one.\nconst canonicalStringify = (value, options) => {\n  // Make a fake root object containing our value under the key of ''.\n  // Return the result of stringifying the value.\n  const allOptions = Object.assign({\n    indent: '',\n    canonical: false,\n  }, options);\n  if (allOptions.indent === true) {\n    allOptions.indent = '  ';\n  } else if (typeof allOptions.indent === 'number') {\n    let newIndent = '';\n    for (let i = 0; i < allOptions.indent; i++) {\n      newIndent += ' ';\n    }\n    allOptions.indent = newIndent;\n  }\n  return str('', {'': value}, allOptions.indent, '', allOptions.canonical);\n};\n\nexport default canonicalStringify;\n"]},"sourceType":"module","hash":"92b717fcfe7cd202a8b4833b342722a0b5e23d0c"}
