{"metadata":{},"options":{"compact":false,"sourceMaps":true,"ast":true,"babelrc":false,"configFile":false,"parserOpts":{"sourceType":"module","sourceFileName":"/Users/stefpop/Desktop/repos/withBrandon/crossling_reference/experiments/from-scratch/packages/empirica:core/startup/client/accounts.js","plugins":["*","flow","jsx","asyncGenerators","bigInt","classPrivateMethods","classPrivateProperties","classProperties","doExpressions","dynamicImport","exportDefaultFrom","exportExtensions","exportNamespaceFrom","functionBind","functionSent","importMeta","nullishCoalescingOperator","numericSeparator","objectRestSpread","optionalCatchBinding","optionalChaining",["pipelineOperator",{"proposal":"minimal"}],"throwExpressions","classProperties","classPrivateProperties","jsx","nullishCoalescingOperator","nullishCoalescingOperator","optionalChaining","optionalChaining","optionalCatchBinding","optionalCatchBinding","classProperties","classPrivateProperties","classPrivateMethods","classProperties","classPrivateProperties","asyncGenerators","asyncGenerators","objectRestSpread","objectRestSpread"],"allowImportExportEverywhere":true,"allowReturnOutsideFunction":true,"allowUndeclaredExports":true,"strictMode":false},"caller":{"name":"meteor","arch":"web.browser.legacy"},"sourceFileName":"packages/empirica:core/startup/client/accounts.js","filename":"/Users/stefpop/Desktop/repos/withBrandon/crossling_reference/experiments/from-scratch/packages/empirica:core/startup/client/accounts.js","cloneInputAst":true,"passPerPreset":false,"envName":"development","cwd":"/Users/stefpop/Desktop/repos/withBrandon/crossling_reference/experiments/from-scratch","root":"/Users/stefpop/Desktop/repos/withBrandon/crossling_reference/experiments/from-scratch","plugins":[{"key":"base$0","visitor":{"_exploded":true,"_verified":true},"options":{}},{"key":"base$0$0","visitor":{"Program":{"enter":[null],"exit":[null]},"_exploded":true,"_verified":true},"options":{"avoidModernSyntax":true,"enforceStrictMode":false,"dynamicImport":true}},{"key":"transform-runtime","visitor":{"CallExpression":{"enter":[null]},"BinaryExpression":{"enter":[null]},"MemberExpression":{"enter":[null],"exit":[null]},"_exploded":true,"_verified":true,"Identifier":{"enter":[null]},"JSXIdentifier":{"enter":[null]}},"options":{"version":"7.12.5","helpers":true,"useESModules":false,"corejs":false}},{"key":"proposal-class-properties","visitor":{"PrivateName":{"enter":[null]},"ExportDefaultDeclaration":{"enter":[null]},"_exploded":true,"_verified":true,"ClassExpression":{"enter":[null]},"ClassDeclaration":{"enter":[null]}},"options":{"loose":true}},{"key":"base$0$3","visitor":{"FunctionExpression":{"exit":[null]},"_exploded":true,"_verified":true},"options":{}},{"key":"base$0$4","visitor":{"ForInStatement":{"enter":[null]},"_exploded":true,"_verified":true},"options":{}},{"key":"transform-react-jsx","visitor":{"_exploded":{},"_verified":{},"JSXNamespacedName":{"enter":[null]},"JSXSpreadChild":{"enter":[null]},"Program":{"enter":[null]},"JSXElement":{"exit":[null]},"JSXFragment":{"exit":[null]},"JSXAttribute":{"enter":[null]}},"options":{"pragma":"React.createElement","pragmaFrag":"React.Fragment","runtime":"classic","throwIfNamespace":true,"useBuiltIns":false}},{"key":"transform-react-display-name","visitor":{"ExportDefaultDeclaration":{"enter":[null]},"CallExpression":{"enter":[null]},"_exploded":true,"_verified":true},"options":{}},{"key":"transform-react-pure-annotations","visitor":{"CallExpression":{"enter":[null]},"_exploded":true,"_verified":true},"options":{}},{"key":"syntax-nullish-coalescing-operator","visitor":{"_exploded":true,"_verified":true},"options":{}},{"key":"proposal-nullish-coalescing-operator","visitor":{"_exploded":{},"_verified":{},"LogicalExpression":{"enter":[null]}},"options":{}},{"key":"syntax-optional-chaining","visitor":{"_exploded":true,"_verified":true},"options":{}},{"key":"proposal-optional-chaining","visitor":{"_exploded":{},"_verified":{},"OptionalCallExpression":{"enter":[null]},"OptionalMemberExpression":{"enter":[null]}},"options":{}},{"key":"syntax-optional-catch-binding","visitor":{"_exploded":true,"_verified":true},"options":{}},{"key":"proposal-optional-catch-binding","visitor":{"_exploded":{},"_verified":{},"CatchClause":{"enter":[null]}},"options":{}},{"key":"syntax-class-properties","visitor":{"_exploded":true,"_verified":true},"options":{}},{"key":"proposal-class-properties","visitor":{"PrivateName":{"enter":[null]},"ExportDefaultDeclaration":{"enter":[null]},"_exploded":true,"_verified":true,"ClassExpression":{"enter":[null]},"ClassDeclaration":{"enter":[null]}},"options":{}},{"key":"syntax-async-generators","visitor":{"_exploded":true,"_verified":true},"options":{}},{"key":"proposal-async-generator-functions","visitor":{"_exploded":{},"_verified":{},"Program":{"enter":[null]}},"options":{}},{"key":"syntax-object-rest-spread","visitor":{"_exploded":true,"_verified":true},"options":{}},{"key":"proposal-object-rest-spread","visitor":{"_exploded":{},"_verified":{},"VariableDeclarator":{"enter":[null]},"ExportNamedDeclaration":{"enter":[null]},"CatchClause":{"enter":[null]},"AssignmentExpression":{"enter":[null]},"ArrayPattern":{"enter":[null]},"ObjectExpression":{"enter":[null]},"FunctionDeclaration":{"enter":[null]},"FunctionExpression":{"enter":[null]},"ObjectMethod":{"enter":[null]},"ArrowFunctionExpression":{"enter":[null]},"ClassMethod":{"enter":[null]},"ClassPrivateMethod":{"enter":[null]},"ForInStatement":{"enter":[null]},"ForOfStatement":{"enter":[null]}},"options":{}},{"key":"transform-arrow-functions","visitor":{"ArrowFunctionExpression":{"enter":[null]},"_exploded":true,"_verified":true},"options":{}},{"key":"transform-block-scoped-functions","visitor":{"BlockStatement":{"enter":[null]},"SwitchCase":{"enter":[null]},"_exploded":true,"_verified":true},"options":{}},{"key":"transform-block-scoping","visitor":{"VariableDeclaration":{"enter":[null]},"CatchClause":{"enter":[null]},"_exploded":true,"BlockStatement":{"enter":[null]},"SwitchStatement":{"enter":[null]},"Program":{"enter":[null]},"_verified":true,"DoWhileStatement":{"enter":[null]},"ForInStatement":{"enter":[null]},"ForStatement":{"enter":[null]},"WhileStatement":{"enter":[null]},"ForOfStatement":{"enter":[null]}},"options":{}},{"key":"transform-classes","visitor":{"ExportDefaultDeclaration":{"enter":[null]},"ClassDeclaration":{"enter":[null]},"ClassExpression":{"enter":[null]},"_exploded":true,"_verified":true},"options":{"loose":true}},{"key":"transform-computed-properties","visitor":{"ObjectExpression":{"exit":[null]},"_exploded":true,"_verified":true},"options":{"loose":true}},{"key":"transform-destructuring","visitor":{"ExportNamedDeclaration":{"enter":[null]},"CatchClause":{"enter":[null]},"AssignmentExpression":{"enter":[null]},"VariableDeclaration":{"enter":[null]},"_exploded":true,"_verified":true,"ForInStatement":{"enter":[null]},"ForOfStatement":{"enter":[null]}},"options":{}},{"key":"transform-for-of","visitor":{"ForOfStatement":{"enter":[null]},"_exploded":true,"_verified":true},"options":{"loose":true}},{"key":"transform-literals","visitor":{"NumericLiteral":{"enter":[null]},"StringLiteral":{"enter":[null]},"_exploded":true,"_verified":true},"options":{}},{"key":"transform-object-super","visitor":{"ObjectExpression":{"enter":[null]},"_exploded":true,"_verified":true},"options":{}},{"key":"transform-parameters","visitor":{"_exploded":true,"_verified":true,"FunctionDeclaration":{"enter":[null]},"FunctionExpression":{"enter":[null]},"ObjectMethod":{"enter":[null]},"ArrowFunctionExpression":{"enter":[null]},"ClassMethod":{"enter":[null]},"ClassPrivateMethod":{"enter":[null]}},"options":{}},{"key":"transform-shorthand-properties","visitor":{"ObjectMethod":{"enter":[null]},"ObjectProperty":{"enter":[null]},"_exploded":true,"_verified":true},"options":{}},{"key":"transform-spread","visitor":{"ArrayExpression":{"enter":[null]},"CallExpression":{"enter":[null]},"NewExpression":{"enter":[null]},"_exploded":true,"_verified":true},"options":{}},{"key":"transform-sticky-regex","visitor":{"RegExpLiteral":{"enter":[null]},"_exploded":true,"_verified":true},"options":{}},{"key":"transform-template-literals","visitor":{"TaggedTemplateExpression":{"enter":[null]},"TemplateLiteral":{"enter":[null]},"_exploded":true,"_verified":true},"options":{"loose":true}},{"key":"transform-typeof-symbol","visitor":{"UnaryExpression":{"enter":[null]},"_exploded":true,"_verified":true,"BlockStatement":{"enter":[null]},"CatchClause":{"enter":[null]},"DoWhileStatement":{"enter":[null]},"ForInStatement":{"enter":[null]},"ForStatement":{"enter":[null]},"FunctionDeclaration":{"enter":[null]},"FunctionExpression":{"enter":[null]},"Program":{"enter":[null]},"ObjectMethod":{"enter":[null]},"SwitchStatement":{"enter":[null]},"WhileStatement":{"enter":[null]},"ArrowFunctionExpression":{"enter":[null]},"ClassExpression":{"enter":[null]},"ClassDeclaration":{"enter":[null]},"ForOfStatement":{"enter":[null]},"ClassMethod":{"enter":[null]},"ClassPrivateMethod":{"enter":[null]},"StaticBlock":{"enter":[null]},"TSModuleBlock":{"enter":[null]},"AssignmentPattern":{"enter":[null]},"ArrayPattern":{"enter":[null]},"ObjectPattern":{"enter":[null]}},"options":{}},{"key":"transform-unicode-regex","visitor":{"RegExpLiteral":{"enter":[null]},"_exploded":true,"_verified":true},"options":{}},{"key":"transform-property-literals","visitor":{"ObjectProperty":{"exit":[null]},"_exploded":true,"_verified":true},"options":{}},{"key":"transform-exponentiation-operator","visitor":{"AssignmentExpression":{"enter":[null]},"BinaryExpression":{"enter":[null]},"_exploded":true,"_verified":true},"options":{}},{"key":"regenerator-transform","visitor":{"_exploded":true,"_verified":true,"ObjectMethod":{"enter":[null],"exit":[null]},"ClassMethod":{"enter":[null],"exit":[null]},"ClassPrivateMethod":{"enter":[null],"exit":[null]},"FunctionDeclaration":{"exit":[null]},"FunctionExpression":{"exit":[null]},"ArrowFunctionExpression":{"exit":[null]}},"options":{}}],"presets":[],"generatorOpts":{"filename":"/Users/stefpop/Desktop/repos/withBrandon/crossling_reference/experiments/from-scratch/packages/empirica:core/startup/client/accounts.js","comments":true,"compact":false,"sourceMaps":true,"sourceFileName":"packages/empirica:core/startup/client/accounts.js"}},"code":"// This page work on saving a login token into a cookie for server requests\n// such as data export.\n//\n// Note: this is suboptimal, we are hacking the internals of account:base, but\n// there are no clea ways to integrate with tha Meteor acccount system.\nMeteor.startup(function () {\n  resetToken();\n}); // override Meteor._localStorage methods and resetToken accordingly\n\nvar originalSetItem = Meteor._localStorage.setItem;\n\nMeteor._localStorage.setItem = function (key, value) {\n  if (key === \"Meteor.loginToken\") {\n    Meteor.defer(resetToken);\n  }\n\n  originalSetItem.call(Meteor._localStorage, key, value);\n};\n\nvar originalRemoveItem = Meteor._localStorage.removeItem;\n\nMeteor._localStorage.removeItem = function (key) {\n  if (key === \"Meteor.loginToken\") {\n    Meteor.defer(resetToken);\n  }\n\n  originalRemoveItem.call(Meteor._localStorage, key);\n};\n\nfunction resetToken() {\n  var loginToken = Meteor._localStorage.getItem(\"Meteor.loginToken\");\n\n  var loginTokenExpires = new Date(Meteor._localStorage.getItem(\"Meteor.loginTokenExpires\"));\n\n  if (loginToken) {\n    setToken(loginToken, loginTokenExpires);\n  } else {\n    setToken(null, new Date());\n  }\n}\n\nfunction setToken(loginToken, expires) {\n  document.cookie = \"meteor_login_token=\" + loginToken + \"; expires=\" + expires.toUTCString() + \"; path=/\";\n}","map":{"version":3,"sources":["packages/empirica:core/startup/client/accounts.js"],"names":["Meteor","startup","resetToken","originalSetItem","_localStorage","setItem","key","value","defer","call","originalRemoveItem","removeItem","loginToken","getItem","loginTokenExpires","Date","setToken","expires","document","cookie","toUTCString"],"mappings":"AAAA;AACA;AACA;AACA;AACA;AAEAA,MAAM,CAACC,OAAP,CAAe,YAAM;AACnBC,EAAAA,UAAU;AACX,CAFD,E,CAIA;;AACA,IAAMC,eAAe,GAAGH,MAAM,CAACI,aAAP,CAAqBC,OAA7C;;AACAL,MAAM,CAACI,aAAP,CAAqBC,OAArB,GAA+B,UAASC,GAAT,EAAcC,KAAd,EAAqB;AAClD,MAAID,GAAG,KAAK,mBAAZ,EAAiC;AAC/BN,IAAAA,MAAM,CAACQ,KAAP,CAAaN,UAAb;AACD;;AACDC,EAAAA,eAAe,CAACM,IAAhB,CAAqBT,MAAM,CAACI,aAA5B,EAA2CE,GAA3C,EAAgDC,KAAhD;AACD,CALD;;AAOA,IAAMG,kBAAkB,GAAGV,MAAM,CAACI,aAAP,CAAqBO,UAAhD;;AACAX,MAAM,CAACI,aAAP,CAAqBO,UAArB,GAAkC,UAASL,GAAT,EAAc;AAC9C,MAAIA,GAAG,KAAK,mBAAZ,EAAiC;AAC/BN,IAAAA,MAAM,CAACQ,KAAP,CAAaN,UAAb;AACD;;AACDQ,EAAAA,kBAAkB,CAACD,IAAnB,CAAwBT,MAAM,CAACI,aAA/B,EAA8CE,GAA9C;AACD,CALD;;AAOA,SAASJ,UAAT,GAAsB;AACpB,MAAMU,UAAU,GAAGZ,MAAM,CAACI,aAAP,CAAqBS,OAArB,CAA6B,mBAA7B,CAAnB;;AACA,MAAMC,iBAAiB,GAAG,IAAIC,IAAJ,CACxBf,MAAM,CAACI,aAAP,CAAqBS,OAArB,CAA6B,0BAA7B,CADwB,CAA1B;;AAIA,MAAID,UAAJ,EAAgB;AACdI,IAAAA,QAAQ,CAACJ,UAAD,EAAaE,iBAAb,CAAR;AACD,GAFD,MAEO;AACLE,IAAAA,QAAQ,CAAC,IAAD,EAAO,IAAID,IAAJ,EAAP,CAAR;AACD;AACF;;AAED,SAASC,QAAT,CAAkBJ,UAAlB,EAA8BK,OAA9B,EAAuC;AACrCC,EAAAA,QAAQ,CAACC,MAAT,2BAAwCP,UAAxC,kBAA+DK,OAAO,CAACG,WAAR,EAA/D;AACD","sourcesContent":["// This page work on saving a login token into a cookie for server requests\n// such as data export.\n//\n// Note: this is suboptimal, we are hacking the internals of account:base, but\n// there are no clea ways to integrate with tha Meteor acccount system.\n\nMeteor.startup(() => {\n  resetToken();\n});\n\n// override Meteor._localStorage methods and resetToken accordingly\nconst originalSetItem = Meteor._localStorage.setItem;\nMeteor._localStorage.setItem = function(key, value) {\n  if (key === \"Meteor.loginToken\") {\n    Meteor.defer(resetToken);\n  }\n  originalSetItem.call(Meteor._localStorage, key, value);\n};\n\nconst originalRemoveItem = Meteor._localStorage.removeItem;\nMeteor._localStorage.removeItem = function(key) {\n  if (key === \"Meteor.loginToken\") {\n    Meteor.defer(resetToken);\n  }\n  originalRemoveItem.call(Meteor._localStorage, key);\n};\n\nfunction resetToken() {\n  const loginToken = Meteor._localStorage.getItem(\"Meteor.loginToken\");\n  const loginTokenExpires = new Date(\n    Meteor._localStorage.getItem(\"Meteor.loginTokenExpires\")\n  );\n\n  if (loginToken) {\n    setToken(loginToken, loginTokenExpires);\n  } else {\n    setToken(null, new Date());\n  }\n}\n\nfunction setToken(loginToken, expires) {\n  document.cookie = `meteor_login_token=${loginToken}; expires=${expires.toUTCString()}; path=/`;\n}\n"]},"sourceType":"module","hash":"a6a73aff72264d3a73f5a58f474e512a94a15eba"}
