{"metadata":{},"options":{"compact":false,"sourceMaps":true,"ast":true,"babelrc":false,"configFile":false,"parserOpts":{"sourceType":"module","sourceFileName":"/Users/stefpop/Desktop/repos/withBrandon/crossling_reference/experiments/from-scratch/packages/empirica:core/ui/components/admin/AdminTreatments.jsx","plugins":["*","flow","jsx","asyncGenerators","bigInt","classPrivateMethods","classPrivateProperties","classProperties","doExpressions","dynamicImport","exportDefaultFrom","exportExtensions","exportNamespaceFrom","functionBind","functionSent","importMeta","nullishCoalescingOperator","numericSeparator","objectRestSpread","optionalCatchBinding","optionalChaining",["pipelineOperator",{"proposal":"minimal"}],"throwExpressions","classProperties","classPrivateProperties","jsx","nullishCoalescingOperator","nullishCoalescingOperator","optionalChaining","optionalChaining","optionalCatchBinding","optionalCatchBinding","classProperties","classPrivateProperties","classPrivateMethods","classProperties","classPrivateProperties","asyncGenerators","asyncGenerators","objectRestSpread","objectRestSpread"],"allowImportExportEverywhere":true,"allowReturnOutsideFunction":true,"allowUndeclaredExports":true,"strictMode":false},"caller":{"name":"meteor","arch":"web.browser.legacy"},"sourceFileName":"packages/empirica:core/ui/components/admin/AdminTreatments.jsx","filename":"/Users/stefpop/Desktop/repos/withBrandon/crossling_reference/experiments/from-scratch/packages/empirica:core/ui/components/admin/AdminTreatments.jsx","cloneInputAst":true,"passPerPreset":false,"envName":"development","cwd":"/Users/stefpop/Desktop/repos/withBrandon/crossling_reference/experiments/from-scratch","root":"/Users/stefpop/Desktop/repos/withBrandon/crossling_reference/experiments/from-scratch","plugins":[{"key":"base$0","visitor":{"_exploded":true,"_verified":true},"options":{}},{"key":"base$0$0","visitor":{"Program":{"enter":[null],"exit":[null]},"_exploded":true,"_verified":true},"options":{"avoidModernSyntax":true,"enforceStrictMode":false,"dynamicImport":true}},{"key":"transform-runtime","visitor":{"CallExpression":{"enter":[null]},"BinaryExpression":{"enter":[null]},"MemberExpression":{"enter":[null],"exit":[null]},"_exploded":true,"_verified":true,"Identifier":{"enter":[null]},"JSXIdentifier":{"enter":[null]}},"options":{"version":"7.12.5","helpers":true,"useESModules":false,"corejs":false}},{"key":"proposal-class-properties","visitor":{"PrivateName":{"enter":[null]},"ExportDefaultDeclaration":{"enter":[null]},"_exploded":true,"_verified":true,"ClassExpression":{"enter":[null]},"ClassDeclaration":{"enter":[null]}},"options":{"loose":true}},{"key":"base$0$3","visitor":{"FunctionExpression":{"exit":[null]},"_exploded":true,"_verified":true},"options":{}},{"key":"base$0$4","visitor":{"ForInStatement":{"enter":[null]},"_exploded":true,"_verified":true},"options":{}},{"key":"transform-react-jsx","visitor":{"_exploded":{},"_verified":{},"JSXNamespacedName":{"enter":[null]},"JSXSpreadChild":{"enter":[null]},"Program":{"enter":[null]},"JSXElement":{"exit":[null]},"JSXFragment":{"exit":[null]},"JSXAttribute":{"enter":[null]}},"options":{"pragma":"React.createElement","pragmaFrag":"React.Fragment","runtime":"classic","throwIfNamespace":true,"useBuiltIns":false}},{"key":"transform-react-display-name","visitor":{"ExportDefaultDeclaration":{"enter":[null]},"CallExpression":{"enter":[null]},"_exploded":true,"_verified":true},"options":{}},{"key":"transform-react-pure-annotations","visitor":{"CallExpression":{"enter":[null]},"_exploded":true,"_verified":true},"options":{}},{"key":"syntax-nullish-coalescing-operator","visitor":{"_exploded":true,"_verified":true},"options":{}},{"key":"proposal-nullish-coalescing-operator","visitor":{"_exploded":{},"_verified":{},"LogicalExpression":{"enter":[null]}},"options":{}},{"key":"syntax-optional-chaining","visitor":{"_exploded":true,"_verified":true},"options":{}},{"key":"proposal-optional-chaining","visitor":{"_exploded":{},"_verified":{},"OptionalCallExpression":{"enter":[null]},"OptionalMemberExpression":{"enter":[null]}},"options":{}},{"key":"syntax-optional-catch-binding","visitor":{"_exploded":true,"_verified":true},"options":{}},{"key":"proposal-optional-catch-binding","visitor":{"_exploded":{},"_verified":{},"CatchClause":{"enter":[null]}},"options":{}},{"key":"syntax-class-properties","visitor":{"_exploded":true,"_verified":true},"options":{}},{"key":"proposal-class-properties","visitor":{"PrivateName":{"enter":[null]},"ExportDefaultDeclaration":{"enter":[null]},"_exploded":true,"_verified":true,"ClassExpression":{"enter":[null]},"ClassDeclaration":{"enter":[null]}},"options":{}},{"key":"syntax-async-generators","visitor":{"_exploded":true,"_verified":true},"options":{}},{"key":"proposal-async-generator-functions","visitor":{"_exploded":{},"_verified":{},"Program":{"enter":[null]}},"options":{}},{"key":"syntax-object-rest-spread","visitor":{"_exploded":true,"_verified":true},"options":{}},{"key":"proposal-object-rest-spread","visitor":{"_exploded":{},"_verified":{},"VariableDeclarator":{"enter":[null]},"ExportNamedDeclaration":{"enter":[null]},"CatchClause":{"enter":[null]},"AssignmentExpression":{"enter":[null]},"ArrayPattern":{"enter":[null]},"ObjectExpression":{"enter":[null]},"FunctionDeclaration":{"enter":[null]},"FunctionExpression":{"enter":[null]},"ObjectMethod":{"enter":[null]},"ArrowFunctionExpression":{"enter":[null]},"ClassMethod":{"enter":[null]},"ClassPrivateMethod":{"enter":[null]},"ForInStatement":{"enter":[null]},"ForOfStatement":{"enter":[null]}},"options":{}},{"key":"transform-arrow-functions","visitor":{"ArrowFunctionExpression":{"enter":[null]},"_exploded":true,"_verified":true},"options":{}},{"key":"transform-block-scoped-functions","visitor":{"BlockStatement":{"enter":[null]},"SwitchCase":{"enter":[null]},"_exploded":true,"_verified":true},"options":{}},{"key":"transform-block-scoping","visitor":{"VariableDeclaration":{"enter":[null]},"CatchClause":{"enter":[null]},"_exploded":true,"BlockStatement":{"enter":[null]},"SwitchStatement":{"enter":[null]},"Program":{"enter":[null]},"_verified":true,"DoWhileStatement":{"enter":[null]},"ForInStatement":{"enter":[null]},"ForStatement":{"enter":[null]},"WhileStatement":{"enter":[null]},"ForOfStatement":{"enter":[null]}},"options":{}},{"key":"transform-classes","visitor":{"ExportDefaultDeclaration":{"enter":[null]},"ClassDeclaration":{"enter":[null]},"ClassExpression":{"enter":[null]},"_exploded":true,"_verified":true},"options":{"loose":true}},{"key":"transform-computed-properties","visitor":{"ObjectExpression":{"exit":[null]},"_exploded":true,"_verified":true},"options":{"loose":true}},{"key":"transform-destructuring","visitor":{"ExportNamedDeclaration":{"enter":[null]},"CatchClause":{"enter":[null]},"AssignmentExpression":{"enter":[null]},"VariableDeclaration":{"enter":[null]},"_exploded":true,"_verified":true,"ForInStatement":{"enter":[null]},"ForOfStatement":{"enter":[null]}},"options":{}},{"key":"transform-for-of","visitor":{"ForOfStatement":{"enter":[null]},"_exploded":true,"_verified":true},"options":{"loose":true}},{"key":"transform-literals","visitor":{"NumericLiteral":{"enter":[null]},"StringLiteral":{"enter":[null]},"_exploded":true,"_verified":true},"options":{}},{"key":"transform-object-super","visitor":{"ObjectExpression":{"enter":[null]},"_exploded":true,"_verified":true},"options":{}},{"key":"transform-parameters","visitor":{"_exploded":true,"_verified":true,"FunctionDeclaration":{"enter":[null]},"FunctionExpression":{"enter":[null]},"ObjectMethod":{"enter":[null]},"ArrowFunctionExpression":{"enter":[null]},"ClassMethod":{"enter":[null]},"ClassPrivateMethod":{"enter":[null]}},"options":{}},{"key":"transform-shorthand-properties","visitor":{"ObjectMethod":{"enter":[null]},"ObjectProperty":{"enter":[null]},"_exploded":true,"_verified":true},"options":{}},{"key":"transform-spread","visitor":{"ArrayExpression":{"enter":[null]},"CallExpression":{"enter":[null]},"NewExpression":{"enter":[null]},"_exploded":true,"_verified":true},"options":{}},{"key":"transform-sticky-regex","visitor":{"RegExpLiteral":{"enter":[null]},"_exploded":true,"_verified":true},"options":{}},{"key":"transform-template-literals","visitor":{"TaggedTemplateExpression":{"enter":[null]},"TemplateLiteral":{"enter":[null]},"_exploded":true,"_verified":true},"options":{"loose":true}},{"key":"transform-typeof-symbol","visitor":{"UnaryExpression":{"enter":[null]},"_exploded":true,"_verified":true,"BlockStatement":{"enter":[null]},"CatchClause":{"enter":[null]},"DoWhileStatement":{"enter":[null]},"ForInStatement":{"enter":[null]},"ForStatement":{"enter":[null]},"FunctionDeclaration":{"enter":[null]},"FunctionExpression":{"enter":[null]},"Program":{"enter":[null]},"ObjectMethod":{"enter":[null]},"SwitchStatement":{"enter":[null]},"WhileStatement":{"enter":[null]},"ArrowFunctionExpression":{"enter":[null]},"ClassExpression":{"enter":[null]},"ClassDeclaration":{"enter":[null]},"ForOfStatement":{"enter":[null]},"ClassMethod":{"enter":[null]},"ClassPrivateMethod":{"enter":[null]},"StaticBlock":{"enter":[null]},"TSModuleBlock":{"enter":[null]},"AssignmentPattern":{"enter":[null]},"ArrayPattern":{"enter":[null]},"ObjectPattern":{"enter":[null]}},"options":{}},{"key":"transform-unicode-regex","visitor":{"RegExpLiteral":{"enter":[null]},"_exploded":true,"_verified":true},"options":{}},{"key":"transform-property-literals","visitor":{"ObjectProperty":{"exit":[null]},"_exploded":true,"_verified":true},"options":{}},{"key":"transform-exponentiation-operator","visitor":{"AssignmentExpression":{"enter":[null]},"BinaryExpression":{"enter":[null]},"_exploded":true,"_verified":true},"options":{}},{"key":"regenerator-transform","visitor":{"_exploded":true,"_verified":true,"ObjectMethod":{"enter":[null],"exit":[null]},"ClassMethod":{"enter":[null],"exit":[null]},"ClassPrivateMethod":{"enter":[null],"exit":[null]},"FunctionDeclaration":{"exit":[null]},"FunctionExpression":{"exit":[null]},"ArrowFunctionExpression":{"exit":[null]}},"options":{}}],"presets":[],"generatorOpts":{"filename":"/Users/stefpop/Desktop/repos/withBrandon/crossling_reference/experiments/from-scratch/packages/empirica:core/ui/components/admin/AdminTreatments.jsx","comments":true,"compact":false,"sourceMaps":true,"sourceFileName":"packages/empirica:core/ui/components/admin/AdminTreatments.jsx"}},"code":"var _inheritsLoose;\n\nmodule.link(\"@babel/runtime/helpers/inheritsLoose\", {\n  default: function (v) {\n    _inheritsLoose = v;\n  }\n}, 0);\nmodule.export({\n  \"default\": function () {\n    return AdminTreatments;\n  }\n});\nvar React;\nmodule.link(\"react\", {\n  \"default\": function (v) {\n    React = v;\n  }\n}, 0);\nvar Link;\nmodule.link(\"react-router-dom\", {\n  Link: function (v) {\n    Link = v;\n  }\n}, 1);\nvar Button, HTMLTable, Icon;\nmodule.link(\"@blueprintjs/core\", {\n  Button: function (v) {\n    Button = v;\n  },\n  HTMLTable: function (v) {\n    HTMLTable = v;\n  },\n  Icon: function (v) {\n    Icon = v;\n  }\n}, 2);\nvar IconNames;\nmodule.link(\"@blueprintjs/icons\", {\n  IconNames: function (v) {\n    IconNames = v;\n  }\n}, 3);\nvar AdminPageHeader;\nmodule.link(\"./AdminHeading.jsx\", {\n  AdminPageHeader: function (v) {\n    AdminPageHeader = v;\n  }\n}, 4);\nvar AdminNewTreatment;\nmodule.link(\"./AdminNewTreatment.jsx\", {\n  \"default\": function (v) {\n    AdminNewTreatment = v;\n  }\n}, 5);\nvar AdminTreatment;\nmodule.link(\"./AdminTreatment.jsx\", {\n  \"default\": function (v) {\n    AdminTreatment = v;\n  }\n}, 6);\nvar Loading;\nmodule.link(\"../Loading.jsx\", {\n  \"default\": function (v) {\n    Loading = v;\n  }\n}, 7);\n\nvar AdminTreatments = /*#__PURE__*/function (_React$Component) {\n  _inheritsLoose(AdminTreatments, _React$Component);\n\n  function AdminTreatments() {\n    var _this;\n\n    for (var _len = arguments.length, args = new Array(_len), _key = 0; _key < _len; _key++) {\n      args[_key] = arguments[_key];\n    }\n\n    _this = _React$Component.call.apply(_React$Component, [this].concat(args)) || this;\n    _this.state = {\n      newTreatmentIsOpen: false\n    };\n    return _this;\n  }\n\n  var _proto = AdminTreatments.prototype;\n\n  _proto.render = function () {\n    function render() {\n      var _this2 = this;\n\n      var _this$props = this.props,\n          loading = _this$props.loading,\n          treatments = _this$props.treatments,\n          factors = _this$props.factors,\n          factorTypes = _this$props.factorTypes,\n          archived = _this$props.archived;\n\n      if (loading) {\n        return /*#__PURE__*/React.createElement(Loading, null);\n      }\n\n      return /*#__PURE__*/React.createElement(\"div\", {\n        className: \"treatments\"\n      }, /*#__PURE__*/React.createElement(AdminPageHeader, {\n        icon: IconNames.PROPERTIES\n      }, archived ? \"Archived Treatments\" : \"Treatments\"), treatments.length === 0 ? /*#__PURE__*/React.createElement(\"p\", null, archived ? \"No archived treatments.\" : \"No treatments yet, create some bellow.\") : /*#__PURE__*/React.createElement(HTMLTable, {\n        striped: true\n      }, /*#__PURE__*/React.createElement(\"thead\", null, /*#__PURE__*/React.createElement(\"tr\", null, /*#__PURE__*/React.createElement(\"th\", null, \"Name\"), factorTypes.map(function (type) {\n        return /*#__PURE__*/React.createElement(\"th\", {\n          key: type._id\n        }, /*#__PURE__*/React.createElement(\"em\", {\n          label: type.description\n        }, type.name));\n      }), /*#__PURE__*/React.createElement(\"th\", null))), /*#__PURE__*/React.createElement(\"tbody\", null, _.map(treatments, function (treatment) {\n        return /*#__PURE__*/React.createElement(AdminTreatment, {\n          key: treatment._id,\n          treatment: treatment,\n          factorTypes: factorTypes,\n          archived: archived\n        });\n      }))), archived ? /*#__PURE__*/React.createElement(\"p\", null, /*#__PURE__*/React.createElement(\"br\", null), /*#__PURE__*/React.createElement(Link, {\n        to: \"/admin/treatments\"\n      }, \"Back to Active Treatments\")) : /*#__PURE__*/React.createElement(React.Fragment, null, /*#__PURE__*/React.createElement(\"br\", null), /*#__PURE__*/React.createElement(Button, {\n        text: \"New Treatment\",\n        onClick: function () {\n          return _this2.setState({\n            newTreatmentIsOpen: true\n          });\n        }\n      }), /*#__PURE__*/React.createElement(AdminNewTreatment, {\n        factors: factors,\n        factorTypes: factorTypes,\n        onClose: function () {\n          return _this2.setState({\n            newTreatmentIsOpen: false\n          });\n        },\n        isOpen: this.state.newTreatmentIsOpen\n      }), /*#__PURE__*/React.createElement(\"p\", null, /*#__PURE__*/React.createElement(\"br\", null), /*#__PURE__*/React.createElement(Link, {\n        to: \"/admin/treatments/archived\"\n      }, \"View Archived Treatments\"))));\n    }\n\n    return render;\n  }();\n\n  return AdminTreatments;\n}(React.Component);","map":{"version":3,"sources":["packages/empirica:core/ui/components/admin/AdminTreatments.jsx"],"names":["_inheritsLoose","module","link","default","v","export","AdminTreatments","React","Link","Button","HTMLTable","Icon","IconNames","AdminPageHeader","AdminNewTreatment","AdminTreatment","Loading","state","newTreatmentIsOpen","render","props","loading","treatments","factors","factorTypes","archived","PROPERTIES","length","map","type","_id","description","name","_","treatment","setState","Component"],"mappings":"AAAA,IAAIA,cAAJ;;AAAmBC,MAAM,CAACC,IAAP,CAAY,sCAAZ,EAAmD;AAACC,EAAAA,OAAO,EAAC,UAASC,CAAT,EAAW;AAACJ,IAAAA,cAAc,GAACI,CAAf;AAAiB;AAAtC,CAAnD,EAA2F,CAA3F;AAAnBH,MAAM,CAACI,MAAP,CAAc;AAAC,aAAQ,YAAU;AAAC,WAAOC,eAAP;AAAuB;AAA3C,CAAd;AAA4D,IAAIC,KAAJ;AAAUN,MAAM,CAACC,IAAP,CAAY,OAAZ,EAAoB;AAAC,aAAQ,UAASE,CAAT,EAAW;AAACG,IAAAA,KAAK,GAACH,CAAN;AAAQ;AAA7B,CAApB,EAAmD,CAAnD;AAAsD,IAAII,IAAJ;AAASP,MAAM,CAACC,IAAP,CAAY,kBAAZ,EAA+B;AAACM,EAAAA,IAAI,EAAC,UAASJ,CAAT,EAAW;AAACI,IAAAA,IAAI,GAACJ,CAAL;AAAO;AAAzB,CAA/B,EAA0D,CAA1D;AAA6D,IAAIK,MAAJ,EAAWC,SAAX,EAAqBC,IAArB;AAA0BV,MAAM,CAACC,IAAP,CAAY,mBAAZ,EAAgC;AAACO,EAAAA,MAAM,EAAC,UAASL,CAAT,EAAW;AAACK,IAAAA,MAAM,GAACL,CAAP;AAAS,GAA7B;AAA8BM,EAAAA,SAAS,EAAC,UAASN,CAAT,EAAW;AAACM,IAAAA,SAAS,GAACN,CAAV;AAAY,GAAhE;AAAiEO,EAAAA,IAAI,EAAC,UAASP,CAAT,EAAW;AAACO,IAAAA,IAAI,GAACP,CAAL;AAAO;AAAzF,CAAhC,EAA2H,CAA3H;AAA8H,IAAIQ,SAAJ;AAAcX,MAAM,CAACC,IAAP,CAAY,oBAAZ,EAAiC;AAACU,EAAAA,SAAS,EAAC,UAASR,CAAT,EAAW;AAACQ,IAAAA,SAAS,GAACR,CAAV;AAAY;AAAnC,CAAjC,EAAsE,CAAtE;AAAyE,IAAIS,eAAJ;AAAoBZ,MAAM,CAACC,IAAP,CAAY,oBAAZ,EAAiC;AAACW,EAAAA,eAAe,EAAC,UAAST,CAAT,EAAW;AAACS,IAAAA,eAAe,GAACT,CAAhB;AAAkB;AAA/C,CAAjC,EAAkF,CAAlF;AAAqF,IAAIU,iBAAJ;AAAsBb,MAAM,CAACC,IAAP,CAAY,yBAAZ,EAAsC;AAAC,aAAQ,UAASE,CAAT,EAAW;AAACU,IAAAA,iBAAiB,GAACV,CAAlB;AAAoB;AAAzC,CAAtC,EAAiF,CAAjF;AAAoF,IAAIW,cAAJ;AAAmBd,MAAM,CAACC,IAAP,CAAY,sBAAZ,EAAmC;AAAC,aAAQ,UAASE,CAAT,EAAW;AAACW,IAAAA,cAAc,GAACX,CAAf;AAAiB;AAAtC,CAAnC,EAA2E,CAA3E;AAA8E,IAAIY,OAAJ;AAAYf,MAAM,CAACC,IAAP,CAAY,gBAAZ,EAA6B;AAAC,aAAQ,UAASE,CAAT,EAAW;AAACY,IAAAA,OAAO,GAACZ,CAAR;AAAU;AAA/B,CAA7B,EAA8D,CAA9D;;IAW5tBE,e;;;;;;;;;;;UACnBW,K,GAAQ;AAAEC,MAAAA,kBAAkB,EAAE;AAAtB,K;;;;;;SAERC,M;AAAA,sBAAS;AAAA;;AAAA,wBACyD,KAAKC,KAD9D;AAAA,UACCC,OADD,eACCA,OADD;AAAA,UACUC,UADV,eACUA,UADV;AAAA,UACsBC,OADtB,eACsBA,OADtB;AAAA,UAC+BC,WAD/B,eAC+BA,WAD/B;AAAA,UAC4CC,QAD5C,eAC4CA,QAD5C;;AAGP,UAAIJ,OAAJ,EAAa;AACX,4BAAO,oBAAC,OAAD,OAAP;AACD;;AAED,0BACE;AAAK,QAAA,SAAS,EAAC;AAAf,sBACE,oBAAC,eAAD;AAAiB,QAAA,IAAI,EAAET,SAAS,CAACc;AAAjC,SACGD,QAAQ,GAAG,qBAAH,GAA2B,YADtC,CADF,EAKGH,UAAU,CAACK,MAAX,KAAsB,CAAtB,gBACC,+BACGF,QAAQ,GACL,yBADK,GAEL,wCAHN,CADD,gBAOC,oBAAC,SAAD;AAAW,QAAA,OAAO;AAAlB,sBACE,gDACE,6CACE,uCADF,EAEGD,WAAW,CAACI,GAAZ,CAAgB,UAAAC,IAAI;AAAA,4BACnB;AAAI,UAAA,GAAG,EAAEA,IAAI,CAACC;AAAd,wBACE;AAAI,UAAA,KAAK,EAAED,IAAI,CAACE;AAAhB,WAA8BF,IAAI,CAACG,IAAnC,CADF,CADmB;AAAA,OAApB,CAFH,eAOE,+BAPF,CADF,CADF,eAYE,mCACGC,CAAC,CAACL,GAAF,CAAMN,UAAN,EAAkB,UAAAY,SAAS;AAAA,4BAC1B,oBAAC,cAAD;AACE,UAAA,GAAG,EAAEA,SAAS,CAACJ,GADjB;AAEE,UAAA,SAAS,EAAEI,SAFb;AAGE,UAAA,WAAW,EAAEV,WAHf;AAIE,UAAA,QAAQ,EAAEC;AAJZ,UAD0B;AAAA,OAA3B,CADH,CAZF,CAZJ,EAqCGA,QAAQ,gBACP,4CACE,+BADF,eAEE,oBAAC,IAAD;AAAM,QAAA,EAAE,EAAC;AAAT,qCAFF,CADO,gBAMP,uDACE,+BADF,eAGE,oBAAC,MAAD;AACE,QAAA,IAAI,EAAC,eADP;AAEE,QAAA,OAAO,EAAE;AAAA,iBAAM,MAAI,CAACU,QAAL,CAAc;AAAEjB,YAAAA,kBAAkB,EAAE;AAAtB,WAAd,CAAN;AAAA;AAFX,QAHF,eAQE,oBAAC,iBAAD;AACE,QAAA,OAAO,EAAEK,OADX;AAEE,QAAA,WAAW,EAAEC,WAFf;AAGE,QAAA,OAAO,EAAE;AAAA,iBAAM,MAAI,CAACW,QAAL,CAAc;AAAEjB,YAAAA,kBAAkB,EAAE;AAAtB,WAAd,CAAN;AAAA,SAHX;AAIE,QAAA,MAAM,EAAE,KAAKD,KAAL,CAAWC;AAJrB,QARF,eAeE,4CACE,+BADF,eAEE,oBAAC,IAAD;AAAM,QAAA,EAAE,EAAC;AAAT,oCAFF,CAfF,CA3CJ,CADF;AAqED;;;;;;EA/E0CX,KAAK,CAAC6B,S","sourcesContent":["import React from \"react\";\nimport { Link } from \"react-router-dom\";\n\nimport { Button, HTMLTable, Icon } from \"@blueprintjs/core\";\nimport { IconNames } from \"@blueprintjs/icons\";\n\nimport { AdminPageHeader } from \"./AdminHeading.jsx\";\nimport AdminNewTreatment from \"./AdminNewTreatment.jsx\";\nimport AdminTreatment from \"./AdminTreatment.jsx\";\nimport Loading from \"../Loading.jsx\";\n\nexport default class AdminTreatments extends React.Component {\n  state = { newTreatmentIsOpen: false };\n\n  render() {\n    const { loading, treatments, factors, factorTypes, archived } = this.props;\n\n    if (loading) {\n      return <Loading />;\n    }\n\n    return (\n      <div className=\"treatments\">\n        <AdminPageHeader icon={IconNames.PROPERTIES}>\n          {archived ? \"Archived Treatments\" : \"Treatments\"}\n        </AdminPageHeader>\n\n        {treatments.length === 0 ? (\n          <p>\n            {archived\n              ? \"No archived treatments.\"\n              : \"No treatments yet, create some bellow.\"}\n          </p>\n        ) : (\n          <HTMLTable striped>\n            <thead>\n              <tr>\n                <th>Name</th>\n                {factorTypes.map(type => (\n                  <th key={type._id}>\n                    <em label={type.description}>{type.name}</em>\n                  </th>\n                ))}\n                <th />\n              </tr>\n            </thead>\n            <tbody>\n              {_.map(treatments, treatment => (\n                <AdminTreatment\n                  key={treatment._id}\n                  treatment={treatment}\n                  factorTypes={factorTypes}\n                  archived={archived}\n                />\n              ))}\n            </tbody>\n          </HTMLTable>\n        )}\n\n        {archived ? (\n          <p>\n            <br />\n            <Link to=\"/admin/treatments\">Back to Active Treatments</Link>\n          </p>\n        ) : (\n          <>\n            <br />\n\n            <Button\n              text=\"New Treatment\"\n              onClick={() => this.setState({ newTreatmentIsOpen: true })}\n            />\n\n            <AdminNewTreatment\n              factors={factors}\n              factorTypes={factorTypes}\n              onClose={() => this.setState({ newTreatmentIsOpen: false })}\n              isOpen={this.state.newTreatmentIsOpen}\n            />\n\n            <p>\n              <br />\n              <Link to=\"/admin/treatments/archived\">\n                View Archived Treatments\n              </Link>\n            </p>\n          </>\n        )}\n      </div>\n    );\n  }\n}\n"]},"sourceType":"module","hash":"aad36999eed1998d9548662cc195061b7cbf863c"}
