{"metadata":{},"options":{"compact":false,"sourceMaps":true,"ast":true,"babelrc":false,"configFile":false,"parserOpts":{"sourceType":"module","sourceFileName":"/Users/stefpop/Desktop/repos/withBrandon/crossling_reference/experiments/from-scratch/packages/empirica:core/api/player-logs/player-logs.js","plugins":["*","flow","jsx","asyncGenerators","bigInt","classPrivateMethods","classPrivateProperties","classProperties","doExpressions","dynamicImport","exportDefaultFrom","exportExtensions","exportNamespaceFrom","functionBind","functionSent","importMeta","nullishCoalescingOperator","numericSeparator","objectRestSpread","optionalCatchBinding","optionalChaining",["pipelineOperator",{"proposal":"minimal"}],"throwExpressions","classProperties","classPrivateProperties","jsx","nullishCoalescingOperator","nullishCoalescingOperator","optionalChaining","optionalChaining","optionalCatchBinding","optionalCatchBinding","classProperties","classPrivateProperties","classPrivateMethods","classProperties","classPrivateProperties","asyncGenerators","asyncGenerators","objectRestSpread","objectRestSpread"],"allowImportExportEverywhere":true,"allowReturnOutsideFunction":true,"allowUndeclaredExports":true,"strictMode":false},"caller":{"name":"meteor","arch":"web.browser"},"sourceFileName":"packages/empirica:core/api/player-logs/player-logs.js","filename":"/Users/stefpop/Desktop/repos/withBrandon/crossling_reference/experiments/from-scratch/packages/empirica:core/api/player-logs/player-logs.js","cloneInputAst":true,"passPerPreset":false,"envName":"development","cwd":"/Users/stefpop/Desktop/repos/withBrandon/crossling_reference/experiments/from-scratch","root":"/Users/stefpop/Desktop/repos/withBrandon/crossling_reference/experiments/from-scratch","plugins":[{"key":"base$0","visitor":{"_exploded":true,"_verified":true},"options":{}},{"key":"base$0$0","visitor":{"Program":{"enter":[null],"exit":[null]},"_exploded":true,"_verified":true},"options":{"avoidModernSyntax":false,"enforceStrictMode":false,"dynamicImport":true,"generateLetDeclarations":true}},{"key":"transform-runtime","visitor":{"CallExpression":{"enter":[null]},"BinaryExpression":{"enter":[null]},"MemberExpression":{"enter":[null],"exit":[null]},"_exploded":true,"_verified":true,"Identifier":{"enter":[null]},"JSXIdentifier":{"enter":[null]}},"options":{"version":"7.12.5","helpers":true,"useESModules":false,"corejs":false}},{"key":"proposal-class-properties","visitor":{"PrivateName":{"enter":[null]},"ExportDefaultDeclaration":{"enter":[null]},"_exploded":true,"_verified":true,"ClassExpression":{"enter":[null]},"ClassDeclaration":{"enter":[null]}},"options":{"loose":true}},{"key":"transform-react-jsx","visitor":{"_exploded":{},"_verified":{},"JSXNamespacedName":{"enter":[null]},"JSXSpreadChild":{"enter":[null]},"Program":{"enter":[null]},"JSXElement":{"exit":[null]},"JSXFragment":{"exit":[null]},"JSXAttribute":{"enter":[null]}},"options":{"pragma":"React.createElement","pragmaFrag":"React.Fragment","runtime":"classic","throwIfNamespace":true,"useBuiltIns":false}},{"key":"transform-react-display-name","visitor":{"ExportDefaultDeclaration":{"enter":[null]},"CallExpression":{"enter":[null]},"_exploded":true,"_verified":true},"options":{}},{"key":"transform-react-pure-annotations","visitor":{"CallExpression":{"enter":[null]},"_exploded":true,"_verified":true},"options":{}},{"key":"syntax-nullish-coalescing-operator","visitor":{"_exploded":true,"_verified":true},"options":{}},{"key":"proposal-nullish-coalescing-operator","visitor":{"_exploded":{},"_verified":{},"LogicalExpression":{"enter":[null]}},"options":{}},{"key":"syntax-optional-chaining","visitor":{"_exploded":true,"_verified":true},"options":{}},{"key":"proposal-optional-chaining","visitor":{"_exploded":{},"_verified":{},"OptionalCallExpression":{"enter":[null]},"OptionalMemberExpression":{"enter":[null]}},"options":{}},{"key":"syntax-optional-catch-binding","visitor":{"_exploded":true,"_verified":true},"options":{}},{"key":"proposal-optional-catch-binding","visitor":{"_exploded":{},"_verified":{},"CatchClause":{"enter":[null]}},"options":{}},{"key":"syntax-class-properties","visitor":{"_exploded":true,"_verified":true},"options":{}},{"key":"proposal-class-properties","visitor":{"PrivateName":{"enter":[null]},"ExportDefaultDeclaration":{"enter":[null]},"_exploded":true,"_verified":true,"ClassExpression":{"enter":[null]},"ClassDeclaration":{"enter":[null]}},"options":{}},{"key":"syntax-async-generators","visitor":{"_exploded":true,"_verified":true},"options":{}},{"key":"proposal-async-generator-functions","visitor":{"_exploded":{},"_verified":{},"Program":{"enter":[null]}},"options":{}},{"key":"syntax-object-rest-spread","visitor":{"_exploded":true,"_verified":true},"options":{}},{"key":"proposal-object-rest-spread","visitor":{"_exploded":{},"_verified":{},"VariableDeclarator":{"enter":[null]},"ExportNamedDeclaration":{"enter":[null]},"CatchClause":{"enter":[null]},"AssignmentExpression":{"enter":[null]},"ArrayPattern":{"enter":[null]},"ObjectExpression":{"enter":[null]},"FunctionDeclaration":{"enter":[null]},"FunctionExpression":{"enter":[null]},"ObjectMethod":{"enter":[null]},"ArrowFunctionExpression":{"enter":[null]},"ClassMethod":{"enter":[null]},"ClassPrivateMethod":{"enter":[null]},"ForInStatement":{"enter":[null]},"ForOfStatement":{"enter":[null]}},"options":{}},{"key":"transform-literals","visitor":{"NumericLiteral":{"enter":[null]},"StringLiteral":{"enter":[null]},"_exploded":true,"_verified":true},"options":{}},{"key":"transform-template-literals","visitor":{"TaggedTemplateExpression":{"enter":[null]},"TemplateLiteral":{"enter":[null]},"_exploded":true,"_verified":true},"options":{}},{"key":"transform-parameters","visitor":{"_exploded":true,"_verified":true,"FunctionDeclaration":{"enter":[null]},"FunctionExpression":{"enter":[null]},"ObjectMethod":{"enter":[null]},"ArrowFunctionExpression":{"enter":[null]},"ClassMethod":{"enter":[null]},"ClassPrivateMethod":{"enter":[null]}},"options":{}},{"key":"transform-exponentiation-operator","visitor":{"AssignmentExpression":{"enter":[null]},"BinaryExpression":{"enter":[null]},"_exploded":true,"_verified":true},"options":{}}],"presets":[],"generatorOpts":{"filename":"/Users/stefpop/Desktop/repos/withBrandon/crossling_reference/experiments/from-scratch/packages/empirica:core/api/player-logs/player-logs.js","comments":true,"compact":false,"sourceMaps":true,"sourceFileName":"packages/empirica:core/api/player-logs/player-logs.js"}},"code":"module.export({\n  PlayerLogs: () => PlayerLogs\n});\nlet SimpleSchema;\nmodule.link(\"simpl-schema\", {\n  default(v) {\n    SimpleSchema = v;\n  }\n\n}, 0);\nlet TimestampSchema, BelongsTo;\nmodule.link(\"../default-schemas\", {\n  TimestampSchema(v) {\n    TimestampSchema = v;\n  },\n\n  BelongsTo(v) {\n    BelongsTo = v;\n  }\n\n}, 1);\nconst PlayerLogs = new Mongo.Collection(\"player_logs\");\nPlayerLogs.schema = new SimpleSchema({\n  stageId: {\n    type: String,\n    regEx: SimpleSchema.RegEx.Id,\n    optional: true\n  },\n  roundId: {\n    type: String,\n    regEx: SimpleSchema.RegEx.Id,\n    optional: true\n  },\n  gameId: {\n    type: String,\n    regEx: SimpleSchema.RegEx.Id,\n    optional: true\n  },\n  name: {\n    type: String,\n    max: 255\n  },\n  jsonData: {\n    type: String\n  }\n});\nPlayerLogs.schema.extend(TimestampSchema);\nPlayerLogs.schema.extend(BelongsTo(\"Players\"));\nPlayerLogs.attachSchema(PlayerLogs.schema);","map":{"version":3,"sources":["packages/empirica:core/api/player-logs/player-logs.js"],"names":["module","export","PlayerLogs","SimpleSchema","link","default","v","TimestampSchema","BelongsTo","Mongo","Collection","schema","stageId","type","String","regEx","RegEx","Id","optional","roundId","gameId","name","max","jsonData","extend","attachSchema"],"mappings":"AAAAA,MAAM,CAACC,MAAP,CAAc;AAACC,EAAAA,UAAU,EAAC,MAAIA;AAAhB,CAAd;AAA2C,IAAIC,YAAJ;AAAiBH,MAAM,CAACI,IAAP,CAAY,cAAZ,EAA2B;AAACC,EAAAA,OAAO,CAACC,CAAD,EAAG;AAACH,IAAAA,YAAY,GAACG,CAAb;AAAe;;AAA3B,CAA3B,EAAwD,CAAxD;AAA2D,IAAIC,eAAJ,EAAoBC,SAApB;AAA8BR,MAAM,CAACI,IAAP,CAAY,oBAAZ,EAAiC;AAACG,EAAAA,eAAe,CAACD,CAAD,EAAG;AAACC,IAAAA,eAAe,GAACD,CAAhB;AAAkB,GAAtC;;AAAuCE,EAAAA,SAAS,CAACF,CAAD,EAAG;AAACE,IAAAA,SAAS,GAACF,CAAV;AAAY;;AAAhE,CAAjC,EAAmG,CAAnG;AAS9I,MAAMJ,UAAU,GAAG,IAAIO,KAAK,CAACC,UAAV,CAAqB,aAArB,CAAnB;AAEPR,UAAU,CAACS,MAAX,GAAoB,IAAIR,YAAJ,CAAiB;AACnCS,EAAAA,OAAO,EAAE;AACPC,IAAAA,IAAI,EAAEC,MADC;AAEPC,IAAAA,KAAK,EAAEZ,YAAY,CAACa,KAAb,CAAmBC,EAFnB;AAGPC,IAAAA,QAAQ,EAAE;AAHH,GAD0B;AAMnCC,EAAAA,OAAO,EAAE;AACPN,IAAAA,IAAI,EAAEC,MADC;AAEPC,IAAAA,KAAK,EAAEZ,YAAY,CAACa,KAAb,CAAmBC,EAFnB;AAGPC,IAAAA,QAAQ,EAAE;AAHH,GAN0B;AAWnCE,EAAAA,MAAM,EAAE;AACNP,IAAAA,IAAI,EAAEC,MADA;AAENC,IAAAA,KAAK,EAAEZ,YAAY,CAACa,KAAb,CAAmBC,EAFpB;AAGNC,IAAAA,QAAQ,EAAE;AAHJ,GAX2B;AAgBnCG,EAAAA,IAAI,EAAE;AACJR,IAAAA,IAAI,EAAEC,MADF;AAEJQ,IAAAA,GAAG,EAAE;AAFD,GAhB6B;AAoBnCC,EAAAA,QAAQ,EAAE;AACRV,IAAAA,IAAI,EAAEC;AADE;AApByB,CAAjB,CAApB;AAyBAZ,UAAU,CAACS,MAAX,CAAkBa,MAAlB,CAAyBjB,eAAzB;AACAL,UAAU,CAACS,MAAX,CAAkBa,MAAlB,CAAyBhB,SAAS,CAAC,SAAD,CAAlC;AACAN,UAAU,CAACuB,YAAX,CAAwBvB,UAAU,CAACS,MAAnC","sourcesContent":["// PlayerInputs contains small pieces of information associated with a player\n// This can be input forms from intro/outro or intermediate input values while\n// playing the game (e.g. all values while moving a range input, mouse,\n// movements...)\n\nimport SimpleSchema from \"simpl-schema\";\n\nimport { TimestampSchema, BelongsTo } from \"../default-schemas\";\n\nexport const PlayerLogs = new Mongo.Collection(\"player_logs\");\n\nPlayerLogs.schema = new SimpleSchema({\n  stageId: {\n    type: String,\n    regEx: SimpleSchema.RegEx.Id,\n    optional: true\n  },\n  roundId: {\n    type: String,\n    regEx: SimpleSchema.RegEx.Id,\n    optional: true\n  },\n  gameId: {\n    type: String,\n    regEx: SimpleSchema.RegEx.Id,\n    optional: true\n  },\n  name: {\n    type: String,\n    max: 255\n  },\n  jsonData: {\n    type: String\n  }\n});\n\nPlayerLogs.schema.extend(TimestampSchema);\nPlayerLogs.schema.extend(BelongsTo(\"Players\"));\nPlayerLogs.attachSchema(PlayerLogs.schema);\n"]},"sourceType":"module","hash":"ac6e036fcea35990cfbe463b183f671867a8f2a3"}
