{"metadata":{},"options":{"compact":false,"sourceMaps":true,"ast":true,"babelrc":false,"configFile":false,"parserOpts":{"sourceType":"module","sourceFileName":"/Users/stefpop/Desktop/repos/withBrandon/crossling_reference/experiments/from-scratch/client/game/Round.jsx","plugins":["*","flow","jsx","asyncGenerators","bigInt","classPrivateMethods","classPrivateProperties","classProperties","doExpressions","dynamicImport","exportDefaultFrom","exportExtensions","exportNamespaceFrom","functionBind","functionSent","importMeta","nullishCoalescingOperator","numericSeparator","objectRestSpread","optionalCatchBinding","optionalChaining",["pipelineOperator",{"proposal":"minimal"}],"throwExpressions","classProperties","classPrivateProperties","jsx","nullishCoalescingOperator","nullishCoalescingOperator","optionalChaining","optionalChaining","optionalCatchBinding","optionalCatchBinding","classProperties","classPrivateProperties","classPrivateMethods","classProperties","classPrivateProperties","asyncGenerators","asyncGenerators","objectRestSpread","objectRestSpread"],"allowImportExportEverywhere":true,"allowReturnOutsideFunction":true,"allowUndeclaredExports":true,"strictMode":false},"caller":{"name":"meteor","arch":"web.browser"},"sourceFileName":"client/game/Round.jsx","filename":"/Users/stefpop/Desktop/repos/withBrandon/crossling_reference/experiments/from-scratch/client/game/Round.jsx","cloneInputAst":true,"passPerPreset":false,"envName":"development","cwd":"/Users/stefpop/Desktop/repos/withBrandon/crossling_reference/experiments/from-scratch","root":"/Users/stefpop/Desktop/repos/withBrandon/crossling_reference/experiments/from-scratch","plugins":[{"key":"base$0","visitor":{"_exploded":true,"_verified":true},"options":{}},{"key":"base$0$0","visitor":{"Program":{"enter":[null],"exit":[null]},"_exploded":true,"_verified":true},"options":{"avoidModernSyntax":false,"enforceStrictMode":false,"dynamicImport":true,"generateLetDeclarations":true}},{"key":"transform-runtime","visitor":{"CallExpression":{"enter":[null]},"BinaryExpression":{"enter":[null]},"MemberExpression":{"enter":[null],"exit":[null]},"_exploded":true,"_verified":true,"Identifier":{"enter":[null]},"JSXIdentifier":{"enter":[null]}},"options":{"version":"7.12.5","helpers":true,"useESModules":false,"corejs":false}},{"key":"proposal-class-properties","visitor":{"PrivateName":{"enter":[null]},"ExportDefaultDeclaration":{"enter":[null]},"_exploded":true,"_verified":true,"ClassExpression":{"enter":[null]},"ClassDeclaration":{"enter":[null]}},"options":{"loose":true}},{"key":"transform-react-jsx","visitor":{"_exploded":{},"_verified":{},"JSXNamespacedName":{"enter":[null]},"JSXSpreadChild":{"enter":[null]},"Program":{"enter":[null]},"JSXElement":{"exit":[null]},"JSXFragment":{"exit":[null]},"JSXAttribute":{"enter":[null]}},"options":{"pragma":"React.createElement","pragmaFrag":"React.Fragment","runtime":"classic","throwIfNamespace":true,"useBuiltIns":false}},{"key":"transform-react-display-name","visitor":{"ExportDefaultDeclaration":{"enter":[null]},"CallExpression":{"enter":[null]},"_exploded":true,"_verified":true},"options":{}},{"key":"transform-react-pure-annotations","visitor":{"CallExpression":{"enter":[null]},"_exploded":true,"_verified":true},"options":{}},{"key":"syntax-nullish-coalescing-operator","visitor":{"_exploded":true,"_verified":true},"options":{}},{"key":"proposal-nullish-coalescing-operator","visitor":{"_exploded":{},"_verified":{},"LogicalExpression":{"enter":[null]}},"options":{}},{"key":"syntax-optional-chaining","visitor":{"_exploded":true,"_verified":true},"options":{}},{"key":"proposal-optional-chaining","visitor":{"_exploded":{},"_verified":{},"OptionalCallExpression":{"enter":[null]},"OptionalMemberExpression":{"enter":[null]}},"options":{}},{"key":"syntax-optional-catch-binding","visitor":{"_exploded":true,"_verified":true},"options":{}},{"key":"proposal-optional-catch-binding","visitor":{"_exploded":{},"_verified":{},"CatchClause":{"enter":[null]}},"options":{}},{"key":"syntax-class-properties","visitor":{"_exploded":true,"_verified":true},"options":{}},{"key":"proposal-class-properties","visitor":{"PrivateName":{"enter":[null]},"ExportDefaultDeclaration":{"enter":[null]},"_exploded":true,"_verified":true,"ClassExpression":{"enter":[null]},"ClassDeclaration":{"enter":[null]}},"options":{}},{"key":"syntax-async-generators","visitor":{"_exploded":true,"_verified":true},"options":{}},{"key":"proposal-async-generator-functions","visitor":{"_exploded":{},"_verified":{},"Program":{"enter":[null]}},"options":{}},{"key":"syntax-object-rest-spread","visitor":{"_exploded":true,"_verified":true},"options":{}},{"key":"proposal-object-rest-spread","visitor":{"_exploded":{},"_verified":{},"VariableDeclarator":{"enter":[null]},"ExportNamedDeclaration":{"enter":[null]},"CatchClause":{"enter":[null]},"AssignmentExpression":{"enter":[null]},"ArrayPattern":{"enter":[null]},"ObjectExpression":{"enter":[null]},"FunctionDeclaration":{"enter":[null]},"FunctionExpression":{"enter":[null]},"ObjectMethod":{"enter":[null]},"ArrowFunctionExpression":{"enter":[null]},"ClassMethod":{"enter":[null]},"ClassPrivateMethod":{"enter":[null]},"ForInStatement":{"enter":[null]},"ForOfStatement":{"enter":[null]}},"options":{}},{"key":"transform-literals","visitor":{"NumericLiteral":{"enter":[null]},"StringLiteral":{"enter":[null]},"_exploded":true,"_verified":true},"options":{}},{"key":"transform-template-literals","visitor":{"TaggedTemplateExpression":{"enter":[null]},"TemplateLiteral":{"enter":[null]},"_exploded":true,"_verified":true},"options":{}},{"key":"transform-parameters","visitor":{"_exploded":true,"_verified":true,"FunctionDeclaration":{"enter":[null]},"FunctionExpression":{"enter":[null]},"ObjectMethod":{"enter":[null]},"ArrowFunctionExpression":{"enter":[null]},"ClassMethod":{"enter":[null]},"ClassPrivateMethod":{"enter":[null]}},"options":{}},{"key":"transform-exponentiation-operator","visitor":{"AssignmentExpression":{"enter":[null]},"BinaryExpression":{"enter":[null]},"_exploded":true,"_verified":true},"options":{}}],"presets":[],"generatorOpts":{"filename":"/Users/stefpop/Desktop/repos/withBrandon/crossling_reference/experiments/from-scratch/client/game/Round.jsx","comments":true,"compact":false,"sourceMaps":true,"sourceFileName":"client/game/Round.jsx"}},"code":"module.export({\n  default: () => Round\n});\nlet React;\nmodule.link(\"react\", {\n  default(v) {\n    React = v;\n  }\n\n}, 0);\nlet SocialInteractions;\nmodule.link(\"./SocialInteractions.jsx\", {\n  default(v) {\n    SocialInteractions = v;\n  }\n\n}, 1);\nlet Task;\nmodule.link(\"./Task.jsx\", {\n  default(v) {\n    Task = v;\n  }\n\n}, 2);\nlet gameText;\nmodule.link(\"../gameText.js\", {\n  gameText(v) {\n    gameText = v;\n  }\n\n}, 3);\n\nclass Round extends React.Component {\n  componentDidMount() {\n    const {\n      player,\n      game\n    } = this.props;\n    const gameTextInLanguage = gameText.filter(row => row.language == game.treatment.gameLanguage)[0];\n    player.get(\"role\") === \"listener\" ? player.set(\"name\", gameTextInLanguage.PLAYERPROFILE_guesser) : player.set(\"name\", gameTextInLanguage.PLAYERPROFILE_director);\n  }\n\n  render() {\n    const {\n      round,\n      stage,\n      player,\n      game\n    } = this.props;\n    const gameTextInLanguage = gameText.filter(row => row.language == game.treatment.gameLanguage)[0];\n    const view = /*#__PURE__*/React.createElement(Task, {\n      game: game,\n      round: round,\n      stage: stage,\n      player: player\n    });\n    return /*#__PURE__*/React.createElement(\"div\", {\n      className: \"round\",\n      dir: \"auto\"\n    }, /*#__PURE__*/React.createElement(\"div\", {\n      className: \"content\"\n    }, /*#__PURE__*/React.createElement(SocialInteractions, {\n      player: player,\n      stage: stage,\n      game: game,\n      round: round\n    }), \" \", /*#__PURE__*/React.createElement(\"div\", {\n      className: \"view\"\n    }, \" \", view, \" \")));\n  }\n\n}","map":{"version":3,"sources":["client/game/Round.jsx"],"names":["module","export","default","Round","React","link","v","SocialInteractions","Task","gameText","Component","componentDidMount","player","game","props","gameTextInLanguage","filter","row","language","treatment","gameLanguage","get","set","PLAYERPROFILE_guesser","PLAYERPROFILE_director","render","round","stage","view"],"mappings":"AAAAA,MAAM,CAACC,MAAP,CAAc;AAACC,EAAAA,OAAO,EAAC,MAAIC;AAAb,CAAd;AAAmC,IAAIC,KAAJ;AAAUJ,MAAM,CAACK,IAAP,CAAY,OAAZ,EAAoB;AAACH,EAAAA,OAAO,CAACI,CAAD,EAAG;AAACF,IAAAA,KAAK,GAACE,CAAN;AAAQ;;AAApB,CAApB,EAA0C,CAA1C;AAA6C,IAAIC,kBAAJ;AAAuBP,MAAM,CAACK,IAAP,CAAY,0BAAZ,EAAuC;AAACH,EAAAA,OAAO,CAACI,CAAD,EAAG;AAACC,IAAAA,kBAAkB,GAACD,CAAnB;AAAqB;;AAAjC,CAAvC,EAA0E,CAA1E;AAA6E,IAAIE,IAAJ;AAASR,MAAM,CAACK,IAAP,CAAY,YAAZ,EAAyB;AAACH,EAAAA,OAAO,CAACI,CAAD,EAAG;AAACE,IAAAA,IAAI,GAACF,CAAL;AAAO;;AAAnB,CAAzB,EAA8C,CAA9C;AAAiD,IAAIG,QAAJ;AAAaT,MAAM,CAACK,IAAP,CAAY,gBAAZ,EAA6B;AAACI,EAAAA,QAAQ,CAACH,CAAD,EAAG;AAACG,IAAAA,QAAQ,GAACH,CAAT;AAAW;;AAAxB,CAA7B,EAAuD,CAAvD;;AAKtP,MAAMH,KAAN,SAAoBC,KAAK,CAACM,SAA1B,CAAoC;AACjDC,EAAAA,iBAAiB,GAAG;AAClB,UAAM;AAAEC,MAAAA,MAAF;AAAUC,MAAAA;AAAV,QAAmB,KAAKC,KAA9B;AACA,UAAMC,kBAAkB,GAAGN,QAAQ,CAACO,MAAT,CACxBC,GAAD,IAASA,GAAG,CAACC,QAAJ,IAAgBL,IAAI,CAACM,SAAL,CAAeC,YADf,EAEzB,CAFyB,CAA3B;AAIAR,IAAAA,MAAM,CAACS,GAAP,CAAW,MAAX,MAAuB,UAAvB,GACIT,MAAM,CAACU,GAAP,CAAW,MAAX,EAAmBP,kBAAkB,CAACQ,qBAAtC,CADJ,GAEIX,MAAM,CAACU,GAAP,CAAW,MAAX,EAAmBP,kBAAkB,CAACS,sBAAtC,CAFJ;AAGD;;AAEDC,EAAAA,MAAM,GAAG;AACP,UAAM;AAAEC,MAAAA,KAAF;AAASC,MAAAA,KAAT;AAAgBf,MAAAA,MAAhB;AAAwBC,MAAAA;AAAxB,QAAiC,KAAKC,KAA5C;AACA,UAAMC,kBAAkB,GAAGN,QAAQ,CAACO,MAAT,CACxBC,GAAD,IAASA,GAAG,CAACC,QAAJ,IAAgBL,IAAI,CAACM,SAAL,CAAeC,YADf,EAEzB,CAFyB,CAA3B;AAIA,UAAMQ,IAAI,gBACR,oBAAC,IAAD;AAAM,MAAA,IAAI,EAAEf,IAAZ;AAAkB,MAAA,KAAK,EAAEa,KAAzB;AAAgC,MAAA,KAAK,EAAEC,KAAvC;AAA8C,MAAA,MAAM,EAAEf;AAAtD,MADF;AAIA,wBACE;AAAK,MAAA,SAAS,EAAC,OAAf;AAAuB,MAAA,GAAG,EAAC;AAA3B,oBACE;AAAK,MAAA,SAAS,EAAC;AAAf,oBACE,oBAAC,kBAAD;AACE,MAAA,MAAM,EAAEA,MADV;AAEE,MAAA,KAAK,EAAEe,KAFT;AAGE,MAAA,IAAI,EAAEd,IAHR;AAIE,MAAA,KAAK,EAAEa;AAJT,MADF,EAMK,GANL,eAOE;AAAK,MAAA,SAAS,EAAC;AAAf,YAAwBE,IAAxB,MAPF,CADF,CADF;AAaD;;AAnCgD","sourcesContent":["import React from \"react\";\nimport SocialInteractions from \"./SocialInteractions.jsx\";\nimport Task from \"./Task.jsx\";\nimport { gameText } from \"../gameText.js\";\n\nexport default class Round extends React.Component {\n  componentDidMount() {\n    const { player, game } = this.props;\n    const gameTextInLanguage = gameText.filter(\n      (row) => row.language == game.treatment.gameLanguage\n    )[0];\n\n    player.get(\"role\") === \"listener\"\n      ? player.set(\"name\", gameTextInLanguage.PLAYERPROFILE_guesser)\n      : player.set(\"name\", gameTextInLanguage.PLAYERPROFILE_director);\n  }\n\n  render() {\n    const { round, stage, player, game } = this.props;\n    const gameTextInLanguage = gameText.filter(\n      (row) => row.language == game.treatment.gameLanguage\n    )[0];\n\n    const view = (\n      <Task game={game} round={round} stage={stage} player={player} />\n    );\n\n    return (\n      <div className=\"round\" dir=\"auto\">\n        <div className=\"content\">\n          <SocialInteractions\n            player={player}\n            stage={stage}\n            game={game}\n            round={round}\n          />{\" \"}\n          <div className=\"view\"> {view} </div>\n        </div>\n      </div>\n    );\n  }\n}\n"]},"sourceType":"module","hash":"b07b1435f249323dd25484b44efb3fd7723233e7"}
