{"metadata":{},"options":{"compact":false,"sourceMaps":true,"ast":true,"babelrc":false,"configFile":false,"parserOpts":{"sourceType":"module","sourceFileName":"/Users/stefpop/Desktop/repos/withBrandon/crossling_reference/experiments/from-scratch/client/game/Round.jsx","plugins":["*","flow","jsx","asyncGenerators","bigInt","classPrivateMethods","classPrivateProperties","classProperties","doExpressions","dynamicImport","exportDefaultFrom","exportExtensions","exportNamespaceFrom","functionBind","functionSent","importMeta","nullishCoalescingOperator","numericSeparator","objectRestSpread","optionalCatchBinding","optionalChaining",["pipelineOperator",{"proposal":"minimal"}],"throwExpressions","classProperties","classPrivateProperties","jsx","nullishCoalescingOperator","nullishCoalescingOperator","optionalChaining","optionalChaining","optionalCatchBinding","optionalCatchBinding","classProperties","classPrivateProperties","classPrivateMethods","classProperties","classPrivateProperties","asyncGenerators","asyncGenerators","objectRestSpread","objectRestSpread"],"allowImportExportEverywhere":true,"allowReturnOutsideFunction":true,"allowUndeclaredExports":true,"strictMode":false},"caller":{"name":"meteor","arch":"web.browser.legacy"},"sourceFileName":"client/game/Round.jsx","filename":"/Users/stefpop/Desktop/repos/withBrandon/crossling_reference/experiments/from-scratch/client/game/Round.jsx","cloneInputAst":true,"passPerPreset":false,"envName":"development","cwd":"/Users/stefpop/Desktop/repos/withBrandon/crossling_reference/experiments/from-scratch","root":"/Users/stefpop/Desktop/repos/withBrandon/crossling_reference/experiments/from-scratch","plugins":[{"key":"base$0","visitor":{"_exploded":true,"_verified":true},"options":{}},{"key":"base$0$0","visitor":{"Program":{"enter":[null],"exit":[null]},"_exploded":true,"_verified":true},"options":{"avoidModernSyntax":true,"enforceStrictMode":false,"dynamicImport":true}},{"key":"transform-runtime","visitor":{"CallExpression":{"enter":[null]},"BinaryExpression":{"enter":[null]},"MemberExpression":{"enter":[null],"exit":[null]},"_exploded":true,"_verified":true,"Identifier":{"enter":[null]},"JSXIdentifier":{"enter":[null]}},"options":{"version":"7.12.5","helpers":true,"useESModules":false,"corejs":false}},{"key":"proposal-class-properties","visitor":{"PrivateName":{"enter":[null]},"ExportDefaultDeclaration":{"enter":[null]},"_exploded":true,"_verified":true,"ClassExpression":{"enter":[null]},"ClassDeclaration":{"enter":[null]}},"options":{"loose":true}},{"key":"base$0$3","visitor":{"FunctionExpression":{"exit":[null]},"_exploded":true,"_verified":true},"options":{}},{"key":"base$0$4","visitor":{"ForInStatement":{"enter":[null]},"_exploded":true,"_verified":true},"options":{}},{"key":"transform-react-jsx","visitor":{"_exploded":{},"_verified":{},"JSXNamespacedName":{"enter":[null]},"JSXSpreadChild":{"enter":[null]},"Program":{"enter":[null]},"JSXElement":{"exit":[null]},"JSXFragment":{"exit":[null]},"JSXAttribute":{"enter":[null]}},"options":{"pragma":"React.createElement","pragmaFrag":"React.Fragment","runtime":"classic","throwIfNamespace":true,"useBuiltIns":false}},{"key":"transform-react-display-name","visitor":{"ExportDefaultDeclaration":{"enter":[null]},"CallExpression":{"enter":[null]},"_exploded":true,"_verified":true},"options":{}},{"key":"transform-react-pure-annotations","visitor":{"CallExpression":{"enter":[null]},"_exploded":true,"_verified":true},"options":{}},{"key":"syntax-nullish-coalescing-operator","visitor":{"_exploded":true,"_verified":true},"options":{}},{"key":"proposal-nullish-coalescing-operator","visitor":{"_exploded":{},"_verified":{},"LogicalExpression":{"enter":[null]}},"options":{}},{"key":"syntax-optional-chaining","visitor":{"_exploded":true,"_verified":true},"options":{}},{"key":"proposal-optional-chaining","visitor":{"_exploded":{},"_verified":{},"OptionalCallExpression":{"enter":[null]},"OptionalMemberExpression":{"enter":[null]}},"options":{}},{"key":"syntax-optional-catch-binding","visitor":{"_exploded":true,"_verified":true},"options":{}},{"key":"proposal-optional-catch-binding","visitor":{"_exploded":{},"_verified":{},"CatchClause":{"enter":[null]}},"options":{}},{"key":"syntax-class-properties","visitor":{"_exploded":true,"_verified":true},"options":{}},{"key":"proposal-class-properties","visitor":{"PrivateName":{"enter":[null]},"ExportDefaultDeclaration":{"enter":[null]},"_exploded":true,"_verified":true,"ClassExpression":{"enter":[null]},"ClassDeclaration":{"enter":[null]}},"options":{}},{"key":"syntax-async-generators","visitor":{"_exploded":true,"_verified":true},"options":{}},{"key":"proposal-async-generator-functions","visitor":{"_exploded":{},"_verified":{},"Program":{"enter":[null]}},"options":{}},{"key":"syntax-object-rest-spread","visitor":{"_exploded":true,"_verified":true},"options":{}},{"key":"proposal-object-rest-spread","visitor":{"_exploded":{},"_verified":{},"VariableDeclarator":{"enter":[null]},"ExportNamedDeclaration":{"enter":[null]},"CatchClause":{"enter":[null]},"AssignmentExpression":{"enter":[null]},"ArrayPattern":{"enter":[null]},"ObjectExpression":{"enter":[null]},"FunctionDeclaration":{"enter":[null]},"FunctionExpression":{"enter":[null]},"ObjectMethod":{"enter":[null]},"ArrowFunctionExpression":{"enter":[null]},"ClassMethod":{"enter":[null]},"ClassPrivateMethod":{"enter":[null]},"ForInStatement":{"enter":[null]},"ForOfStatement":{"enter":[null]}},"options":{}},{"key":"transform-arrow-functions","visitor":{"ArrowFunctionExpression":{"enter":[null]},"_exploded":true,"_verified":true},"options":{}},{"key":"transform-block-scoped-functions","visitor":{"BlockStatement":{"enter":[null]},"SwitchCase":{"enter":[null]},"_exploded":true,"_verified":true},"options":{}},{"key":"transform-block-scoping","visitor":{"VariableDeclaration":{"enter":[null]},"CatchClause":{"enter":[null]},"_exploded":true,"BlockStatement":{"enter":[null]},"SwitchStatement":{"enter":[null]},"Program":{"enter":[null]},"_verified":true,"DoWhileStatement":{"enter":[null]},"ForInStatement":{"enter":[null]},"ForStatement":{"enter":[null]},"WhileStatement":{"enter":[null]},"ForOfStatement":{"enter":[null]}},"options":{}},{"key":"transform-classes","visitor":{"ExportDefaultDeclaration":{"enter":[null]},"ClassDeclaration":{"enter":[null]},"ClassExpression":{"enter":[null]},"_exploded":true,"_verified":true},"options":{"loose":true}},{"key":"transform-computed-properties","visitor":{"ObjectExpression":{"exit":[null]},"_exploded":true,"_verified":true},"options":{"loose":true}},{"key":"transform-destructuring","visitor":{"ExportNamedDeclaration":{"enter":[null]},"CatchClause":{"enter":[null]},"AssignmentExpression":{"enter":[null]},"VariableDeclaration":{"enter":[null]},"_exploded":true,"_verified":true,"ForInStatement":{"enter":[null]},"ForOfStatement":{"enter":[null]}},"options":{}},{"key":"transform-for-of","visitor":{"ForOfStatement":{"enter":[null]},"_exploded":true,"_verified":true},"options":{"loose":true}},{"key":"transform-literals","visitor":{"NumericLiteral":{"enter":[null]},"StringLiteral":{"enter":[null]},"_exploded":true,"_verified":true},"options":{}},{"key":"transform-object-super","visitor":{"ObjectExpression":{"enter":[null]},"_exploded":true,"_verified":true},"options":{}},{"key":"transform-parameters","visitor":{"_exploded":true,"_verified":true,"FunctionDeclaration":{"enter":[null]},"FunctionExpression":{"enter":[null]},"ObjectMethod":{"enter":[null]},"ArrowFunctionExpression":{"enter":[null]},"ClassMethod":{"enter":[null]},"ClassPrivateMethod":{"enter":[null]}},"options":{}},{"key":"transform-shorthand-properties","visitor":{"ObjectMethod":{"enter":[null]},"ObjectProperty":{"enter":[null]},"_exploded":true,"_verified":true},"options":{}},{"key":"transform-spread","visitor":{"ArrayExpression":{"enter":[null]},"CallExpression":{"enter":[null]},"NewExpression":{"enter":[null]},"_exploded":true,"_verified":true},"options":{}},{"key":"transform-sticky-regex","visitor":{"RegExpLiteral":{"enter":[null]},"_exploded":true,"_verified":true},"options":{}},{"key":"transform-template-literals","visitor":{"TaggedTemplateExpression":{"enter":[null]},"TemplateLiteral":{"enter":[null]},"_exploded":true,"_verified":true},"options":{"loose":true}},{"key":"transform-typeof-symbol","visitor":{"UnaryExpression":{"enter":[null]},"_exploded":true,"_verified":true,"BlockStatement":{"enter":[null]},"CatchClause":{"enter":[null]},"DoWhileStatement":{"enter":[null]},"ForInStatement":{"enter":[null]},"ForStatement":{"enter":[null]},"FunctionDeclaration":{"enter":[null]},"FunctionExpression":{"enter":[null]},"Program":{"enter":[null]},"ObjectMethod":{"enter":[null]},"SwitchStatement":{"enter":[null]},"WhileStatement":{"enter":[null]},"ArrowFunctionExpression":{"enter":[null]},"ClassExpression":{"enter":[null]},"ClassDeclaration":{"enter":[null]},"ForOfStatement":{"enter":[null]},"ClassMethod":{"enter":[null]},"ClassPrivateMethod":{"enter":[null]},"StaticBlock":{"enter":[null]},"TSModuleBlock":{"enter":[null]},"AssignmentPattern":{"enter":[null]},"ArrayPattern":{"enter":[null]},"ObjectPattern":{"enter":[null]}},"options":{}},{"key":"transform-unicode-regex","visitor":{"RegExpLiteral":{"enter":[null]},"_exploded":true,"_verified":true},"options":{}},{"key":"transform-property-literals","visitor":{"ObjectProperty":{"exit":[null]},"_exploded":true,"_verified":true},"options":{}},{"key":"transform-exponentiation-operator","visitor":{"AssignmentExpression":{"enter":[null]},"BinaryExpression":{"enter":[null]},"_exploded":true,"_verified":true},"options":{}},{"key":"regenerator-transform","visitor":{"_exploded":true,"_verified":true,"ObjectMethod":{"enter":[null],"exit":[null]},"ClassMethod":{"enter":[null],"exit":[null]},"ClassPrivateMethod":{"enter":[null],"exit":[null]},"FunctionDeclaration":{"exit":[null]},"FunctionExpression":{"exit":[null]},"ArrowFunctionExpression":{"exit":[null]}},"options":{}}],"presets":[],"generatorOpts":{"filename":"/Users/stefpop/Desktop/repos/withBrandon/crossling_reference/experiments/from-scratch/client/game/Round.jsx","comments":true,"compact":false,"sourceMaps":true,"sourceFileName":"client/game/Round.jsx"}},"code":"var _inheritsLoose;\n\nmodule.link(\"@babel/runtime/helpers/inheritsLoose\", {\n  default: function (v) {\n    _inheritsLoose = v;\n  }\n}, 0);\nmodule.export({\n  \"default\": function () {\n    return Round;\n  }\n});\nvar React;\nmodule.link(\"react\", {\n  \"default\": function (v) {\n    React = v;\n  }\n}, 0);\nvar SocialInteractions;\nmodule.link(\"./SocialInteractions.jsx\", {\n  \"default\": function (v) {\n    SocialInteractions = v;\n  }\n}, 1);\nvar Task;\nmodule.link(\"./Task.jsx\", {\n  \"default\": function (v) {\n    Task = v;\n  }\n}, 2);\nvar gameText;\nmodule.link(\"../gameText.js\", {\n  gameText: function (v) {\n    gameText = v;\n  }\n}, 3);\n\nvar Round = /*#__PURE__*/function (_React$Component) {\n  _inheritsLoose(Round, _React$Component);\n\n  function Round() {\n    return _React$Component.apply(this, arguments) || this;\n  }\n\n  var _proto = Round.prototype;\n\n  _proto.componentDidMount = function () {\n    function componentDidMount() {\n      var _this$props = this.props,\n          player = _this$props.player,\n          game = _this$props.game;\n      var gameTextInLanguage = gameText.filter(function (row) {\n        return row.language == game.treatment.gameLanguage;\n      })[0];\n      player.get(\"role\") === \"listener\" ? player.set(\"name\", gameTextInLanguage.PLAYERPROFILE_guesser) : player.set(\"name\", gameTextInLanguage.PLAYERPROFILE_director);\n    }\n\n    return componentDidMount;\n  }();\n\n  _proto.render = function () {\n    function render() {\n      var _this$props2 = this.props,\n          round = _this$props2.round,\n          stage = _this$props2.stage,\n          player = _this$props2.player,\n          game = _this$props2.game;\n      var gameTextInLanguage = gameText.filter(function (row) {\n        return row.language == game.treatment.gameLanguage;\n      })[0];\n      var view = /*#__PURE__*/React.createElement(Task, {\n        game: game,\n        round: round,\n        stage: stage,\n        player: player\n      });\n      return /*#__PURE__*/React.createElement(\"div\", {\n        className: \"round\",\n        dir: \"auto\"\n      }, /*#__PURE__*/React.createElement(\"div\", {\n        className: \"content\"\n      }, /*#__PURE__*/React.createElement(SocialInteractions, {\n        player: player,\n        stage: stage,\n        game: game,\n        round: round\n      }), \" \", /*#__PURE__*/React.createElement(\"div\", {\n        className: \"view\"\n      }, \" \", view, \" \")));\n    }\n\n    return render;\n  }();\n\n  return Round;\n}(React.Component);","map":{"version":3,"sources":["client/game/Round.jsx"],"names":["_inheritsLoose","module","link","default","v","export","Round","React","SocialInteractions","Task","gameText","componentDidMount","props","player","game","gameTextInLanguage","filter","row","language","treatment","gameLanguage","get","set","PLAYERPROFILE_guesser","PLAYERPROFILE_director","render","round","stage","view","Component"],"mappings":"AAAA,IAAIA,cAAJ;;AAAmBC,MAAM,CAACC,IAAP,CAAY,sCAAZ,EAAmD;AAACC,EAAAA,OAAO,EAAC,UAASC,CAAT,EAAW;AAACJ,IAAAA,cAAc,GAACI,CAAf;AAAiB;AAAtC,CAAnD,EAA2F,CAA3F;AAAnBH,MAAM,CAACI,MAAP,CAAc;AAAC,aAAQ,YAAU;AAAC,WAAOC,KAAP;AAAa;AAAjC,CAAd;AAAkD,IAAIC,KAAJ;AAAUN,MAAM,CAACC,IAAP,CAAY,OAAZ,EAAoB;AAAC,aAAQ,UAASE,CAAT,EAAW;AAACG,IAAAA,KAAK,GAACH,CAAN;AAAQ;AAA7B,CAApB,EAAmD,CAAnD;AAAsD,IAAII,kBAAJ;AAAuBP,MAAM,CAACC,IAAP,CAAY,0BAAZ,EAAuC;AAAC,aAAQ,UAASE,CAAT,EAAW;AAACI,IAAAA,kBAAkB,GAACJ,CAAnB;AAAqB;AAA1C,CAAvC,EAAmF,CAAnF;AAAsF,IAAIK,IAAJ;AAASR,MAAM,CAACC,IAAP,CAAY,YAAZ,EAAyB;AAAC,aAAQ,UAASE,CAAT,EAAW;AAACK,IAAAA,IAAI,GAACL,CAAL;AAAO;AAA5B,CAAzB,EAAuD,CAAvD;AAA0D,IAAIM,QAAJ;AAAaT,MAAM,CAACC,IAAP,CAAY,gBAAZ,EAA6B;AAACQ,EAAAA,QAAQ,EAAC,UAASN,CAAT,EAAW;AAACM,IAAAA,QAAQ,GAACN,CAAT;AAAW;AAAjC,CAA7B,EAAgE,CAAhE;;IAK1RE,K;;;;;;;;;SACnBK,iB;AAAA,iCAAoB;AAAA,wBACO,KAAKC,KADZ;AAAA,UACVC,MADU,eACVA,MADU;AAAA,UACFC,IADE,eACFA,IADE;AAElB,UAAMC,kBAAkB,GAAGL,QAAQ,CAACM,MAAT,CACzB,UAACC,GAAD;AAAA,eAASA,GAAG,CAACC,QAAJ,IAAgBJ,IAAI,CAACK,SAAL,CAAeC,YAAxC;AAAA,OADyB,EAEzB,CAFyB,CAA3B;AAIAP,MAAAA,MAAM,CAACQ,GAAP,CAAW,MAAX,MAAuB,UAAvB,GACIR,MAAM,CAACS,GAAP,CAAW,MAAX,EAAmBP,kBAAkB,CAACQ,qBAAtC,CADJ,GAEIV,MAAM,CAACS,GAAP,CAAW,MAAX,EAAmBP,kBAAkB,CAACS,sBAAtC,CAFJ;AAGD;;;;;SAEDC,M;AAAA,sBAAS;AAAA,yBACgC,KAAKb,KADrC;AAAA,UACCc,KADD,gBACCA,KADD;AAAA,UACQC,KADR,gBACQA,KADR;AAAA,UACed,MADf,gBACeA,MADf;AAAA,UACuBC,IADvB,gBACuBA,IADvB;AAEP,UAAMC,kBAAkB,GAAGL,QAAQ,CAACM,MAAT,CACzB,UAACC,GAAD;AAAA,eAASA,GAAG,CAACC,QAAJ,IAAgBJ,IAAI,CAACK,SAAL,CAAeC,YAAxC;AAAA,OADyB,EAEzB,CAFyB,CAA3B;AAIA,UAAMQ,IAAI,gBACR,oBAAC,IAAD;AAAM,QAAA,IAAI,EAAEd,IAAZ;AAAkB,QAAA,KAAK,EAAEY,KAAzB;AAAgC,QAAA,KAAK,EAAEC,KAAvC;AAA8C,QAAA,MAAM,EAAEd;AAAtD,QADF;AAIA,0BACE;AAAK,QAAA,SAAS,EAAC,OAAf;AAAuB,QAAA,GAAG,EAAC;AAA3B,sBACE;AAAK,QAAA,SAAS,EAAC;AAAf,sBACE,oBAAC,kBAAD;AACE,QAAA,MAAM,EAAEA,MADV;AAEE,QAAA,KAAK,EAAEc,KAFT;AAGE,QAAA,IAAI,EAAEb,IAHR;AAIE,QAAA,KAAK,EAAEY;AAJT,QADF,EAMK,GANL,eAOE;AAAK,QAAA,SAAS,EAAC;AAAf,cAAwBE,IAAxB,MAPF,CADF,CADF;AAaD;;;;;;EAnCgCrB,KAAK,CAACsB,S","sourcesContent":["import React from \"react\";\nimport SocialInteractions from \"./SocialInteractions.jsx\";\nimport Task from \"./Task.jsx\";\nimport { gameText } from \"../gameText.js\";\n\nexport default class Round extends React.Component {\n  componentDidMount() {\n    const { player, game } = this.props;\n    const gameTextInLanguage = gameText.filter(\n      (row) => row.language == game.treatment.gameLanguage\n    )[0];\n\n    player.get(\"role\") === \"listener\"\n      ? player.set(\"name\", gameTextInLanguage.PLAYERPROFILE_guesser)\n      : player.set(\"name\", gameTextInLanguage.PLAYERPROFILE_director);\n  }\n\n  render() {\n    const { round, stage, player, game } = this.props;\n    const gameTextInLanguage = gameText.filter(\n      (row) => row.language == game.treatment.gameLanguage\n    )[0];\n\n    const view = (\n      <Task game={game} round={round} stage={stage} player={player} />\n    );\n\n    return (\n      <div className=\"round\" dir=\"auto\">\n        <div className=\"content\">\n          <SocialInteractions\n            player={player}\n            stage={stage}\n            game={game}\n            round={round}\n          />{\" \"}\n          <div className=\"view\"> {view} </div>\n        </div>\n      </div>\n    );\n  }\n}\n"]},"sourceType":"module","hash":"b0ebe66ca56b9f5411ee8636e252424d089472a1"}
