{"metadata":{},"options":{"compact":false,"sourceMaps":true,"ast":true,"babelrc":false,"configFile":false,"parserOpts":{"sourceType":"module","sourceFileName":"/Users/stefpop/Desktop/repos/withBrandon/crossling_reference/experiments/from-scratch/packages/empirica:core/ui/containers/admin/AdminBatchGameContainer.jsx","plugins":["*","flow","jsx","asyncGenerators","bigInt","classPrivateMethods","classPrivateProperties","classProperties","doExpressions","dynamicImport","exportDefaultFrom","exportExtensions","exportNamespaceFrom","functionBind","functionSent","importMeta","nullishCoalescingOperator","numericSeparator","objectRestSpread","optionalCatchBinding","optionalChaining",["pipelineOperator",{"proposal":"minimal"}],"throwExpressions","classProperties","classPrivateProperties","jsx","nullishCoalescingOperator","nullishCoalescingOperator","optionalChaining","optionalChaining","optionalCatchBinding","optionalCatchBinding","classProperties","classPrivateProperties","classPrivateMethods","classProperties","classPrivateProperties","asyncGenerators","asyncGenerators","objectRestSpread","objectRestSpread"],"allowImportExportEverywhere":true,"allowReturnOutsideFunction":true,"allowUndeclaredExports":true,"strictMode":false},"caller":{"name":"meteor","arch":"web.browser.legacy"},"sourceFileName":"packages/empirica:core/ui/containers/admin/AdminBatchGameContainer.jsx","filename":"/Users/stefpop/Desktop/repos/withBrandon/crossling_reference/experiments/from-scratch/packages/empirica:core/ui/containers/admin/AdminBatchGameContainer.jsx","cloneInputAst":true,"passPerPreset":false,"envName":"development","cwd":"/Users/stefpop/Desktop/repos/withBrandon/crossling_reference/experiments/from-scratch","root":"/Users/stefpop/Desktop/repos/withBrandon/crossling_reference/experiments/from-scratch","plugins":[{"key":"base$0","visitor":{"_exploded":true,"_verified":true},"options":{}},{"key":"base$0$0","visitor":{"Program":{"enter":[null],"exit":[null]},"_exploded":true,"_verified":true},"options":{"avoidModernSyntax":true,"enforceStrictMode":false,"dynamicImport":true}},{"key":"transform-runtime","visitor":{"CallExpression":{"enter":[null]},"BinaryExpression":{"enter":[null]},"MemberExpression":{"enter":[null],"exit":[null]},"_exploded":true,"_verified":true,"Identifier":{"enter":[null]},"JSXIdentifier":{"enter":[null]}},"options":{"version":"7.12.5","helpers":true,"useESModules":false,"corejs":false}},{"key":"proposal-class-properties","visitor":{"PrivateName":{"enter":[null]},"ExportDefaultDeclaration":{"enter":[null]},"_exploded":true,"_verified":true,"ClassExpression":{"enter":[null]},"ClassDeclaration":{"enter":[null]}},"options":{"loose":true}},{"key":"base$0$3","visitor":{"FunctionExpression":{"exit":[null]},"_exploded":true,"_verified":true},"options":{}},{"key":"base$0$4","visitor":{"ForInStatement":{"enter":[null]},"_exploded":true,"_verified":true},"options":{}},{"key":"transform-react-jsx","visitor":{"_exploded":{},"_verified":{},"JSXNamespacedName":{"enter":[null]},"JSXSpreadChild":{"enter":[null]},"Program":{"enter":[null]},"JSXElement":{"exit":[null]},"JSXFragment":{"exit":[null]},"JSXAttribute":{"enter":[null]}},"options":{"pragma":"React.createElement","pragmaFrag":"React.Fragment","runtime":"classic","throwIfNamespace":true,"useBuiltIns":false}},{"key":"transform-react-display-name","visitor":{"ExportDefaultDeclaration":{"enter":[null]},"CallExpression":{"enter":[null]},"_exploded":true,"_verified":true},"options":{}},{"key":"transform-react-pure-annotations","visitor":{"CallExpression":{"enter":[null]},"_exploded":true,"_verified":true},"options":{}},{"key":"syntax-nullish-coalescing-operator","visitor":{"_exploded":true,"_verified":true},"options":{}},{"key":"proposal-nullish-coalescing-operator","visitor":{"_exploded":{},"_verified":{},"LogicalExpression":{"enter":[null]}},"options":{}},{"key":"syntax-optional-chaining","visitor":{"_exploded":true,"_verified":true},"options":{}},{"key":"proposal-optional-chaining","visitor":{"_exploded":{},"_verified":{},"OptionalCallExpression":{"enter":[null]},"OptionalMemberExpression":{"enter":[null]}},"options":{}},{"key":"syntax-optional-catch-binding","visitor":{"_exploded":true,"_verified":true},"options":{}},{"key":"proposal-optional-catch-binding","visitor":{"_exploded":{},"_verified":{},"CatchClause":{"enter":[null]}},"options":{}},{"key":"syntax-class-properties","visitor":{"_exploded":true,"_verified":true},"options":{}},{"key":"proposal-class-properties","visitor":{"PrivateName":{"enter":[null]},"ExportDefaultDeclaration":{"enter":[null]},"_exploded":true,"_verified":true,"ClassExpression":{"enter":[null]},"ClassDeclaration":{"enter":[null]}},"options":{}},{"key":"syntax-async-generators","visitor":{"_exploded":true,"_verified":true},"options":{}},{"key":"proposal-async-generator-functions","visitor":{"_exploded":{},"_verified":{},"Program":{"enter":[null]}},"options":{}},{"key":"syntax-object-rest-spread","visitor":{"_exploded":true,"_verified":true},"options":{}},{"key":"proposal-object-rest-spread","visitor":{"_exploded":{},"_verified":{},"VariableDeclarator":{"enter":[null]},"ExportNamedDeclaration":{"enter":[null]},"CatchClause":{"enter":[null]},"AssignmentExpression":{"enter":[null]},"ArrayPattern":{"enter":[null]},"ObjectExpression":{"enter":[null]},"FunctionDeclaration":{"enter":[null]},"FunctionExpression":{"enter":[null]},"ObjectMethod":{"enter":[null]},"ArrowFunctionExpression":{"enter":[null]},"ClassMethod":{"enter":[null]},"ClassPrivateMethod":{"enter":[null]},"ForInStatement":{"enter":[null]},"ForOfStatement":{"enter":[null]}},"options":{}},{"key":"transform-arrow-functions","visitor":{"ArrowFunctionExpression":{"enter":[null]},"_exploded":true,"_verified":true},"options":{}},{"key":"transform-block-scoped-functions","visitor":{"BlockStatement":{"enter":[null]},"SwitchCase":{"enter":[null]},"_exploded":true,"_verified":true},"options":{}},{"key":"transform-block-scoping","visitor":{"VariableDeclaration":{"enter":[null]},"CatchClause":{"enter":[null]},"_exploded":true,"BlockStatement":{"enter":[null]},"SwitchStatement":{"enter":[null]},"Program":{"enter":[null]},"_verified":true,"DoWhileStatement":{"enter":[null]},"ForInStatement":{"enter":[null]},"ForStatement":{"enter":[null]},"WhileStatement":{"enter":[null]},"ForOfStatement":{"enter":[null]}},"options":{}},{"key":"transform-classes","visitor":{"ExportDefaultDeclaration":{"enter":[null]},"ClassDeclaration":{"enter":[null]},"ClassExpression":{"enter":[null]},"_exploded":true,"_verified":true},"options":{"loose":true}},{"key":"transform-computed-properties","visitor":{"ObjectExpression":{"exit":[null]},"_exploded":true,"_verified":true},"options":{"loose":true}},{"key":"transform-destructuring","visitor":{"ExportNamedDeclaration":{"enter":[null]},"CatchClause":{"enter":[null]},"AssignmentExpression":{"enter":[null]},"VariableDeclaration":{"enter":[null]},"_exploded":true,"_verified":true,"ForInStatement":{"enter":[null]},"ForOfStatement":{"enter":[null]}},"options":{}},{"key":"transform-for-of","visitor":{"ForOfStatement":{"enter":[null]},"_exploded":true,"_verified":true},"options":{"loose":true}},{"key":"transform-literals","visitor":{"NumericLiteral":{"enter":[null]},"StringLiteral":{"enter":[null]},"_exploded":true,"_verified":true},"options":{}},{"key":"transform-object-super","visitor":{"ObjectExpression":{"enter":[null]},"_exploded":true,"_verified":true},"options":{}},{"key":"transform-parameters","visitor":{"_exploded":true,"_verified":true,"FunctionDeclaration":{"enter":[null]},"FunctionExpression":{"enter":[null]},"ObjectMethod":{"enter":[null]},"ArrowFunctionExpression":{"enter":[null]},"ClassMethod":{"enter":[null]},"ClassPrivateMethod":{"enter":[null]}},"options":{}},{"key":"transform-shorthand-properties","visitor":{"ObjectMethod":{"enter":[null]},"ObjectProperty":{"enter":[null]},"_exploded":true,"_verified":true},"options":{}},{"key":"transform-spread","visitor":{"ArrayExpression":{"enter":[null]},"CallExpression":{"enter":[null]},"NewExpression":{"enter":[null]},"_exploded":true,"_verified":true},"options":{}},{"key":"transform-sticky-regex","visitor":{"RegExpLiteral":{"enter":[null]},"_exploded":true,"_verified":true},"options":{}},{"key":"transform-template-literals","visitor":{"TaggedTemplateExpression":{"enter":[null]},"TemplateLiteral":{"enter":[null]},"_exploded":true,"_verified":true},"options":{"loose":true}},{"key":"transform-typeof-symbol","visitor":{"UnaryExpression":{"enter":[null]},"_exploded":true,"_verified":true,"BlockStatement":{"enter":[null]},"CatchClause":{"enter":[null]},"DoWhileStatement":{"enter":[null]},"ForInStatement":{"enter":[null]},"ForStatement":{"enter":[null]},"FunctionDeclaration":{"enter":[null]},"FunctionExpression":{"enter":[null]},"Program":{"enter":[null]},"ObjectMethod":{"enter":[null]},"SwitchStatement":{"enter":[null]},"WhileStatement":{"enter":[null]},"ArrowFunctionExpression":{"enter":[null]},"ClassExpression":{"enter":[null]},"ClassDeclaration":{"enter":[null]},"ForOfStatement":{"enter":[null]},"ClassMethod":{"enter":[null]},"ClassPrivateMethod":{"enter":[null]},"StaticBlock":{"enter":[null]},"TSModuleBlock":{"enter":[null]},"AssignmentPattern":{"enter":[null]},"ArrayPattern":{"enter":[null]},"ObjectPattern":{"enter":[null]}},"options":{}},{"key":"transform-unicode-regex","visitor":{"RegExpLiteral":{"enter":[null]},"_exploded":true,"_verified":true},"options":{}},{"key":"transform-property-literals","visitor":{"ObjectProperty":{"exit":[null]},"_exploded":true,"_verified":true},"options":{}},{"key":"transform-exponentiation-operator","visitor":{"AssignmentExpression":{"enter":[null]},"BinaryExpression":{"enter":[null]},"_exploded":true,"_verified":true},"options":{}},{"key":"regenerator-transform","visitor":{"_exploded":true,"_verified":true,"ObjectMethod":{"enter":[null],"exit":[null]},"ClassMethod":{"enter":[null],"exit":[null]},"ClassPrivateMethod":{"enter":[null],"exit":[null]},"FunctionDeclaration":{"exit":[null]},"FunctionExpression":{"exit":[null]},"ArrowFunctionExpression":{"exit":[null]}},"options":{}}],"presets":[],"generatorOpts":{"filename":"/Users/stefpop/Desktop/repos/withBrandon/crossling_reference/experiments/from-scratch/packages/empirica:core/ui/containers/admin/AdminBatchGameContainer.jsx","comments":true,"compact":false,"sourceMaps":true,"sourceFileName":"packages/empirica:core/ui/containers/admin/AdminBatchGameContainer.jsx"}},"code":"var _objectSpread;\n\nmodule.link(\"@babel/runtime/helpers/objectSpread2\", {\n  default: function (v) {\n    _objectSpread = v;\n  }\n}, 0);\nvar withTracker;\nmodule.link(\"meteor/react-meteor-data\", {\n  withTracker: function (v) {\n    withTracker = v;\n  }\n}, 0);\nvar Rounds;\nmodule.link(\"../../../api/rounds/rounds\", {\n  Rounds: function (v) {\n    Rounds = v;\n  }\n}, 1);\nvar Stages;\nmodule.link(\"../../../api/stages/stages\", {\n  Stages: function (v) {\n    Stages = v;\n  }\n}, 2);\nvar AdminBatchGame;\nmodule.link(\"../../components/admin/AdminBatchGame\", {\n  \"default\": function (v) {\n    AdminBatchGame = v;\n  }\n}, 3);\nmodule.exportDefault(withTracker(function (props) {\n  var game = props.game;\n\n  if (!game) {\n    return props;\n  }\n\n  var gameId = game._id;\n  var gameLoading = !Meteor.subscribe(\"admin-batch-game\", {\n    gameId: gameId\n  }).ready();\n  var rounds = Rounds.find({\n    gameId: gameId\n  }).fetch();\n  var stages = Stages.find({\n    gameId: gameId\n  }).fetch();\n  return _objectSpread({\n    loading: gameLoading,\n    rounds: rounds,\n    stages: stages\n  }, props);\n})(AdminBatchGame));","map":{"version":3,"sources":["packages/empirica:core/ui/containers/admin/AdminBatchGameContainer.jsx"],"names":["_objectSpread","module","link","default","v","withTracker","Rounds","Stages","AdminBatchGame","exportDefault","props","game","gameId","_id","gameLoading","Meteor","subscribe","ready","rounds","find","fetch","stages","loading"],"mappings":"AAAA,IAAIA,aAAJ;;AAAkBC,MAAM,CAACC,IAAP,CAAY,sCAAZ,EAAmD;AAACC,EAAAA,OAAO,EAAC,UAASC,CAAT,EAAW;AAACJ,IAAAA,aAAa,GAACI,CAAd;AAAgB;AAArC,CAAnD,EAA0F,CAA1F;AAAlB,IAAIC,WAAJ;AAAgBJ,MAAM,CAACC,IAAP,CAAY,0BAAZ,EAAuC;AAACG,EAAAA,WAAW,EAAC,UAASD,CAAT,EAAW;AAACC,IAAAA,WAAW,GAACD,CAAZ;AAAc;AAAvC,CAAvC,EAAgF,CAAhF;AAAmF,IAAIE,MAAJ;AAAWL,MAAM,CAACC,IAAP,CAAY,4BAAZ,EAAyC;AAACI,EAAAA,MAAM,EAAC,UAASF,CAAT,EAAW;AAACE,IAAAA,MAAM,GAACF,CAAP;AAAS;AAA7B,CAAzC,EAAwE,CAAxE;AAA2E,IAAIG,MAAJ;AAAWN,MAAM,CAACC,IAAP,CAAY,4BAAZ,EAAyC;AAACK,EAAAA,MAAM,EAAC,UAASH,CAAT,EAAW;AAACG,IAAAA,MAAM,GAACH,CAAP;AAAS;AAA7B,CAAzC,EAAwE,CAAxE;AAA2E,IAAII,cAAJ;AAAmBP,MAAM,CAACC,IAAP,CAAY,uCAAZ,EAAoD;AAAC,aAAQ,UAASE,CAAT,EAAW;AAACI,IAAAA,cAAc,GAACJ,CAAf;AAAiB;AAAtC,CAApD,EAA4F,CAA5F;AAAlSH,MAAM,CAACQ,aAAP,CAKeJ,WAAW,CAAC,UAAAK,KAAK,EAAI;AAAA,MAC1BC,IAD0B,GACjBD,KADiB,CAC1BC,IAD0B;;AAGlC,MAAI,CAACA,IAAL,EAAW;AACT,WAAOD,KAAP;AACD;;AALiC,MAOrBE,MAPqB,GAOVD,IAPU,CAO1BE,GAP0B;AAQlC,MAAMC,WAAW,GAAG,CAACC,MAAM,CAACC,SAAP,CAAiB,kBAAjB,EAAqC;AACxDJ,IAAAA,MAAM,EAANA;AADwD,GAArC,EAElBK,KAFkB,EAArB;AAIA,MAAMC,MAAM,GAAGZ,MAAM,CAACa,IAAP,CAAY;AAAEP,IAAAA,MAAM,EAANA;AAAF,GAAZ,EAAwBQ,KAAxB,EAAf;AACA,MAAMC,MAAM,GAAGd,MAAM,CAACY,IAAP,CAAY;AAAEP,IAAAA,MAAM,EAANA;AAAF,GAAZ,EAAwBQ,KAAxB,EAAf;AAEA;AACEE,IAAAA,OAAO,EAAER,WADX;AAEEI,IAAAA,MAAM,EAANA,MAFF;AAGEG,IAAAA,MAAM,EAANA;AAHF,KAIKX,KAJL;AAMD,CArByB,CAAX,CAqBZF,cArBY,CALf","sourcesContent":["import { withTracker } from \"meteor/react-meteor-data\";\nimport { Rounds } from \"../../../api/rounds/rounds\";\nimport { Stages } from \"../../../api/stages/stages\";\nimport AdminBatchGame from \"../../components/admin/AdminBatchGame\";\n\nexport default withTracker(props => {\n  const { game } = props;\n\n  if (!game) {\n    return props;\n  }\n\n  const { _id: gameId } = game;\n  const gameLoading = !Meteor.subscribe(\"admin-batch-game\", {\n    gameId\n  }).ready();\n\n  const rounds = Rounds.find({ gameId }).fetch();\n  const stages = Stages.find({ gameId }).fetch();\n\n  return {\n    loading: gameLoading,\n    rounds,\n    stages,\n    ...props\n  };\n})(AdminBatchGame);\n"]},"sourceType":"module","hash":"bb6a6be7d4db43a5ccffcbf439bdd65615dfd2f1"}
