{"metadata":{},"options":{"compact":false,"sourceMaps":true,"ast":true,"babelrc":false,"configFile":false,"parserOpts":{"sourceType":"module","sourceFileName":"/Users/stefpop/Desktop/repos/withBrandon/crossling_reference/experiments/from-scratch/packages/empirica:core/ui/containers/admin/AdminFactorsContainer.jsx","plugins":["*","flow","jsx","asyncGenerators","bigInt","classPrivateMethods","classPrivateProperties","classProperties","doExpressions","dynamicImport","exportDefaultFrom","exportExtensions","exportNamespaceFrom","functionBind","functionSent","importMeta","nullishCoalescingOperator","numericSeparator","objectRestSpread","optionalCatchBinding","optionalChaining",["pipelineOperator",{"proposal":"minimal"}],"throwExpressions","classProperties","classPrivateProperties","jsx","nullishCoalescingOperator","nullishCoalescingOperator","optionalChaining","optionalChaining","optionalCatchBinding","optionalCatchBinding","classProperties","classPrivateProperties","classPrivateMethods","classProperties","classPrivateProperties","asyncGenerators","asyncGenerators","objectRestSpread","objectRestSpread"],"allowImportExportEverywhere":true,"allowReturnOutsideFunction":true,"allowUndeclaredExports":true,"strictMode":false},"caller":{"name":"meteor","arch":"web.browser.legacy"},"sourceFileName":"packages/empirica:core/ui/containers/admin/AdminFactorsContainer.jsx","filename":"/Users/stefpop/Desktop/repos/withBrandon/crossling_reference/experiments/from-scratch/packages/empirica:core/ui/containers/admin/AdminFactorsContainer.jsx","cloneInputAst":true,"passPerPreset":false,"envName":"development","cwd":"/Users/stefpop/Desktop/repos/withBrandon/crossling_reference/experiments/from-scratch","root":"/Users/stefpop/Desktop/repos/withBrandon/crossling_reference/experiments/from-scratch","plugins":[{"key":"base$0","visitor":{"_exploded":true,"_verified":true},"options":{}},{"key":"base$0$0","visitor":{"Program":{"enter":[null],"exit":[null]},"_exploded":true,"_verified":true},"options":{"avoidModernSyntax":true,"enforceStrictMode":false,"dynamicImport":true}},{"key":"transform-runtime","visitor":{"CallExpression":{"enter":[null]},"BinaryExpression":{"enter":[null]},"MemberExpression":{"enter":[null],"exit":[null]},"_exploded":true,"_verified":true,"Identifier":{"enter":[null]},"JSXIdentifier":{"enter":[null]}},"options":{"version":"7.12.5","helpers":true,"useESModules":false,"corejs":false}},{"key":"proposal-class-properties","visitor":{"PrivateName":{"enter":[null]},"ExportDefaultDeclaration":{"enter":[null]},"_exploded":true,"_verified":true,"ClassExpression":{"enter":[null]},"ClassDeclaration":{"enter":[null]}},"options":{"loose":true}},{"key":"base$0$3","visitor":{"FunctionExpression":{"exit":[null]},"_exploded":true,"_verified":true},"options":{}},{"key":"base$0$4","visitor":{"ForInStatement":{"enter":[null]},"_exploded":true,"_verified":true},"options":{}},{"key":"transform-react-jsx","visitor":{"_exploded":{},"_verified":{},"JSXNamespacedName":{"enter":[null]},"JSXSpreadChild":{"enter":[null]},"Program":{"enter":[null]},"JSXElement":{"exit":[null]},"JSXFragment":{"exit":[null]},"JSXAttribute":{"enter":[null]}},"options":{"pragma":"React.createElement","pragmaFrag":"React.Fragment","runtime":"classic","throwIfNamespace":true,"useBuiltIns":false}},{"key":"transform-react-display-name","visitor":{"ExportDefaultDeclaration":{"enter":[null]},"CallExpression":{"enter":[null]},"_exploded":true,"_verified":true},"options":{}},{"key":"transform-react-pure-annotations","visitor":{"CallExpression":{"enter":[null]},"_exploded":true,"_verified":true},"options":{}},{"key":"syntax-nullish-coalescing-operator","visitor":{"_exploded":true,"_verified":true},"options":{}},{"key":"proposal-nullish-coalescing-operator","visitor":{"_exploded":{},"_verified":{},"LogicalExpression":{"enter":[null]}},"options":{}},{"key":"syntax-optional-chaining","visitor":{"_exploded":true,"_verified":true},"options":{}},{"key":"proposal-optional-chaining","visitor":{"_exploded":{},"_verified":{},"OptionalCallExpression":{"enter":[null]},"OptionalMemberExpression":{"enter":[null]}},"options":{}},{"key":"syntax-optional-catch-binding","visitor":{"_exploded":true,"_verified":true},"options":{}},{"key":"proposal-optional-catch-binding","visitor":{"_exploded":{},"_verified":{},"CatchClause":{"enter":[null]}},"options":{}},{"key":"syntax-class-properties","visitor":{"_exploded":true,"_verified":true},"options":{}},{"key":"proposal-class-properties","visitor":{"PrivateName":{"enter":[null]},"ExportDefaultDeclaration":{"enter":[null]},"_exploded":true,"_verified":true,"ClassExpression":{"enter":[null]},"ClassDeclaration":{"enter":[null]}},"options":{}},{"key":"syntax-async-generators","visitor":{"_exploded":true,"_verified":true},"options":{}},{"key":"proposal-async-generator-functions","visitor":{"_exploded":{},"_verified":{},"Program":{"enter":[null]}},"options":{}},{"key":"syntax-object-rest-spread","visitor":{"_exploded":true,"_verified":true},"options":{}},{"key":"proposal-object-rest-spread","visitor":{"_exploded":{},"_verified":{},"VariableDeclarator":{"enter":[null]},"ExportNamedDeclaration":{"enter":[null]},"CatchClause":{"enter":[null]},"AssignmentExpression":{"enter":[null]},"ArrayPattern":{"enter":[null]},"ObjectExpression":{"enter":[null]},"FunctionDeclaration":{"enter":[null]},"FunctionExpression":{"enter":[null]},"ObjectMethod":{"enter":[null]},"ArrowFunctionExpression":{"enter":[null]},"ClassMethod":{"enter":[null]},"ClassPrivateMethod":{"enter":[null]},"ForInStatement":{"enter":[null]},"ForOfStatement":{"enter":[null]}},"options":{}},{"key":"transform-arrow-functions","visitor":{"ArrowFunctionExpression":{"enter":[null]},"_exploded":true,"_verified":true},"options":{}},{"key":"transform-block-scoped-functions","visitor":{"BlockStatement":{"enter":[null]},"SwitchCase":{"enter":[null]},"_exploded":true,"_verified":true},"options":{}},{"key":"transform-block-scoping","visitor":{"VariableDeclaration":{"enter":[null]},"CatchClause":{"enter":[null]},"_exploded":true,"BlockStatement":{"enter":[null]},"SwitchStatement":{"enter":[null]},"Program":{"enter":[null]},"_verified":true,"DoWhileStatement":{"enter":[null]},"ForInStatement":{"enter":[null]},"ForStatement":{"enter":[null]},"WhileStatement":{"enter":[null]},"ForOfStatement":{"enter":[null]}},"options":{}},{"key":"transform-classes","visitor":{"ExportDefaultDeclaration":{"enter":[null]},"ClassDeclaration":{"enter":[null]},"ClassExpression":{"enter":[null]},"_exploded":true,"_verified":true},"options":{"loose":true}},{"key":"transform-computed-properties","visitor":{"ObjectExpression":{"exit":[null]},"_exploded":true,"_verified":true},"options":{"loose":true}},{"key":"transform-destructuring","visitor":{"ExportNamedDeclaration":{"enter":[null]},"CatchClause":{"enter":[null]},"AssignmentExpression":{"enter":[null]},"VariableDeclaration":{"enter":[null]},"_exploded":true,"_verified":true,"ForInStatement":{"enter":[null]},"ForOfStatement":{"enter":[null]}},"options":{}},{"key":"transform-for-of","visitor":{"ForOfStatement":{"enter":[null]},"_exploded":true,"_verified":true},"options":{"loose":true}},{"key":"transform-literals","visitor":{"NumericLiteral":{"enter":[null]},"StringLiteral":{"enter":[null]},"_exploded":true,"_verified":true},"options":{}},{"key":"transform-object-super","visitor":{"ObjectExpression":{"enter":[null]},"_exploded":true,"_verified":true},"options":{}},{"key":"transform-parameters","visitor":{"_exploded":true,"_verified":true,"FunctionDeclaration":{"enter":[null]},"FunctionExpression":{"enter":[null]},"ObjectMethod":{"enter":[null]},"ArrowFunctionExpression":{"enter":[null]},"ClassMethod":{"enter":[null]},"ClassPrivateMethod":{"enter":[null]}},"options":{}},{"key":"transform-shorthand-properties","visitor":{"ObjectMethod":{"enter":[null]},"ObjectProperty":{"enter":[null]},"_exploded":true,"_verified":true},"options":{}},{"key":"transform-spread","visitor":{"ArrayExpression":{"enter":[null]},"CallExpression":{"enter":[null]},"NewExpression":{"enter":[null]},"_exploded":true,"_verified":true},"options":{}},{"key":"transform-sticky-regex","visitor":{"RegExpLiteral":{"enter":[null]},"_exploded":true,"_verified":true},"options":{}},{"key":"transform-template-literals","visitor":{"TaggedTemplateExpression":{"enter":[null]},"TemplateLiteral":{"enter":[null]},"_exploded":true,"_verified":true},"options":{"loose":true}},{"key":"transform-typeof-symbol","visitor":{"UnaryExpression":{"enter":[null]},"_exploded":true,"_verified":true,"BlockStatement":{"enter":[null]},"CatchClause":{"enter":[null]},"DoWhileStatement":{"enter":[null]},"ForInStatement":{"enter":[null]},"ForStatement":{"enter":[null]},"FunctionDeclaration":{"enter":[null]},"FunctionExpression":{"enter":[null]},"Program":{"enter":[null]},"ObjectMethod":{"enter":[null]},"SwitchStatement":{"enter":[null]},"WhileStatement":{"enter":[null]},"ArrowFunctionExpression":{"enter":[null]},"ClassExpression":{"enter":[null]},"ClassDeclaration":{"enter":[null]},"ForOfStatement":{"enter":[null]},"ClassMethod":{"enter":[null]},"ClassPrivateMethod":{"enter":[null]},"StaticBlock":{"enter":[null]},"TSModuleBlock":{"enter":[null]},"AssignmentPattern":{"enter":[null]},"ArrayPattern":{"enter":[null]},"ObjectPattern":{"enter":[null]}},"options":{}},{"key":"transform-unicode-regex","visitor":{"RegExpLiteral":{"enter":[null]},"_exploded":true,"_verified":true},"options":{}},{"key":"transform-property-literals","visitor":{"ObjectProperty":{"exit":[null]},"_exploded":true,"_verified":true},"options":{}},{"key":"transform-exponentiation-operator","visitor":{"AssignmentExpression":{"enter":[null]},"BinaryExpression":{"enter":[null]},"_exploded":true,"_verified":true},"options":{}},{"key":"regenerator-transform","visitor":{"_exploded":true,"_verified":true,"ObjectMethod":{"enter":[null],"exit":[null]},"ClassMethod":{"enter":[null],"exit":[null]},"ClassPrivateMethod":{"enter":[null],"exit":[null]},"FunctionDeclaration":{"exit":[null]},"FunctionExpression":{"exit":[null]},"ArrowFunctionExpression":{"exit":[null]}},"options":{}}],"presets":[],"generatorOpts":{"filename":"/Users/stefpop/Desktop/repos/withBrandon/crossling_reference/experiments/from-scratch/packages/empirica:core/ui/containers/admin/AdminFactorsContainer.jsx","comments":true,"compact":false,"sourceMaps":true,"sourceFileName":"packages/empirica:core/ui/containers/admin/AdminFactorsContainer.jsx"}},"code":"var withTracker;\nmodule.link(\"meteor/react-meteor-data\", {\n  withTracker: function (v) {\n    withTracker = v;\n  }\n}, 0);\nvar Factors;\nmodule.link(\"../../../api/factors/factors.js\", {\n  Factors: function (v) {\n    Factors = v;\n  }\n}, 1);\nvar FactorTypes;\nmodule.link(\"../../../api/factor-types/factor-types.js\", {\n  FactorTypes: function (v) {\n    FactorTypes = v;\n  }\n}, 2);\nvar Treatments;\nmodule.link(\"../../../api/treatments/treatments\", {\n  Treatments: function (v) {\n    Treatments = v;\n  }\n}, 3);\nvar AdminFactors;\nmodule.link(\"../../components/admin/AdminFactors.jsx\", {\n  \"default\": function (v) {\n    AdminFactors = v;\n  }\n}, 4);\nmodule.exportDefault(withTracker(function (props) {\n  var archived = props.archived;\n  var treatmentsLoading = !Meteor.subscribe(\"admin-treatments\", {}).ready();\n  var factorsLoading = !Meteor.subscribe(\"admin-factors\").ready();\n  var typesLoading = !Meteor.subscribe(\"admin-factor-types\").ready();\n  return {\n    loading: treatmentsLoading || factorsLoading || typesLoading,\n    treatments: Treatments.find().fetch(),\n    factors: Factors.find({\n      archivedAt: {\n        $exists: Boolean(archived)\n      }\n    }, {\n      sort: {\n        value: 1\n      }\n    }).fetch(),\n    factorTypes: FactorTypes.find({\n      archivedAt: {\n        $exists: Boolean(archived)\n      }\n    }).fetch(),\n    archived: archived\n  };\n})(AdminFactors));","map":{"version":3,"sources":["packages/empirica:core/ui/containers/admin/AdminFactorsContainer.jsx"],"names":["withTracker","module","link","v","Factors","FactorTypes","Treatments","AdminFactors","exportDefault","props","archived","treatmentsLoading","Meteor","subscribe","ready","factorsLoading","typesLoading","loading","treatments","find","fetch","factors","archivedAt","$exists","Boolean","sort","value","factorTypes"],"mappings":"AAAA,IAAIA,WAAJ;AAAgBC,MAAM,CAACC,IAAP,CAAY,0BAAZ,EAAuC;AAACF,EAAAA,WAAW,EAAC,UAASG,CAAT,EAAW;AAACH,IAAAA,WAAW,GAACG,CAAZ;AAAc;AAAvC,CAAvC,EAAgF,CAAhF;AAAmF,IAAIC,OAAJ;AAAYH,MAAM,CAACC,IAAP,CAAY,iCAAZ,EAA8C;AAACE,EAAAA,OAAO,EAAC,UAASD,CAAT,EAAW;AAACC,IAAAA,OAAO,GAACD,CAAR;AAAU;AAA/B,CAA9C,EAA+E,CAA/E;AAAkF,IAAIE,WAAJ;AAAgBJ,MAAM,CAACC,IAAP,CAAY,2CAAZ,EAAwD;AAACG,EAAAA,WAAW,EAAC,UAASF,CAAT,EAAW;AAACE,IAAAA,WAAW,GAACF,CAAZ;AAAc;AAAvC,CAAxD,EAAiG,CAAjG;AAAoG,IAAIG,UAAJ;AAAeL,MAAM,CAACC,IAAP,CAAY,oCAAZ,EAAiD;AAACI,EAAAA,UAAU,EAAC,UAASH,CAAT,EAAW;AAACG,IAAAA,UAAU,GAACH,CAAX;AAAa;AAArC,CAAjD,EAAwF,CAAxF;AAA2F,IAAII,YAAJ;AAAiBN,MAAM,CAACC,IAAP,CAAY,yCAAZ,EAAsD;AAAC,aAAQ,UAASC,CAAT,EAAW;AAACI,IAAAA,YAAY,GAACJ,CAAb;AAAe;AAApC,CAAtD,EAA4F,CAA5F;AAAhbF,MAAM,CAACO,aAAP,CAOeR,WAAW,CAAC,UAAAS,KAAK,EAAI;AAAA,MAC1BC,QAD0B,GACbD,KADa,CAC1BC,QAD0B;AAElC,MAAMC,iBAAiB,GAAG,CAACC,MAAM,CAACC,SAAP,CAAiB,kBAAjB,EAAqC,EAArC,EAAyCC,KAAzC,EAA3B;AACA,MAAMC,cAAc,GAAG,CAACH,MAAM,CAACC,SAAP,CAAiB,eAAjB,EAAkCC,KAAlC,EAAxB;AACA,MAAME,YAAY,GAAG,CAACJ,MAAM,CAACC,SAAP,CAAiB,oBAAjB,EAAuCC,KAAvC,EAAtB;AAEA,SAAO;AACLG,IAAAA,OAAO,EAAEN,iBAAiB,IAAII,cAArB,IAAuCC,YAD3C;AAELE,IAAAA,UAAU,EAAEZ,UAAU,CAACa,IAAX,GAAkBC,KAAlB,EAFP;AAGLC,IAAAA,OAAO,EAAEjB,OAAO,CAACe,IAAR,CACP;AAAEG,MAAAA,UAAU,EAAE;AAAEC,QAAAA,OAAO,EAAEC,OAAO,CAACd,QAAD;AAAlB;AAAd,KADO,EAEP;AAAEe,MAAAA,IAAI,EAAE;AAAEC,QAAAA,KAAK,EAAE;AAAT;AAAR,KAFO,EAGPN,KAHO,EAHJ;AAOLO,IAAAA,WAAW,EAAEtB,WAAW,CAACc,IAAZ,CAAiB;AAC5BG,MAAAA,UAAU,EAAE;AAAEC,QAAAA,OAAO,EAAEC,OAAO,CAACd,QAAD;AAAlB;AADgB,KAAjB,EAEVU,KAFU,EAPR;AAULV,IAAAA,QAAQ,EAARA;AAVK,GAAP;AAYD,CAlByB,CAAX,CAkBZH,YAlBY,CAPf","sourcesContent":["import { withTracker } from \"meteor/react-meteor-data\";\n\nimport { Factors } from \"../../../api/factors/factors.js\";\nimport { FactorTypes } from \"../../../api/factor-types/factor-types.js\";\nimport { Treatments } from \"../../../api/treatments/treatments\";\nimport AdminFactors from \"../../components/admin/AdminFactors.jsx\";\n\nexport default withTracker(props => {\n  const { archived } = props;\n  const treatmentsLoading = !Meteor.subscribe(\"admin-treatments\", {}).ready();\n  const factorsLoading = !Meteor.subscribe(\"admin-factors\").ready();\n  const typesLoading = !Meteor.subscribe(\"admin-factor-types\").ready();\n\n  return {\n    loading: treatmentsLoading || factorsLoading || typesLoading,\n    treatments: Treatments.find().fetch(),\n    factors: Factors.find(\n      { archivedAt: { $exists: Boolean(archived) } },\n      { sort: { value: 1 } }\n    ).fetch(),\n    factorTypes: FactorTypes.find({\n      archivedAt: { $exists: Boolean(archived) }\n    }).fetch(),\n    archived\n  };\n})(AdminFactors);\n"]},"sourceType":"module","hash":"bc46ec33beb83e7f5077749c3e57dacc6f65072e"}
