{"metadata":{},"options":{"compact":false,"sourceMaps":true,"ast":true,"babelrc":false,"configFile":false,"parserOpts":{"sourceType":"module","sourceFileName":"/Users/stefpop/Desktop/repos/withBrandon/crossling_reference/experiments/from-scratch/server/BCS/generateScenesBCS.js","plugins":["*","flow","jsx","asyncGenerators","bigInt","classPrivateMethods","classPrivateProperties","classProperties","doExpressions","dynamicImport","exportDefaultFrom","exportExtensions","exportNamespaceFrom","functionBind","functionSent","importMeta","nullishCoalescingOperator","numericSeparator","objectRestSpread","optionalCatchBinding","optionalChaining",["pipelineOperator",{"proposal":"minimal"}],"throwExpressions","objectRestSpread","objectRestSpread","asyncGenerators","classProperties","classPrivateProperties","jsx","nullishCoalescingOperator","nullishCoalescingOperator","optionalChaining","optionalChaining","optionalCatchBinding","optionalCatchBinding","classProperties","classPrivateProperties","classPrivateMethods","classProperties","classPrivateProperties","asyncGenerators","asyncGenerators","objectRestSpread","objectRestSpread"],"allowImportExportEverywhere":true,"allowReturnOutsideFunction":true,"allowUndeclaredExports":true,"strictMode":false},"caller":{"name":"meteor","arch":"os.osx.x86_64"},"sourceFileName":"server/BCS/generateScenesBCS.js","filename":"/Users/stefpop/Desktop/repos/withBrandon/crossling_reference/experiments/from-scratch/server/BCS/generateScenesBCS.js","cloneInputAst":true,"passPerPreset":false,"envName":"development","cwd":"/Users/stefpop/Desktop/repos/withBrandon/crossling_reference/experiments/from-scratch","root":"/Users/stefpop/Desktop/repos/withBrandon/crossling_reference/experiments/from-scratch","plugins":[{"key":"base$0","visitor":{"_exploded":true,"_verified":true},"options":{}},{"key":"base$0$0","visitor":{"Program":{"enter":[null],"exit":[null]},"_exploded":true,"_verified":true},"options":{"avoidModernSyntax":false,"enforceStrictMode":false,"dynamicImport":true,"generateLetDeclarations":true}},{"key":"transform-runtime","visitor":{"CallExpression":{"enter":[null]},"BinaryExpression":{"enter":[null]},"MemberExpression":{"enter":[null],"exit":[null]},"_exploded":true,"_verified":true,"Identifier":{"enter":[null]},"JSXIdentifier":{"enter":[null]}},"options":{"version":"7.12.5","helpers":true,"useESModules":false,"corejs":false}},{"key":"syntax-object-rest-spread","visitor":{"_exploded":true,"_verified":true},"options":{}},{"key":"proposal-object-rest-spread","visitor":{"_exploded":{},"_verified":{},"VariableDeclarator":{"enter":[null]},"ExportNamedDeclaration":{"enter":[null]},"CatchClause":{"enter":[null]},"AssignmentExpression":{"enter":[null]},"ArrayPattern":{"enter":[null]},"ObjectExpression":{"enter":[null]},"FunctionDeclaration":{"enter":[null]},"FunctionExpression":{"enter":[null]},"ObjectMethod":{"enter":[null]},"ArrowFunctionExpression":{"enter":[null]},"ClassMethod":{"enter":[null]},"ClassPrivateMethod":{"enter":[null]},"ForInStatement":{"enter":[null]},"ForOfStatement":{"enter":[null]}},"options":{}},{"key":"transform-meteor-async-await","visitor":{"AwaitExpression":{"enter":[null]},"_exploded":true,"_verified":true,"FunctionDeclaration":{"exit":[null]},"FunctionExpression":{"exit":[null]},"ObjectMethod":{"exit":[null]},"ArrowFunctionExpression":{"exit":[null]},"ClassMethod":{"exit":[null]},"ClassPrivateMethod":{"exit":[null]}},"options":{"useNativeAsyncAwait":false}},{"key":"proposal-async-generator-functions","visitor":{"_exploded":{},"_verified":{},"Program":{"enter":[null]}},"options":{}},{"key":"proposal-class-properties","visitor":{"PrivateName":{"enter":[null]},"ExportDefaultDeclaration":{"enter":[null]},"_exploded":true,"_verified":true,"ClassExpression":{"enter":[null]},"ClassDeclaration":{"enter":[null]}},"options":{"loose":true}},{"key":"transform-react-jsx","visitor":{"_exploded":{},"_verified":{},"JSXNamespacedName":{"enter":[null]},"JSXSpreadChild":{"enter":[null]},"Program":{"enter":[null]},"JSXElement":{"exit":[null]},"JSXFragment":{"exit":[null]},"JSXAttribute":{"enter":[null]}},"options":{"pragma":"React.createElement","pragmaFrag":"React.Fragment","runtime":"classic","throwIfNamespace":true,"useBuiltIns":false}},{"key":"transform-react-display-name","visitor":{"ExportDefaultDeclaration":{"enter":[null]},"CallExpression":{"enter":[null]},"_exploded":true,"_verified":true},"options":{}},{"key":"transform-react-pure-annotations","visitor":{"CallExpression":{"enter":[null]},"_exploded":true,"_verified":true},"options":{}},{"key":"syntax-nullish-coalescing-operator","visitor":{"_exploded":true,"_verified":true},"options":{}},{"key":"proposal-nullish-coalescing-operator","visitor":{"_exploded":{},"_verified":{},"LogicalExpression":{"enter":[null]}},"options":{}},{"key":"syntax-optional-chaining","visitor":{"_exploded":true,"_verified":true},"options":{}},{"key":"proposal-optional-chaining","visitor":{"_exploded":{},"_verified":{},"OptionalCallExpression":{"enter":[null]},"OptionalMemberExpression":{"enter":[null]}},"options":{}},{"key":"syntax-optional-catch-binding","visitor":{"_exploded":true,"_verified":true},"options":{}},{"key":"proposal-optional-catch-binding","visitor":{"_exploded":{},"_verified":{},"CatchClause":{"enter":[null]}},"options":{}},{"key":"syntax-class-properties","visitor":{"_exploded":true,"_verified":true},"options":{}},{"key":"proposal-class-properties","visitor":{"PrivateName":{"enter":[null]},"ExportDefaultDeclaration":{"enter":[null]},"_exploded":true,"_verified":true,"ClassExpression":{"enter":[null]},"ClassDeclaration":{"enter":[null]}},"options":{}},{"key":"syntax-async-generators","visitor":{"_exploded":true,"_verified":true},"options":{}},{"key":"proposal-async-generator-functions","visitor":{"_exploded":{},"_verified":{},"Program":{"enter":[null]}},"options":{}},{"key":"syntax-object-rest-spread","visitor":{"_exploded":true,"_verified":true},"options":{}},{"key":"proposal-object-rest-spread","visitor":{"_exploded":{},"_verified":{},"VariableDeclarator":{"enter":[null]},"ExportNamedDeclaration":{"enter":[null]},"CatchClause":{"enter":[null]},"AssignmentExpression":{"enter":[null]},"ArrayPattern":{"enter":[null]},"ObjectExpression":{"enter":[null]},"FunctionDeclaration":{"enter":[null]},"FunctionExpression":{"enter":[null]},"ObjectMethod":{"enter":[null]},"ArrowFunctionExpression":{"enter":[null]},"ClassMethod":{"enter":[null]},"ClassPrivateMethod":{"enter":[null]},"ForInStatement":{"enter":[null]},"ForOfStatement":{"enter":[null]}},"options":{}},{"key":"transform-literals","visitor":{"NumericLiteral":{"enter":[null]},"StringLiteral":{"enter":[null]},"_exploded":true,"_verified":true},"options":{}},{"key":"transform-template-literals","visitor":{"TaggedTemplateExpression":{"enter":[null]},"TemplateLiteral":{"enter":[null]},"_exploded":true,"_verified":true},"options":{}},{"key":"transform-parameters","visitor":{"_exploded":true,"_verified":true,"FunctionDeclaration":{"enter":[null]},"FunctionExpression":{"enter":[null]},"ObjectMethod":{"enter":[null]},"ArrowFunctionExpression":{"enter":[null]},"ClassMethod":{"enter":[null]},"ClassPrivateMethod":{"enter":[null]}},"options":{}},{"key":"transform-exponentiation-operator","visitor":{"AssignmentExpression":{"enter":[null]},"BinaryExpression":{"enter":[null]},"_exploded":true,"_verified":true},"options":{}}],"presets":[],"generatorOpts":{"filename":"/Users/stefpop/Desktop/repos/withBrandon/crossling_reference/experiments/from-scratch/server/BCS/generateScenesBCS.js","comments":true,"compact":false,"sourceMaps":true,"sourceFileName":"server/BCS/generateScenesBCS.js"}},"code":"let Empirica;\nmodule.link(\"meteor/empirica:core\", {\n  default(v) {\n    Empirica = v;\n  }\n\n}, 0);\nlet colorSizeIDsToName;\nmodule.link(\"../degenEtal2020/itemIDsToName.js\", {\n  colorSizeIDsToName(v) {\n    colorSizeIDsToName = v;\n  }\n\n}, 1);\nlet subToBasicAndSup;\nmodule.link(\"../degenEtal2020/supSupTrialsItems.js\", {\n  subToBasicAndSup(v) {\n    subToBasicAndSup = v;\n  }\n\n}, 2);\nlet supToBasicsToSubs;\nmodule.link(\"../degenEtal2020/supSupTrialsItems.js\", {\n  supToBasicsToSubs(v) {\n    supToBasicsToSubs = v;\n  }\n\n}, 3);\nlet subSupTrialsTargets;\nmodule.link(\"../degenEtal2020/supSupTrialsItems.js\", {\n  subSupTrialsTargets(v) {\n    subSupTrialsTargets = v;\n  }\n\n}, 4);\nlet allDef;\nmodule.link(\"./BCSitemIDsToName.js\", {\n  allDef(v) {\n    allDef = v;\n  }\n\n}, 5);\nlet allRotations;\nmodule.link(\"./BCSrotations.js\", {\n  allRotations(v) {\n    allRotations = v;\n  }\n\n}, 6);\nlet cs1Dict;\nmodule.link(\"./BCScolorSchemes.js\", {\n  cs1Dict(v) {\n    cs1Dict = v;\n  }\n\n}, 7);\nlet cs2Dict;\nmodule.link(\"./BCScolorSchemes.js\", {\n  cs2Dict(v) {\n    cs2Dict = v;\n  }\n\n}, 8);\n\nexports.generateScenes = function generateScenes() {\n  // array to hold all the scenes we create\n  let scenes = []; // CREATE TARGET SCENES\n  // iterate through scenarios in both color schemes\n\n  for (let determineColorScheme = 1; determineColorScheme < 3; determineColorScheme++) {\n    // iterate through the target object genders\n    // 1 = masculine, 2 = feminine\n    for (let g = 1; g < 3; g++) {\n      oppositeGender = \"\";\n\n      if (g == 1) {\n        oppositeGender = \"2\";\n      } else {\n        oppositeGender = \"1\";\n      } // pick rotation randomly\n\n\n      rot = allRotations[Math.floor(Math.random() * allRotations.length)]; // create all three trials of scene 1\n      // scene 1 is a color necessary scene\n\n      scenes.push(sceneColorNecessary(determineColorScheme, \"BCSStimulus_\" + determineColorScheme + \"_\" + g + \"_\" + rot[0][0], \"BCSStimulus_\" + determineColorScheme + \"_\" + g + \"_\" + rot[0][1], \"scene1\"));\n      scenes.push(sceneColorNecessary(determineColorScheme, \"BCSStimulus_\" + determineColorScheme + \"_\" + g + \"_\" + rot[1][0], \"BCSStimulus_\" + determineColorScheme + \"_\" + g + \"_\" + rot[1][1], \"scene1\"));\n      scenes.push(sceneColorNecessary(determineColorScheme, \"BCSStimulus_\" + determineColorScheme + \"_\" + g + \"_\" + rot[2][0], \"BCSStimulus_\" + determineColorScheme + \"_\" + g + \"_\" + rot[2][1], \"scene1\")); // create all 3 three trials of scene 2\n      // scene 2 is a color redundant scene\n\n      scenes.push(sceneColorRedundant(determineColorScheme, \"BCSStimulus_\" + determineColorScheme + \"_\" + g + \"_\" + rot[3][0], \"BCSStimulus_\" + determineColorScheme + \"_\" + g + \"_\" + rot[3][1], \"scene2\"));\n      scenes.push(sceneColorRedundant(determineColorScheme, \"BCSStimulus_\" + determineColorScheme + \"_\" + g + \"_\" + rot[4][0], \"BCSStimulus_\" + determineColorScheme + \"_\" + g + \"_\" + rot[4][1], \"scene2\"));\n      scenes.push(sceneColorRedundant(determineColorScheme, \"BCSStimulus_\" + determineColorScheme + \"_\" + g + \"_\" + rot[5][0], \"BCSStimulus_\" + determineColorScheme + \"_\" + g + \"_\" + rot[5][1], \"scene2\")); // create all 3 three trials of scene 3\n      // scene 3 is a color redundant scene\n\n      scenes.push(sceneColorRedundant(determineColorScheme, \"BCSStimulus_\" + determineColorScheme + \"_\" + g + \"_\" + rot[6][0], \"BCSStimulus_\" + determineColorScheme + \"_\" + oppositeGender + \"_\" + rot[6][1], \"scene3\"));\n      scenes.push(sceneColorRedundant(determineColorScheme, \"BCSStimulus_\" + determineColorScheme + \"_\" + g + \"_\" + rot[7][0], \"BCSStimulus_\" + determineColorScheme + \"_\" + oppositeGender + \"_\" + rot[7][1], \"scene3\"));\n      scenes.push(sceneColorRedundant(determineColorScheme, \"BCSStimulus_\" + determineColorScheme + \"_\" + g + \"_\" + rot[8][0], \"BCSStimulus_\" + determineColorScheme + \"_\" + oppositeGender + \"_\" + rot[8][1], \"scene3\")); // create all 3 three trials of scene 4\n      // scene 4 is a color necessary scene\n\n      scenes.push(sceneColorNecessary(determineColorScheme, \"BCSStimulus_\" + determineColorScheme + \"_\" + g + \"_\" + rot[9][0], \"BCSStimulus_\" + determineColorScheme + \"_\" + oppositeGender + \"_\" + rot[9][1], \"scene4\"));\n      scenes.push(sceneColorNecessary(determineColorScheme, \"BCSStimulus_\" + determineColorScheme + \"_\" + g + \"_\" + rot[10][0], \"BCSStimulus_\" + determineColorScheme + \"_\" + oppositeGender + \"_\" + rot[10][1], \"scene4\"));\n      scenes.push(sceneColorNecessary(determineColorScheme, \"BCSStimulus_\" + determineColorScheme + \"_\" + g + \"_\" + rot[11][0], \"BCSStimulus_\" + determineColorScheme + \"_\" + oppositeGender + \"_\" + rot[11][1], \"scene4\"));\n    }\n  } // CREATE DISTRACTOR SCENES\n  // shuffle subSupTrialsTargets\n\n\n  subSupTrialsTargets = _.shuffle(subSupTrialsTargets); // only pick first 24 items\n\n  for (let i = 0; i < 24; i++) {\n    let targetSub = subSupTrialsTargets[i];\n    let basicAndSup = subToBasicAndSup[targetSub];\n    let targetBasic = basicAndSup[0];\n    let targetSup = basicAndSup[1]; // let contextMode = _.sample(['subNec', 'basicSuff', 'supSuff']);             // OLD\n\n    let contextMode = _.sample(['subNec', 'basicSuff', 'basicSuff', 'supSuff']); // NEW\n\n\n    let distractor1;\n    let distractor2;\n\n    if (contextMode == 'subNec') {\n      // one distractor of the same basic category and one distractor of the same superordinate category (e.g., target: dalmatian, distractors: greyhound [also a dog] and squirrel [also an animal])\n      distractor1 = sampleElementExceptOne(targetSub, supToBasicsToSubs[targetSup][targetBasic], false);\n\n      let otherBasic = _.sample(Array.from(Object.keys(supToBasicsToSubs[targetSup])));\n\n      distractor2 = sampleElementExceptOne(targetSub, supToBasicsToSubs[targetSup][otherBasic], false);\n      /*\n      // alternative implementation, ensures distractor #2 has different basic category\n      let otherBasic = sampleElementExceptOne(targetBasic,\n                                              Array.from(Object.keys(supToBasicsToSubs[targetSup])),\n                                              false);\n      distractor2 = _.sample(supToBasicsToSubs[targetSup][otherBasic]);\n      */\n    } else if (contextMode == 'basicSuff') {\n      let basicSuffType = _.sample(['Type1', 'Type2']);\n\n      if (basicSuffType == 'Type1') {\n        // two distractors of the same superordinate category but different basic category as the target (e.g., target: husky, distractors: hamster and elephant)\n        let twoOtherBasics = sampleElementExceptOne(targetBasic, Array.from(Object.keys(supToBasicsToSubs[targetSup])), true);\n        distractor1 = _.sample(supToBasicsToSubs[targetSup][twoOtherBasics[0]]);\n        distractor2 = _.sample(supToBasicsToSubs[targetSup][twoOtherBasics[1]]);\n      } else {\n        // one distractor of the same superordinate category and one unrelated item\n        let otherBasic = sampleElementExceptOne(targetBasic, Array.from(Object.keys(supToBasicsToSubs[targetSup])), false);\n        distractor1 = _.sample(supToBasicsToSubs[targetSup][otherBasic]);\n        let otherSup = sampleElementExceptOne(targetSup, Array.from(Object.keys(supToBasicsToSubs)), false);\n\n        let someBasic = _.sample(Array.from(Object.keys(supToBasicsToSubs[otherSup])));\n\n        distractor2 = _.sample(supToBasicsToSubs[otherSup][someBasic]);\n      }\n\n      contextMode += basicSuffType;\n    } else {\n      // two unrelated items\n      let twoOtherSups = sampleElementExceptOne(targetSup, Array.from(Object.keys(supToBasicsToSubs)), true);\n\n      let someBasic = _.sample(Array.from(Object.keys(supToBasicsToSubs[twoOtherSups[0]])));\n\n      distractor1 = _.sample(supToBasicsToSubs[twoOtherSups[0]][someBasic]);\n\n      let anotherBasic = _.sample(Array.from(Object.keys(supToBasicsToSubs[twoOtherSups[1]])));\n\n      distractor2 = _.sample(supToBasicsToSubs[twoOtherSups[1]][anotherBasic]);\n    } // console.log(`${targetSub} ${targetBasic} ${targetSup}`);\n    // console.log(`${distractor1} ${subToBasicAndSup[distractor1][0]} ${subToBasicAndSup[distractor1][1]}`);\n    // console.log(`${distractor2} ${subToBasicAndSup[distractor2][0]} ${subToBasicAndSup[distractor2][1]}`)\n    // console.log()\n\n\n    let alt1BasicSup = subToBasicAndSup[distractor1];\n    let alt1Basic = alt1BasicSup[0];\n    let alt1Super = alt1BasicSup[1];\n    let alt2BasicSup = subToBasicAndSup[distractor2];\n    let alt2Basic = alt2BasicSup[0];\n    let alt2Super = alt2BasicSup[1];\n    scenes.push({\n      'TargetItem': targetSub,\n      'TargetItemBasicLevel': targetBasic,\n      'TargetItemSuperLevel': targetSup,\n      'alt1Name': distractor1,\n      'alt2Name': distractor2,\n      'alt3Name': 'IGNORE',\n      'alt4Name': 'IGNORE',\n      'alt1BasicLevel': alt1Basic,\n      'alt1SuperLevel': alt1Super,\n      'alt2BasicLevel': alt2Basic,\n      'alt2SuperLevel': alt2Super,\n      'NumDistractors': 2,\n      'condition': contextMode\n    });\n  }\n\n  return scenes;\n}; // return a dicitionary defining the target and other objects\n// Take in the color scheme, target object, and distractor object\n// return dictionary including following keys\n//\n// Diciontary format:\n//    TargetItem: string of format [randomly assigned color]_[target name]\n//                This must match the name of the jpg image for each target item\n//                 but should not include the '.jpg'\n//    NumDistractors: 2 (number of distractors)\n//    alt1Name: string of format [randomly assigned color]_[distractor name]\n//    alt2Name: string of format [randomly assigned color]_[distractor name]\n//    alt3Name: 'IGNORE' (because we only have 2 distractors)\n//    alt4Name: 'IGNORE'\n//    alt1BasicLevel: 'NA',\n//          This specifies the level (basic of superordinate) of the alternative\n//            items. This was used for Degen et al. 2020 experiment 3 items.\n//            These items will be used as the fillers for the BCS RSA experiment,\n//            so we keep these levels.\n//    alt1SuperLevel: 'NA',\n//    alt2BasicLevel: 'NA',\n//    alt2SuperLevel: 'NA',\n//    condition: ??? 0--> BRANDON< WHAT DOES TZHIS DO. and can I use it as a rotation???\n//\n\n\nfunction sceneMain(colorScheme, target, distractor, distractor2, condition) {\n  targetColor = pickColor(colorScheme);\n  distractorColor = pickColorExcept(colorScheme, targetColor); // convert target and distractor into actual string\n\n  targetString = allDef[target];\n  distractorString = allDef[distractor];\n  distractor2String = allDef[distractor2];\n  return {\n    'TargetItem': targetColor + \"_\" + targetString,\n    'NumDistractors': 2,\n    'alt1Name': targetColor + \"_\" + distractorString,\n    'alt2Name': distractorColor + \"_\" + distractor2String,\n    'alt3Name': 'IGNORE',\n    'alt4Name': 'IGNORE',\n    'alt1BasicLevel': 'NA',\n    'alt1SuperLevel': 'NA',\n    'alt2BasicLevel': 'NA',\n    'alt2SuperLevel': 'NA',\n    'condition': condition\n  };\n} // wrapper for color necessary condition. Calls on sceneMain and returns exact output\n// as SceneMaine, but this function determines that the second distractor item\n// will be the same type as the target\n\n\nfunction sceneColorNecessary(colorScheme, target, distractor, condition) {\n  return sceneMain(colorScheme, target, distractor, target, condition);\n} // wrapper for color redundant condition. Calls on sceneMain and returns exact output\n// as SceneMaine, but this function determines that the second distractor item\n// will be of a different type than the target (i.e. the two distractor items\n// will be the same type)\n\n\nfunction sceneColorRedundant(colorScheme, target, distractor, condition) {\n  return sceneMain(colorScheme, target, distractor, distractor, condition);\n} // Return a color within a specified color scheme\n// INPUT: int {1, 2}\n//        1 = color scheme 1\n//        2 = color scheme 2\n// OUTPUT: a string specifying a color as defined in cs1Dict and cs2Dict\n\n\nfunction pickColor(colorScheme) {\n  if (colorScheme == 1) {\n    return cs1Dict[Math.floor(Math.random() * cs1Dict.length)];\n  } else {\n    return cs2Dict[Math.floor(Math.random() * cs2Dict.length)];\n  }\n} // Return a color within a specified color scheme, that is NOT a specified color\n// INPUT: int {1, 2}\n//           1 = color scheme 1\n//            2 = color scheme 2\n//        string: color as defined in cs1Dict and cs2Dict\n// OUTPUT: a string specifying a color as defined in cs1Dict and cs2Dict, that\n//        is not the same as the color held in variable \"color\"\n\n\nfunction pickColorExcept(colorScheme, color) {\n  returnColor = pickColor(colorScheme);\n\n  if (returnColor == color) {\n    return pickColorExcept(colorScheme, color);\n  } else {\n    return returnColor;\n  }\n}\n\nfunction sampleElementExceptOne(needle, haystack, sampleTwo) {\n  let array = haystack.slice(0);\n  let index = array.indexOf(needle);\n  if (index > -1) array.splice(index, 1);\n\n  let firstSampledItem = _.sample(array);\n\n  if (!sampleTwo) return firstSampledItem;\n  index = array.indexOf(firstSampledItem);\n  array.splice(index, 1);\n\n  let secondSampledItem = _.sample(array);\n\n  return [firstSampledItem, secondSampledItem];\n}","map":{"version":3,"sources":["server/BCS/generateScenesBCS.js"],"names":["Empirica","module","link","default","v","colorSizeIDsToName","subToBasicAndSup","supToBasicsToSubs","subSupTrialsTargets","allDef","allRotations","cs1Dict","cs2Dict","exports","generateScenes","scenes","determineColorScheme","g","oppositeGender","rot","Math","floor","random","length","push","sceneColorNecessary","sceneColorRedundant","_","shuffle","i","targetSub","basicAndSup","targetBasic","targetSup","contextMode","sample","distractor1","distractor2","sampleElementExceptOne","otherBasic","Array","from","Object","keys","basicSuffType","twoOtherBasics","otherSup","someBasic","twoOtherSups","anotherBasic","alt1BasicSup","alt1Basic","alt1Super","alt2BasicSup","alt2Basic","alt2Super","sceneMain","colorScheme","target","distractor","condition","targetColor","pickColor","distractorColor","pickColorExcept","targetString","distractorString","distractor2String","color","returnColor","needle","haystack","sampleTwo","array","slice","index","indexOf","splice","firstSampledItem","secondSampledItem"],"mappings":"AAAA,IAAIA,QAAJ;AAAaC,MAAM,CAACC,IAAP,CAAY,sBAAZ,EAAmC;AAACC,EAAAA,OAAO,CAACC,CAAD,EAAG;AAACJ,IAAAA,QAAQ,GAACI,CAAT;AAAW;;AAAvB,CAAnC,EAA4D,CAA5D;AAA+D,IAAIC,kBAAJ;AAAuBJ,MAAM,CAACC,IAAP,CAAY,mCAAZ,EAAgD;AAACG,EAAAA,kBAAkB,CAACD,CAAD,EAAG;AAACC,IAAAA,kBAAkB,GAACD,CAAnB;AAAqB;;AAA5C,CAAhD,EAA8F,CAA9F;AAAiG,IAAIE,gBAAJ;AAAqBL,MAAM,CAACC,IAAP,CAAY,uCAAZ,EAAoD;AAACI,EAAAA,gBAAgB,CAACF,CAAD,EAAG;AAACE,IAAAA,gBAAgB,GAACF,CAAjB;AAAmB;;AAAxC,CAApD,EAA8F,CAA9F;AAAiG,IAAIG,iBAAJ;AAAsBN,MAAM,CAACC,IAAP,CAAY,uCAAZ,EAAoD;AAACK,EAAAA,iBAAiB,CAACH,CAAD,EAAG;AAACG,IAAAA,iBAAiB,GAACH,CAAlB;AAAoB;;AAA1C,CAApD,EAAgG,CAAhG;AAAmG,IAAII,mBAAJ;AAAwBP,MAAM,CAACC,IAAP,CAAY,uCAAZ,EAAoD;AAACM,EAAAA,mBAAmB,CAACJ,CAAD,EAAG;AAACI,IAAAA,mBAAmB,GAACJ,CAApB;AAAsB;;AAA9C,CAApD,EAAoG,CAApG;AAAuG,IAAIK,MAAJ;AAAWR,MAAM,CAACC,IAAP,CAAY,uBAAZ,EAAoC;AAACO,EAAAA,MAAM,CAACL,CAAD,EAAG;AAACK,IAAAA,MAAM,GAACL,CAAP;AAAS;;AAApB,CAApC,EAA0D,CAA1D;AAA6D,IAAIM,YAAJ;AAAiBT,MAAM,CAACC,IAAP,CAAY,mBAAZ,EAAgC;AAACQ,EAAAA,YAAY,CAACN,CAAD,EAAG;AAACM,IAAAA,YAAY,GAACN,CAAb;AAAe;;AAAhC,CAAhC,EAAkE,CAAlE;AAAqE,IAAIO,OAAJ;AAAYV,MAAM,CAACC,IAAP,CAAY,sBAAZ,EAAmC;AAACS,EAAAA,OAAO,CAACP,CAAD,EAAG;AAACO,IAAAA,OAAO,GAACP,CAAR;AAAU;;AAAtB,CAAnC,EAA2D,CAA3D;AAA8D,IAAIQ,OAAJ;AAAYX,MAAM,CAACC,IAAP,CAAY,sBAAZ,EAAmC;AAACU,EAAAA,OAAO,CAACR,CAAD,EAAG;AAACQ,IAAAA,OAAO,GAACR,CAAR;AAAU;;AAAtB,CAAnC,EAA2D,CAA3D;;AA+BtyBS,OAAO,CAACC,cAAR,GAAyB,SAASA,cAAT,GAA0B;AAC7C;AACA,MAAIC,MAAM,GAAG,EAAb,CAF6C,CAI7C;AAEA;;AACA,OAAK,IAAIC,oBAAoB,GAAG,CAAhC,EAAmCA,oBAAoB,GAAG,CAA1D,EAA6DA,oBAAoB,EAAjF,EAAqF;AACnF;AACA;AACA,SAAK,IAAIC,CAAC,GAAG,CAAb,EAAgBA,CAAC,GAAG,CAApB,EAAuBA,CAAC,EAAxB,EAA4B;AAC1BC,MAAAA,cAAc,GAAG,EAAjB;;AACA,UAAGD,CAAC,IAAI,CAAR,EAAW;AACTC,QAAAA,cAAc,GAAG,GAAjB;AACD,OAFD,MAEO;AACLA,QAAAA,cAAc,GAAG,GAAjB;AACD,OANyB,CAQ1B;;;AACAC,MAAAA,GAAG,GAAGT,YAAY,CAACU,IAAI,CAACC,KAAL,CAAWD,IAAI,CAACE,MAAL,KAAcZ,YAAY,CAACa,MAAtC,CAAD,CAAlB,CAT0B,CAW1B;AACA;;AACAR,MAAAA,MAAM,CAACS,IAAP,CAAYC,mBAAmB,CAACT,oBAAD,EAC7B,iBAAiBA,oBAAjB,GAAwC,GAAxC,GAA8CC,CAA9C,GAAkD,GAAlD,GAAwDE,GAAG,CAAC,CAAD,CAAH,CAAO,CAAP,CAD3B,EAE7B,iBAAiBH,oBAAjB,GAAwC,GAAxC,GAA8CC,CAA9C,GAAkD,GAAlD,GAAwDE,GAAG,CAAC,CAAD,CAAH,CAAO,CAAP,CAF3B,EAEsC,QAFtC,CAA/B;AAGAJ,MAAAA,MAAM,CAACS,IAAP,CAAYC,mBAAmB,CAACT,oBAAD,EAC7B,iBAAiBA,oBAAjB,GAAwC,GAAxC,GAA8CC,CAA9C,GAAkD,GAAlD,GAAwDE,GAAG,CAAC,CAAD,CAAH,CAAO,CAAP,CAD3B,EAE7B,iBAAiBH,oBAAjB,GAAwC,GAAxC,GAA8CC,CAA9C,GAAkD,GAAlD,GAAwDE,GAAG,CAAC,CAAD,CAAH,CAAO,CAAP,CAF3B,EAEsC,QAFtC,CAA/B;AAGAJ,MAAAA,MAAM,CAACS,IAAP,CAAYC,mBAAmB,CAACT,oBAAD,EAC7B,iBAAiBA,oBAAjB,GAAwC,GAAxC,GAA8CC,CAA9C,GAAkD,GAAlD,GAAwDE,GAAG,CAAC,CAAD,CAAH,CAAO,CAAP,CAD3B,EAE7B,iBAAiBH,oBAAjB,GAAwC,GAAxC,GAA8CC,CAA9C,GAAkD,GAAlD,GAAwDE,GAAG,CAAC,CAAD,CAAH,CAAO,CAAP,CAF3B,EAEsC,QAFtC,CAA/B,EAnB0B,CAuB1B;AACA;;AACAJ,MAAAA,MAAM,CAACS,IAAP,CAAYE,mBAAmB,CAACV,oBAAD,EAC7B,iBAAiBA,oBAAjB,GAAwC,GAAxC,GAA8CC,CAA9C,GAAkD,GAAlD,GAAwDE,GAAG,CAAC,CAAD,CAAH,CAAO,CAAP,CAD3B,EAE7B,iBAAiBH,oBAAjB,GAAwC,GAAxC,GAA8CC,CAA9C,GAAkD,GAAlD,GAAwDE,GAAG,CAAC,CAAD,CAAH,CAAO,CAAP,CAF3B,EAEsC,QAFtC,CAA/B;AAGAJ,MAAAA,MAAM,CAACS,IAAP,CAAYE,mBAAmB,CAACV,oBAAD,EAC7B,iBAAiBA,oBAAjB,GAAwC,GAAxC,GAA8CC,CAA9C,GAAkD,GAAlD,GAAwDE,GAAG,CAAC,CAAD,CAAH,CAAO,CAAP,CAD3B,EAE7B,iBAAiBH,oBAAjB,GAAwC,GAAxC,GAA8CC,CAA9C,GAAkD,GAAlD,GAAwDE,GAAG,CAAC,CAAD,CAAH,CAAO,CAAP,CAF3B,EAEsC,QAFtC,CAA/B;AAGAJ,MAAAA,MAAM,CAACS,IAAP,CAAYE,mBAAmB,CAACV,oBAAD,EAC7B,iBAAiBA,oBAAjB,GAAwC,GAAxC,GAA8CC,CAA9C,GAAkD,GAAlD,GAAwDE,GAAG,CAAC,CAAD,CAAH,CAAO,CAAP,CAD3B,EAE7B,iBAAiBH,oBAAjB,GAAwC,GAAxC,GAA8CC,CAA9C,GAAkD,GAAlD,GAAwDE,GAAG,CAAC,CAAD,CAAH,CAAO,CAAP,CAF3B,EAEsC,QAFtC,CAA/B,EA/B0B,CAmC1B;AACA;;AACAJ,MAAAA,MAAM,CAACS,IAAP,CAAYE,mBAAmB,CAACV,oBAAD,EAC7B,iBAAiBA,oBAAjB,GAAwC,GAAxC,GAA8CC,CAA9C,GAAkD,GAAlD,GAAwDE,GAAG,CAAC,CAAD,CAAH,CAAO,CAAP,CAD3B,EAE7B,iBAAiBH,oBAAjB,GAAwC,GAAxC,GAA8CE,cAA9C,GAA+D,GAA/D,GAAqEC,GAAG,CAAC,CAAD,CAAH,CAAO,CAAP,CAFxC,EAEmD,QAFnD,CAA/B;AAGAJ,MAAAA,MAAM,CAACS,IAAP,CAAYE,mBAAmB,CAACV,oBAAD,EAC7B,iBAAiBA,oBAAjB,GAAwC,GAAxC,GAA8CC,CAA9C,GAAkD,GAAlD,GAAwDE,GAAG,CAAC,CAAD,CAAH,CAAO,CAAP,CAD3B,EAE7B,iBAAiBH,oBAAjB,GAAwC,GAAxC,GAA8CE,cAA9C,GAA+D,GAA/D,GAAqEC,GAAG,CAAC,CAAD,CAAH,CAAO,CAAP,CAFxC,EAEmD,QAFnD,CAA/B;AAGAJ,MAAAA,MAAM,CAACS,IAAP,CAAYE,mBAAmB,CAACV,oBAAD,EAC7B,iBAAiBA,oBAAjB,GAAwC,GAAxC,GAA8CC,CAA9C,GAAkD,GAAlD,GAAwDE,GAAG,CAAC,CAAD,CAAH,CAAO,CAAP,CAD3B,EAE7B,iBAAiBH,oBAAjB,GAAwC,GAAxC,GAA8CE,cAA9C,GAA+D,GAA/D,GAAqEC,GAAG,CAAC,CAAD,CAAH,CAAO,CAAP,CAFxC,EAEmD,QAFnD,CAA/B,EA3C0B,CA+C1B;AACA;;AACAJ,MAAAA,MAAM,CAACS,IAAP,CAAYC,mBAAmB,CAACT,oBAAD,EAC7B,iBAAiBA,oBAAjB,GAAwC,GAAxC,GAA8CC,CAA9C,GAAkD,GAAlD,GAAwDE,GAAG,CAAC,CAAD,CAAH,CAAO,CAAP,CAD3B,EAE7B,iBAAiBH,oBAAjB,GAAwC,GAAxC,GAA8CE,cAA9C,GAA+D,GAA/D,GAAqEC,GAAG,CAAC,CAAD,CAAH,CAAO,CAAP,CAFxC,EAEmD,QAFnD,CAA/B;AAGAJ,MAAAA,MAAM,CAACS,IAAP,CAAYC,mBAAmB,CAACT,oBAAD,EAC7B,iBAAiBA,oBAAjB,GAAwC,GAAxC,GAA8CC,CAA9C,GAAkD,GAAlD,GAAwDE,GAAG,CAAC,EAAD,CAAH,CAAQ,CAAR,CAD3B,EAE7B,iBAAiBH,oBAAjB,GAAwC,GAAxC,GAA8CE,cAA9C,GAA+D,GAA/D,GAAqEC,GAAG,CAAC,EAAD,CAAH,CAAQ,CAAR,CAFxC,EAEoD,QAFpD,CAA/B;AAGAJ,MAAAA,MAAM,CAACS,IAAP,CAAYC,mBAAmB,CAACT,oBAAD,EAC7B,iBAAiBA,oBAAjB,GAAwC,GAAxC,GAA8CC,CAA9C,GAAkD,GAAlD,GAAwDE,GAAG,CAAC,EAAD,CAAH,CAAQ,CAAR,CAD3B,EAE7B,iBAAiBH,oBAAjB,GAAwC,GAAxC,GAA8CE,cAA9C,GAA+D,GAA/D,GAAqEC,GAAG,CAAC,EAAD,CAAH,CAAQ,CAAR,CAFxC,EAEoD,QAFpD,CAA/B;AAGD;AACF,GArE4C,CAwE7C;AAEA;;;AACAX,EAAAA,mBAAmB,GAAGmB,CAAC,CAACC,OAAF,CAAUpB,mBAAV,CAAtB,CA3E6C,CA6E7C;;AACA,OAAK,IAAIqB,CAAC,GAAG,CAAb,EAAgBA,CAAC,GAAG,EAApB,EAAwBA,CAAC,EAAzB,EACA;AACI,QAAIC,SAAS,GAAGtB,mBAAmB,CAACqB,CAAD,CAAnC;AACA,QAAIE,WAAW,GAAGzB,gBAAgB,CAACwB,SAAD,CAAlC;AACA,QAAIE,WAAW,GAAGD,WAAW,CAAC,CAAD,CAA7B;AACA,QAAIE,SAAS,GAAGF,WAAW,CAAC,CAAD,CAA3B,CAJJ,CAMI;;AACA,QAAIG,WAAW,GAAGP,CAAC,CAACQ,MAAF,CAAS,CAAC,QAAD,EAAW,WAAX,EAAwB,WAAxB,EAAqC,SAArC,CAAT,CAAlB,CAPJ,CAOmF;;;AAE/E,QAAIC,WAAJ;AACA,QAAIC,WAAJ;;AAEA,QAAIH,WAAW,IAAI,QAAnB,EACA;AACI;AACAE,MAAAA,WAAW,GAAGE,sBAAsB,CAACR,SAAD,EACAvB,iBAAiB,CAAC0B,SAAD,CAAjB,CAA6BD,WAA7B,CADA,EAEA,KAFA,CAApC;;AAIA,UAAIO,UAAU,GAAGZ,CAAC,CAACQ,MAAF,CAASK,KAAK,CAACC,IAAN,CAAWC,MAAM,CAACC,IAAP,CAAYpC,iBAAiB,CAAC0B,SAAD,CAA7B,CAAX,CAAT,CAAjB;;AACAI,MAAAA,WAAW,GAAGC,sBAAsB,CAACR,SAAD,EACAvB,iBAAiB,CAAC0B,SAAD,CAAjB,CAA6BM,UAA7B,CADA,EAEA,KAFA,CAApC;AAIA;AACd;AACA;AACA;AACA;AACA;AACA;AACW,KAnBD,MAoBK,IAAIL,WAAW,IAAI,WAAnB,EACL;AACI,UAAIU,aAAa,GAAGjB,CAAC,CAACQ,MAAF,CAAS,CAAC,OAAD,EAAU,OAAV,CAAT,CAApB;;AACA,UAAIS,aAAa,IAAI,OAArB,EACA;AACI;AACA,YAAIC,cAAc,GAAGP,sBAAsB,CAACN,WAAD,EACCQ,KAAK,CAACC,IAAN,CAAWC,MAAM,CAACC,IAAP,CAAYpC,iBAAiB,CAAC0B,SAAD,CAA7B,CAAX,CADD,EAEC,IAFD,CAA3C;AAGAG,QAAAA,WAAW,GAAGT,CAAC,CAACQ,MAAF,CAAS5B,iBAAiB,CAAC0B,SAAD,CAAjB,CAA6BY,cAAc,CAAC,CAAD,CAA3C,CAAT,CAAd;AACAR,QAAAA,WAAW,GAAGV,CAAC,CAACQ,MAAF,CAAS5B,iBAAiB,CAAC0B,SAAD,CAAjB,CAA6BY,cAAc,CAAC,CAAD,CAA3C,CAAT,CAAd;AACH,OARD,MAUA;AACI;AACA,YAAIN,UAAU,GAAGD,sBAAsB,CAACN,WAAD,EACCQ,KAAK,CAACC,IAAN,CAAWC,MAAM,CAACC,IAAP,CAAYpC,iBAAiB,CAAC0B,SAAD,CAA7B,CAAX,CADD,EAEC,KAFD,CAAvC;AAGAG,QAAAA,WAAW,GAAGT,CAAC,CAACQ,MAAF,CAAS5B,iBAAiB,CAAC0B,SAAD,CAAjB,CAA6BM,UAA7B,CAAT,CAAd;AAEA,YAAIO,QAAQ,GAAGR,sBAAsB,CAACL,SAAD,EACDO,KAAK,CAACC,IAAN,CAAWC,MAAM,CAACC,IAAP,CAAYpC,iBAAZ,CAAX,CADC,EAED,KAFC,CAArC;;AAGA,YAAIwC,SAAS,GAAGpB,CAAC,CAACQ,MAAF,CAASK,KAAK,CAACC,IAAN,CAAWC,MAAM,CAACC,IAAP,CAAYpC,iBAAiB,CAACuC,QAAD,CAA7B,CAAX,CAAT,CAAhB;;AACAT,QAAAA,WAAW,GAAGV,CAAC,CAACQ,MAAF,CAAS5B,iBAAiB,CAACuC,QAAD,CAAjB,CAA4BC,SAA5B,CAAT,CAAd;AACH;;AACDb,MAAAA,WAAW,IAAIU,aAAf;AACH,KA3BI,MA6BL;AACI;AACA,UAAII,YAAY,GAAGV,sBAAsB,CAACL,SAAD,EACDO,KAAK,CAACC,IAAN,CAAWC,MAAM,CAACC,IAAP,CAAYpC,iBAAZ,CAAX,CADC,EAED,IAFC,CAAzC;;AAGA,UAAIwC,SAAS,GAAGpB,CAAC,CAACQ,MAAF,CAASK,KAAK,CAACC,IAAN,CAAWC,MAAM,CAACC,IAAP,CAAYpC,iBAAiB,CAACyC,YAAY,CAAC,CAAD,CAAb,CAA7B,CAAX,CAAT,CAAhB;;AACAZ,MAAAA,WAAW,GAAGT,CAAC,CAACQ,MAAF,CAAS5B,iBAAiB,CAACyC,YAAY,CAAC,CAAD,CAAb,CAAjB,CAAmCD,SAAnC,CAAT,CAAd;;AACA,UAAIE,YAAY,GAAGtB,CAAC,CAACQ,MAAF,CAASK,KAAK,CAACC,IAAN,CAAWC,MAAM,CAACC,IAAP,CAAYpC,iBAAiB,CAACyC,YAAY,CAAC,CAAD,CAAb,CAA7B,CAAX,CAAT,CAAnB;;AACAX,MAAAA,WAAW,GAAGV,CAAC,CAACQ,MAAF,CAAS5B,iBAAiB,CAACyC,YAAY,CAAC,CAAD,CAAb,CAAjB,CAAmCC,YAAnC,CAAT,CAAd;AACH,KAtEL,CAuEI;AACA;AACA;AACA;;;AAEA,QAAIC,YAAY,GAAG5C,gBAAgB,CAAC8B,WAAD,CAAnC;AACA,QAAIe,SAAS,GAAGD,YAAY,CAAC,CAAD,CAA5B;AACA,QAAIE,SAAS,GAAGF,YAAY,CAAC,CAAD,CAA5B;AACA,QAAIG,YAAY,GAAG/C,gBAAgB,CAAC+B,WAAD,CAAnC;AACA,QAAIiB,SAAS,GAAGD,YAAY,CAAC,CAAD,CAA5B;AACA,QAAIE,SAAS,GAAGF,YAAY,CAAC,CAAD,CAA5B;AAEAtC,IAAAA,MAAM,CAACS,IAAP,CAAY;AACR,oBAAcM,SADN;AAER,8BAAwBE,WAFhB;AAGR,8BAAwBC,SAHhB;AAIR,kBAAYG,WAJJ;AAKR,kBAAYC,WALJ;AAMR,kBAAY,QANJ;AAOR,kBAAY,QAPJ;AAQR,wBAAkBc,SARV;AASR,wBAAkBC,SATV;AAUR,wBAAkBE,SAVV;AAWR,wBAAkBC,SAXV;AAYR,wBAAkB,CAZV;AAaR,mBAAcrB;AAbN,KAAZ;AAeH;;AAED,SAAOnB,MAAP;AACD,CApLL,C,CAsLI;AACA;AACA;AACA;AACA;AACA;AACA;AACA;AACA;AACA;AACA;AACA;AACA;AACA;AACA;AACA;AACA;AACA;AACA;AACA;AACA;AACA;AACA;;;AAEA,SAASyC,SAAT,CAAmBC,WAAnB,EAAgCC,MAAhC,EAAwCC,UAAxC,EAAoDtB,WAApD,EAAiEuB,SAAjE,EAA4E;AAC1EC,EAAAA,WAAW,GAAGC,SAAS,CAACL,WAAD,CAAvB;AACAM,EAAAA,eAAe,GAAGC,eAAe,CAACP,WAAD,EAAcI,WAAd,CAAjC,CAF0E,CAI1E;;AACAI,EAAAA,YAAY,GAAGxD,MAAM,CAACiD,MAAD,CAArB;AACAQ,EAAAA,gBAAgB,GAAGzD,MAAM,CAACkD,UAAD,CAAzB;AACAQ,EAAAA,iBAAiB,GAAG1D,MAAM,CAAC4B,WAAD,CAA1B;AAEA,SAAO;AACL,kBAAcwB,WAAW,GAAG,GAAd,GAAoBI,YAD7B;AAEL,sBAAkB,CAFb;AAGL,gBAAYJ,WAAW,GAAG,GAAd,GAAoBK,gBAH3B;AAIL,gBAAYH,eAAe,GAAG,GAAlB,GAAwBI,iBAJ/B;AAKL,gBAAY,QALP;AAML,gBAAY,QANP;AAOL,sBAAkB,IAPb;AAQL,sBAAkB,IARb;AASL,sBAAkB,IATb;AAUL,sBAAkB,IAVb;AAWL,iBAAaP;AAXR,GAAP;AAaD,C,CAGH;AACA;AACA;;;AACA,SAASnC,mBAAT,CAA6BgC,WAA7B,EAA0CC,MAA1C,EAAkDC,UAAlD,EAA8DC,SAA9D,EAAyE;AACvE,SAAOJ,SAAS,CAACC,WAAD,EAAcC,MAAd,EAAsBC,UAAtB,EAAkCD,MAAlC,EAA0CE,SAA1C,CAAhB;AACD,C,CAED;AACA;AACA;AACA;;;AACA,SAASlC,mBAAT,CAA6B+B,WAA7B,EAA0CC,MAA1C,EAAkDC,UAAlD,EAA8DC,SAA9D,EAAyE;AACvE,SAAOJ,SAAS,CAACC,WAAD,EAAcC,MAAd,EAAsBC,UAAtB,EAAkCA,UAAlC,EAA8CC,SAA9C,CAAhB;AACD,C,CAED;AACA;AACA;AACA;AACA;;;AACA,SAASE,SAAT,CAAmBL,WAAnB,EAAgC;AAC9B,MAAIA,WAAW,IAAI,CAAnB,EAAsB;AACpB,WAAO9C,OAAO,CAACS,IAAI,CAACC,KAAL,CAAWD,IAAI,CAACE,MAAL,KAAcX,OAAO,CAACY,MAAjC,CAAD,CAAd;AACD,GAFD,MAEO;AACL,WAAOX,OAAO,CAACQ,IAAI,CAACC,KAAL,CAAWD,IAAI,CAACE,MAAL,KAAcV,OAAO,CAACW,MAAjC,CAAD,CAAd;AACD;AACF,C,CAED;AACA;AACA;AACA;AACA;AACA;AACA;;;AACA,SAASyC,eAAT,CAAyBP,WAAzB,EAAsCW,KAAtC,EAA6C;AAC3CC,EAAAA,WAAW,GAAGP,SAAS,CAACL,WAAD,CAAvB;;AACA,MAAIY,WAAW,IAAID,KAAnB,EAA0B;AACxB,WAAOJ,eAAe,CAACP,WAAD,EAAcW,KAAd,CAAtB;AACD,GAFD,MAEO;AACL,WAAOC,WAAP;AACD;AACF;;AAED,SAAS/B,sBAAT,CAAgCgC,MAAhC,EAAwCC,QAAxC,EAAkDC,SAAlD,EACA;AACI,MAAIC,KAAK,GAAGF,QAAQ,CAACG,KAAT,CAAe,CAAf,CAAZ;AACA,MAAIC,KAAK,GAAGF,KAAK,CAACG,OAAN,CAAcN,MAAd,CAAZ;AAEA,MAAIK,KAAK,GAAG,CAAC,CAAb,EACIF,KAAK,CAACI,MAAN,CAAaF,KAAb,EAAoB,CAApB;;AAEJ,MAAIG,gBAAgB,GAAGnD,CAAC,CAACQ,MAAF,CAASsC,KAAT,CAAvB;;AAEA,MAAI,CAAED,SAAN,EACI,OAAOM,gBAAP;AAEJH,EAAAA,KAAK,GAAGF,KAAK,CAACG,OAAN,CAAcE,gBAAd,CAAR;AACAL,EAAAA,KAAK,CAACI,MAAN,CAAaF,KAAb,EAAoB,CAApB;;AAEA,MAAII,iBAAiB,GAAGpD,CAAC,CAACQ,MAAF,CAASsC,KAAT,CAAxB;;AAEA,SAAO,CAACK,gBAAD,EAAmBC,iBAAnB,CAAP;AACH","sourcesContent":["/*\n\nExplain this document, its output, and how it interacts with the rest of the app.\n\nExplain:\n- rotations\n- where to find all the relevant info in the repo about the trials and conditions etc.\n\n\ncomment all the relevant files\n\n\n\nQuestions for Brandon:\n- condition in each trial --> what is it for and what should I put there?\n- how do we want to decide the rotations\n\n*/\n\nimport Empirica from \"meteor/empirica:core\";\n\nimport { colorSizeIDsToName } from '../degenEtal2020/itemIDsToName.js';\nimport { subToBasicAndSup } from '../degenEtal2020/supSupTrialsItems.js';\nimport { supToBasicsToSubs } from '../degenEtal2020/supSupTrialsItems.js';\nimport { subSupTrialsTargets } from '../degenEtal2020/supSupTrialsItems.js';\n\nimport { allDef } from './BCSitemIDsToName.js';\nimport { allRotations } from './BCSrotations.js';\nimport { cs1Dict } from './BCScolorSchemes.js';\nimport { cs2Dict } from './BCScolorSchemes.js';\n\nexports.generateScenes = function generateScenes() {\n      // array to hold all the scenes we create\n      let scenes = [];\n\n      // CREATE TARGET SCENES\n\n      // iterate through scenarios in both color schemes\n      for (let determineColorScheme = 1; determineColorScheme < 3; determineColorScheme++) {\n        // iterate through the target object genders\n        // 1 = masculine, 2 = feminine\n        for (let g = 1; g < 3; g++) {\n          oppositeGender = \"\";\n          if(g == 1) {\n            oppositeGender = \"2\";\n          } else {\n            oppositeGender = \"1\";\n          }\n\n          // pick rotation randomly\n          rot = allRotations[Math.floor(Math.random()*allRotations.length)];\n\n          // create all three trials of scene 1\n          // scene 1 is a color necessary scene\n          scenes.push(sceneColorNecessary(determineColorScheme,\n            \"BCSStimulus_\" + determineColorScheme + \"_\" + g + \"_\" + rot[0][0],\n            \"BCSStimulus_\" + determineColorScheme + \"_\" + g + \"_\" + rot[0][1], \"scene1\"));\n          scenes.push(sceneColorNecessary(determineColorScheme,\n            \"BCSStimulus_\" + determineColorScheme + \"_\" + g + \"_\" + rot[1][0],\n            \"BCSStimulus_\" + determineColorScheme + \"_\" + g + \"_\" + rot[1][1], \"scene1\"));\n          scenes.push(sceneColorNecessary(determineColorScheme,\n            \"BCSStimulus_\" + determineColorScheme + \"_\" + g + \"_\" + rot[2][0],\n            \"BCSStimulus_\" + determineColorScheme + \"_\" + g + \"_\" + rot[2][1], \"scene1\"));\n\n          // create all 3 three trials of scene 2\n          // scene 2 is a color redundant scene\n          scenes.push(sceneColorRedundant(determineColorScheme,\n            \"BCSStimulus_\" + determineColorScheme + \"_\" + g + \"_\" + rot[3][0],\n            \"BCSStimulus_\" + determineColorScheme + \"_\" + g + \"_\" + rot[3][1], \"scene2\"));\n          scenes.push(sceneColorRedundant(determineColorScheme,\n            \"BCSStimulus_\" + determineColorScheme + \"_\" + g + \"_\" + rot[4][0],\n            \"BCSStimulus_\" + determineColorScheme + \"_\" + g + \"_\" + rot[4][1], \"scene2\"));\n          scenes.push(sceneColorRedundant(determineColorScheme,\n            \"BCSStimulus_\" + determineColorScheme + \"_\" + g + \"_\" + rot[5][0],\n            \"BCSStimulus_\" + determineColorScheme + \"_\" + g + \"_\" + rot[5][1], \"scene2\"));\n\n          // create all 3 three trials of scene 3\n          // scene 3 is a color redundant scene\n          scenes.push(sceneColorRedundant(determineColorScheme,\n            \"BCSStimulus_\" + determineColorScheme + \"_\" + g + \"_\" + rot[6][0],\n            \"BCSStimulus_\" + determineColorScheme + \"_\" + oppositeGender + \"_\" + rot[6][1], \"scene3\"));\n          scenes.push(sceneColorRedundant(determineColorScheme,\n            \"BCSStimulus_\" + determineColorScheme + \"_\" + g + \"_\" + rot[7][0],\n            \"BCSStimulus_\" + determineColorScheme + \"_\" + oppositeGender + \"_\" + rot[7][1], \"scene3\"));\n          scenes.push(sceneColorRedundant(determineColorScheme,\n            \"BCSStimulus_\" + determineColorScheme + \"_\" + g + \"_\" + rot[8][0],\n            \"BCSStimulus_\" + determineColorScheme + \"_\" + oppositeGender + \"_\" + rot[8][1], \"scene3\"));\n\n          // create all 3 three trials of scene 4\n          // scene 4 is a color necessary scene\n          scenes.push(sceneColorNecessary(determineColorScheme,\n            \"BCSStimulus_\" + determineColorScheme + \"_\" + g + \"_\" + rot[9][0],\n            \"BCSStimulus_\" + determineColorScheme + \"_\" + oppositeGender + \"_\" + rot[9][1], \"scene4\"));\n          scenes.push(sceneColorNecessary(determineColorScheme,\n            \"BCSStimulus_\" + determineColorScheme + \"_\" + g + \"_\" + rot[10][0],\n            \"BCSStimulus_\" + determineColorScheme + \"_\" + oppositeGender + \"_\" + rot[10][1], \"scene4\"));\n          scenes.push(sceneColorNecessary(determineColorScheme,\n            \"BCSStimulus_\" + determineColorScheme + \"_\" + g + \"_\" + rot[11][0],\n            \"BCSStimulus_\" + determineColorScheme + \"_\" + oppositeGender + \"_\" + rot[11][1], \"scene4\"));\n        }\n      }\n\n\n      // CREATE DISTRACTOR SCENES\n\n      // shuffle subSupTrialsTargets\n      subSupTrialsTargets = _.shuffle(subSupTrialsTargets);\n\n      // only pick first 24 items\n      for (let i = 0; i < 24; i++)\n      {\n          let targetSub = subSupTrialsTargets[i];\n          let basicAndSup = subToBasicAndSup[targetSub];\n          let targetBasic = basicAndSup[0];\n          let targetSup = basicAndSup[1];\n\n          // let contextMode = _.sample(['subNec', 'basicSuff', 'supSuff']);             // OLD\n          let contextMode = _.sample(['subNec', 'basicSuff', 'basicSuff', 'supSuff']);   // NEW\n\n          let distractor1;\n          let distractor2;\n\n          if (contextMode == 'subNec')\n          {\n              // one distractor of the same basic category and one distractor of the same superordinate category (e.g., target: dalmatian, distractors: greyhound [also a dog] and squirrel [also an animal])\n              distractor1 = sampleElementExceptOne(targetSub,\n                                                  supToBasicsToSubs[targetSup][targetBasic],\n                                                  false);\n\n              let otherBasic = _.sample(Array.from(Object.keys(supToBasicsToSubs[targetSup])));\n              distractor2 = sampleElementExceptOne(targetSub,\n                                                  supToBasicsToSubs[targetSup][otherBasic],\n                                                  false);\n\n              /*\n              // alternative implementation, ensures distractor #2 has different basic category\n              let otherBasic = sampleElementExceptOne(targetBasic,\n                                                      Array.from(Object.keys(supToBasicsToSubs[targetSup])),\n                                                      false);\n              distractor2 = _.sample(supToBasicsToSubs[targetSup][otherBasic]);\n              */\n          }\n          else if (contextMode == 'basicSuff')\n          {\n              let basicSuffType = _.sample(['Type1', 'Type2']);\n              if (basicSuffType == 'Type1')\n              {\n                  // two distractors of the same superordinate category but different basic category as the target (e.g., target: husky, distractors: hamster and elephant)\n                  let twoOtherBasics = sampleElementExceptOne(targetBasic,\n                                                              Array.from(Object.keys(supToBasicsToSubs[targetSup])),\n                                                              true);\n                  distractor1 = _.sample(supToBasicsToSubs[targetSup][twoOtherBasics[0]]);\n                  distractor2 = _.sample(supToBasicsToSubs[targetSup][twoOtherBasics[1]]);\n              }\n              else\n              {\n                  // one distractor of the same superordinate category and one unrelated item\n                  let otherBasic = sampleElementExceptOne(targetBasic,\n                                                          Array.from(Object.keys(supToBasicsToSubs[targetSup])),\n                                                          false);\n                  distractor1 = _.sample(supToBasicsToSubs[targetSup][otherBasic]);\n\n                  let otherSup = sampleElementExceptOne(targetSup,\n                                                      Array.from(Object.keys(supToBasicsToSubs)),\n                                                      false);\n                  let someBasic = _.sample(Array.from(Object.keys(supToBasicsToSubs[otherSup])));\n                  distractor2 = _.sample(supToBasicsToSubs[otherSup][someBasic]);\n              }\n              contextMode += basicSuffType;\n          }\n          else\n          {\n              // two unrelated items\n              let twoOtherSups = sampleElementExceptOne(targetSup,\n                                                      Array.from(Object.keys(supToBasicsToSubs)),\n                                                      true);\n              let someBasic = _.sample(Array.from(Object.keys(supToBasicsToSubs[twoOtherSups[0]])));\n              distractor1 = _.sample(supToBasicsToSubs[twoOtherSups[0]][someBasic]);\n              let anotherBasic = _.sample(Array.from(Object.keys(supToBasicsToSubs[twoOtherSups[1]])));\n              distractor2 = _.sample(supToBasicsToSubs[twoOtherSups[1]][anotherBasic]);\n          }\n          // console.log(`${targetSub} ${targetBasic} ${targetSup}`);\n          // console.log(`${distractor1} ${subToBasicAndSup[distractor1][0]} ${subToBasicAndSup[distractor1][1]}`);\n          // console.log(`${distractor2} ${subToBasicAndSup[distractor2][0]} ${subToBasicAndSup[distractor2][1]}`)\n          // console.log()\n\n          let alt1BasicSup = subToBasicAndSup[distractor1];\n          let alt1Basic = alt1BasicSup[0];\n          let alt1Super = alt1BasicSup[1];\n          let alt2BasicSup = subToBasicAndSup[distractor2];\n          let alt2Basic = alt2BasicSup[0];\n          let alt2Super = alt2BasicSup[1];\n\n          scenes.push({\n              'TargetItem': targetSub,\n              'TargetItemBasicLevel': targetBasic,\n              'TargetItemSuperLevel': targetSup,\n              'alt1Name': distractor1,\n              'alt2Name': distractor2,\n              'alt3Name': 'IGNORE',\n              'alt4Name': 'IGNORE',\n              'alt1BasicLevel': alt1Basic,\n              'alt1SuperLevel': alt1Super,\n              'alt2BasicLevel': alt2Basic,\n              'alt2SuperLevel': alt2Super,\n              'NumDistractors': 2,\n              'condition' : contextMode\n          });\n      }\n\n      return(scenes);\n    }\n\n    // return a dicitionary defining the target and other objects\n    // Take in the color scheme, target object, and distractor object\n    // return dictionary including following keys\n    //\n    // Diciontary format:\n    //    TargetItem: string of format [randomly assigned color]_[target name]\n    //                This must match the name of the jpg image for each target item\n    //                 but should not include the '.jpg'\n    //    NumDistractors: 2 (number of distractors)\n    //    alt1Name: string of format [randomly assigned color]_[distractor name]\n    //    alt2Name: string of format [randomly assigned color]_[distractor name]\n    //    alt3Name: 'IGNORE' (because we only have 2 distractors)\n    //    alt4Name: 'IGNORE'\n    //    alt1BasicLevel: 'NA',\n    //          This specifies the level (basic of superordinate) of the alternative\n    //            items. This was used for Degen et al. 2020 experiment 3 items.\n    //            These items will be used as the fillers for the BCS RSA experiment,\n    //            so we keep these levels.\n    //    alt1SuperLevel: 'NA',\n    //    alt2BasicLevel: 'NA',\n    //    alt2SuperLevel: 'NA',\n    //    condition: ??? 0--> BRANDON< WHAT DOES TZHIS DO. and can I use it as a rotation???\n    //\n\n    function sceneMain(colorScheme, target, distractor, distractor2, condition) {\n      targetColor = pickColor(colorScheme);\n      distractorColor = pickColorExcept(colorScheme, targetColor);\n\n      // convert target and distractor into actual string\n      targetString = allDef[target];\n      distractorString = allDef[distractor];\n      distractor2String = allDef[distractor2];\n\n      return({\n        'TargetItem': targetColor + \"_\" + targetString,\n        'NumDistractors': 2,\n        'alt1Name': targetColor + \"_\" + distractorString,\n        'alt2Name': distractorColor + \"_\" + distractor2String,\n        'alt3Name': 'IGNORE',\n        'alt4Name': 'IGNORE',\n        'alt1BasicLevel': 'NA',\n        'alt1SuperLevel': 'NA',\n        'alt2BasicLevel': 'NA',\n        'alt2SuperLevel': 'NA',\n        'condition': condition\n      })\n    }\n\n\n  // wrapper for color necessary condition. Calls on sceneMain and returns exact output\n  // as SceneMaine, but this function determines that the second distractor item\n  // will be the same type as the target\n  function sceneColorNecessary(colorScheme, target, distractor, condition) {\n    return(sceneMain(colorScheme, target, distractor, target, condition));\n  }\n\n  // wrapper for color redundant condition. Calls on sceneMain and returns exact output\n  // as SceneMaine, but this function determines that the second distractor item\n  // will be of a different type than the target (i.e. the two distractor items\n  // will be the same type)\n  function sceneColorRedundant(colorScheme, target, distractor, condition) {\n    return(sceneMain(colorScheme, target, distractor, distractor, condition));\n  }\n\n  // Return a color within a specified color scheme\n  // INPUT: int {1, 2}\n  //        1 = color scheme 1\n  //        2 = color scheme 2\n  // OUTPUT: a string specifying a color as defined in cs1Dict and cs2Dict\n  function pickColor(colorScheme) {\n    if (colorScheme == 1) {\n      return(cs1Dict[Math.floor(Math.random()*cs1Dict.length)]);\n    } else {\n      return(cs2Dict[Math.floor(Math.random()*cs2Dict.length)]);\n    }\n  }\n\n  // Return a color within a specified color scheme, that is NOT a specified color\n  // INPUT: int {1, 2}\n  //           1 = color scheme 1\n  //            2 = color scheme 2\n  //        string: color as defined in cs1Dict and cs2Dict\n  // OUTPUT: a string specifying a color as defined in cs1Dict and cs2Dict, that\n  //        is not the same as the color held in variable \"color\"\n  function pickColorExcept(colorScheme, color) {\n    returnColor = pickColor(colorScheme);\n    if (returnColor == color) {\n      return pickColorExcept(colorScheme, color);\n    } else {\n      return returnColor;\n    }\n  }\n\n  function sampleElementExceptOne(needle, haystack, sampleTwo)\n  {\n      let array = haystack.slice(0);\n      let index = array.indexOf(needle);\n\n      if (index > -1)\n          array.splice(index, 1);\n\n      let firstSampledItem = _.sample(array);\n\n      if (!(sampleTwo))\n          return firstSampledItem;\n\n      index = array.indexOf(firstSampledItem);\n      array.splice(index, 1)\n\n      let secondSampledItem = _.sample(array);\n\n      return [firstSampledItem, secondSampledItem];\n  }\n"]},"sourceType":"module","hash":"be45e67fc4597b923074c8596307ab6d30c420fb"}
