{"metadata":{},"options":{"compact":false,"sourceMaps":true,"ast":true,"babelrc":false,"configFile":false,"parserOpts":{"sourceType":"module","sourceFileName":"/Users/stefpop/Desktop/repos/withBrandon/crossling_reference/experiments/from-scratch/packages/tmeasday:check-npm-versions/check-npm-versions.js","plugins":["*","flow","jsx","asyncGenerators","bigInt","classPrivateMethods","classPrivateProperties","classProperties","doExpressions","dynamicImport","exportDefaultFrom","exportExtensions","exportNamespaceFrom","functionBind","functionSent","importMeta","nullishCoalescingOperator","numericSeparator","objectRestSpread","optionalCatchBinding","optionalChaining",["pipelineOperator",{"proposal":"minimal"}],"throwExpressions","classProperties","classPrivateProperties","jsx","nullishCoalescingOperator","nullishCoalescingOperator","optionalChaining","optionalChaining","optionalCatchBinding","optionalCatchBinding","classProperties","classPrivateProperties","classPrivateMethods","classProperties","classPrivateProperties","asyncGenerators","asyncGenerators","objectRestSpread","objectRestSpread"],"allowImportExportEverywhere":true,"allowReturnOutsideFunction":true,"allowUndeclaredExports":true,"strictMode":false},"caller":{"name":"meteor","arch":"web.browser"},"sourceFileName":"packages/tmeasday:check-npm-versions/check-npm-versions.js","filename":"/Users/stefpop/Desktop/repos/withBrandon/crossling_reference/experiments/from-scratch/packages/tmeasday:check-npm-versions/check-npm-versions.js","cloneInputAst":true,"passPerPreset":false,"envName":"development","cwd":"/Users/stefpop/Desktop/repos/withBrandon/crossling_reference/experiments/from-scratch","root":"/Users/stefpop/Desktop/repos/withBrandon/crossling_reference/experiments/from-scratch","plugins":[{"key":"base$0","visitor":{"_exploded":true,"_verified":true},"options":{}},{"key":"base$0$0","visitor":{"Program":{"enter":[null],"exit":[null]},"_exploded":true,"_verified":true},"options":{"avoidModernSyntax":false,"enforceStrictMode":false,"dynamicImport":true,"generateLetDeclarations":true}},{"key":"transform-runtime","visitor":{"CallExpression":{"enter":[null]},"BinaryExpression":{"enter":[null]},"MemberExpression":{"enter":[null],"exit":[null]},"_exploded":true,"_verified":true,"Identifier":{"enter":[null]},"JSXIdentifier":{"enter":[null]}},"options":{"version":"7.12.5","helpers":true,"useESModules":false,"corejs":false}},{"key":"proposal-class-properties","visitor":{"PrivateName":{"enter":[null]},"ExportDefaultDeclaration":{"enter":[null]},"_exploded":true,"_verified":true,"ClassExpression":{"enter":[null]},"ClassDeclaration":{"enter":[null]}},"options":{"loose":true}},{"key":"transform-react-jsx","visitor":{"_exploded":{},"_verified":{},"JSXNamespacedName":{"enter":[null]},"JSXSpreadChild":{"enter":[null]},"Program":{"enter":[null]},"JSXElement":{"exit":[null]},"JSXFragment":{"exit":[null]},"JSXAttribute":{"enter":[null]}},"options":{"pragma":"React.createElement","pragmaFrag":"React.Fragment","runtime":"classic","throwIfNamespace":true,"useBuiltIns":false}},{"key":"transform-react-display-name","visitor":{"ExportDefaultDeclaration":{"enter":[null]},"CallExpression":{"enter":[null]},"_exploded":true,"_verified":true},"options":{}},{"key":"transform-react-pure-annotations","visitor":{"CallExpression":{"enter":[null]},"_exploded":true,"_verified":true},"options":{}},{"key":"syntax-nullish-coalescing-operator","visitor":{"_exploded":true,"_verified":true},"options":{}},{"key":"proposal-nullish-coalescing-operator","visitor":{"_exploded":{},"_verified":{},"LogicalExpression":{"enter":[null]}},"options":{}},{"key":"syntax-optional-chaining","visitor":{"_exploded":true,"_verified":true},"options":{}},{"key":"proposal-optional-chaining","visitor":{"_exploded":{},"_verified":{},"OptionalCallExpression":{"enter":[null]},"OptionalMemberExpression":{"enter":[null]}},"options":{}},{"key":"syntax-optional-catch-binding","visitor":{"_exploded":true,"_verified":true},"options":{}},{"key":"proposal-optional-catch-binding","visitor":{"_exploded":{},"_verified":{},"CatchClause":{"enter":[null]}},"options":{}},{"key":"syntax-class-properties","visitor":{"_exploded":true,"_verified":true},"options":{}},{"key":"proposal-class-properties","visitor":{"PrivateName":{"enter":[null]},"ExportDefaultDeclaration":{"enter":[null]},"_exploded":true,"_verified":true,"ClassExpression":{"enter":[null]},"ClassDeclaration":{"enter":[null]}},"options":{}},{"key":"syntax-async-generators","visitor":{"_exploded":true,"_verified":true},"options":{}},{"key":"proposal-async-generator-functions","visitor":{"_exploded":{},"_verified":{},"Program":{"enter":[null]}},"options":{}},{"key":"syntax-object-rest-spread","visitor":{"_exploded":true,"_verified":true},"options":{}},{"key":"proposal-object-rest-spread","visitor":{"_exploded":{},"_verified":{},"VariableDeclarator":{"enter":[null]},"ExportNamedDeclaration":{"enter":[null]},"CatchClause":{"enter":[null]},"AssignmentExpression":{"enter":[null]},"ArrayPattern":{"enter":[null]},"ObjectExpression":{"enter":[null]},"FunctionDeclaration":{"enter":[null]},"FunctionExpression":{"enter":[null]},"ObjectMethod":{"enter":[null]},"ArrowFunctionExpression":{"enter":[null]},"ClassMethod":{"enter":[null]},"ClassPrivateMethod":{"enter":[null]},"ForInStatement":{"enter":[null]},"ForOfStatement":{"enter":[null]}},"options":{}},{"key":"transform-literals","visitor":{"NumericLiteral":{"enter":[null]},"StringLiteral":{"enter":[null]},"_exploded":true,"_verified":true},"options":{}},{"key":"transform-template-literals","visitor":{"TaggedTemplateExpression":{"enter":[null]},"TemplateLiteral":{"enter":[null]},"_exploded":true,"_verified":true},"options":{}},{"key":"transform-parameters","visitor":{"_exploded":true,"_verified":true,"FunctionDeclaration":{"enter":[null]},"FunctionExpression":{"enter":[null]},"ObjectMethod":{"enter":[null]},"ArrowFunctionExpression":{"enter":[null]},"ClassMethod":{"enter":[null]},"ClassPrivateMethod":{"enter":[null]}},"options":{}},{"key":"transform-exponentiation-operator","visitor":{"AssignmentExpression":{"enter":[null]},"BinaryExpression":{"enter":[null]},"_exploded":true,"_verified":true},"options":{}}],"presets":[],"generatorOpts":{"filename":"/Users/stefpop/Desktop/repos/withBrandon/crossling_reference/experiments/from-scratch/packages/tmeasday:check-npm-versions/check-npm-versions.js","comments":true,"compact":false,"sourceMaps":true,"sourceFileName":"packages/tmeasday:check-npm-versions/check-npm-versions.js"}},"code":"!function (module1) {\n  module1.export({\n    checkNpmVersions: () => checkNpmVersions\n  });\n  let semver;\n  module1.link(\"semver\", {\n    default(v) {\n      semver = v;\n    }\n\n  }, 0);\n\n  // Returns:\n  //   - true      if a version of the package in the range is installed\n  //   - false     if no version is installed\n  //   - version#  if incompatible version is installed\n  const compatibleVersionIsInstalled = (name, range) => {\n    try {\n      const installedVersion = require(\"\".concat(name, \"/package.json\")).version;\n\n      if (semver.satisfies(installedVersion, range)) {\n        return true;\n      } else {\n        return installedVersion;\n      }\n    } catch (e) {\n      // XXX add something to the tool to make this more reliable\n      const message = e.toString(); // One message comes out of the install npm package the other from npm directly\n\n      if (message.match(\"Cannot find module\") || message.match(\"Can't find npm module\")) {\n        return false;\n      } else {\n        throw e;\n      }\n    }\n  };\n\n  const checkNpmVersions = (packages, packageName) => {\n    const failures = {};\n    Object.keys(packages).forEach(name => {\n      const range = packages[name];\n      const failure = compatibleVersionIsInstalled(name, range);\n\n      if (failure !== true) {\n        failures[name] = failure;\n      }\n    });\n\n    if (Object.keys(failures).length === 0) {\n      return true;\n    }\n\n    const errors = [];\n    Object.keys(failures).forEach(name => {\n      const installed = failures[name];\n      const requirement = \"\".concat(name, \"@\").concat(packages[name]);\n\n      if (installed) {\n        errors.push(\" - \".concat(name, \"@\").concat(installed, \" installed, \").concat(requirement, \" needed\"));\n      } else {\n        errors.push(\" - \".concat(name, \"@\").concat(packages[name], \" not installed.\"));\n      }\n    });\n    const qualifier = packageName ? \"(for \".concat(packageName, \") \") : '';\n    console.warn(\"WARNING: npm peer requirements \".concat(qualifier, \"not installed:\\n\").concat(errors.join('\\n'), \"\\n\\nRead more about installing npm peer dependencies:\\n  http://guide.meteor.com/using-packages.html#peer-npm-dependencies\\n\"));\n  };\n}.call(this, module);","map":{"version":3,"sources":["packages/tmeasday:check-npm-versions/check-npm-versions.js"],"names":["module1","export","checkNpmVersions","semver","link","default","v","compatibleVersionIsInstalled","name","range","installedVersion","require","version","satisfies","e","message","toString","match","packages","packageName","failures","Object","keys","forEach","failure","length","errors","installed","requirement","push","qualifier","console","warn","join"],"mappings":";AAAAA,EAAAA,OAAO,CAACC,MAAR,CAAe;AAACC,IAAAA,gBAAgB,EAAC,MAAIA;AAAtB,GAAf;AAAwD,MAAIC,MAAJ;AAAWH,EAAAA,OAAO,CAACI,IAAR,CAAa,QAAb,EAAsB;AAACC,IAAAA,OAAO,CAACC,CAAD,EAAG;AAACH,MAAAA,MAAM,GAACG,CAAP;AAAS;;AAArB,GAAtB,EAA6C,CAA7C;;AAEnE;AACA;AACA;AACA;AACA,QAAMC,4BAA4B,GAAG,CAACC,IAAD,EAAOC,KAAP,KAAiB;AACpD,QAAI;AACF,YAAMC,gBAAgB,GAAGC,OAAO,WAAIH,IAAJ,mBAAP,CAAgCI,OAAzD;;AACA,UAAIT,MAAM,CAACU,SAAP,CAAiBH,gBAAjB,EAAmCD,KAAnC,CAAJ,EAA+C;AAC7C,eAAO,IAAP;AACD,OAFD,MAEO;AACL,eAAOC,gBAAP;AACD;AACF,KAPD,CAOE,OAAOI,CAAP,EAAU;AACV;AACA,YAAMC,OAAO,GAAGD,CAAC,CAACE,QAAF,EAAhB,CAFU,CAGV;;AACA,UAAID,OAAO,CAACE,KAAR,CAAc,oBAAd,KAAuCF,OAAO,CAACE,KAAR,CAAc,uBAAd,CAA3C,EAAmF;AACjF,eAAO,KAAP;AACD,OAFD,MAEO;AACL,cAAMH,CAAN;AACD;AACF;AACF,GAlBD;;AAoBO,QAAMZ,gBAAgB,GAAG,CAACgB,QAAD,EAAWC,WAAX,KAA2B;AACzD,UAAMC,QAAQ,GAAG,EAAjB;AAEAC,IAAAA,MAAM,CAACC,IAAP,CAAYJ,QAAZ,EAAsBK,OAAtB,CAA+Bf,IAAD,IAAU;AACtC,YAAMC,KAAK,GAAGS,QAAQ,CAACV,IAAD,CAAtB;AACA,YAAMgB,OAAO,GAAGjB,4BAA4B,CAACC,IAAD,EAAOC,KAAP,CAA5C;;AAEA,UAAIe,OAAO,KAAK,IAAhB,EAAsB;AACpBJ,QAAAA,QAAQ,CAACZ,IAAD,CAAR,GAAiBgB,OAAjB;AACD;AACF,KAPD;;AASA,QAAIH,MAAM,CAACC,IAAP,CAAYF,QAAZ,EAAsBK,MAAtB,KAAiC,CAArC,EAAwC;AACtC,aAAO,IAAP;AACD;;AAED,UAAMC,MAAM,GAAG,EAAf;AAEAL,IAAAA,MAAM,CAACC,IAAP,CAAYF,QAAZ,EAAsBG,OAAtB,CAA+Bf,IAAD,IAAU;AACtC,YAAMmB,SAAS,GAAGP,QAAQ,CAACZ,IAAD,CAA1B;AACA,YAAMoB,WAAW,aAAMpB,IAAN,cAAcU,QAAQ,CAACV,IAAD,CAAtB,CAAjB;;AAEA,UAAImB,SAAJ,EAAe;AACbD,QAAAA,MAAM,CAACG,IAAP,cAAkBrB,IAAlB,cAA0BmB,SAA1B,yBAAkDC,WAAlD;AACD,OAFD,MAEO;AACLF,QAAAA,MAAM,CAACG,IAAP,cAAkBrB,IAAlB,cAA0BU,QAAQ,CAACV,IAAD,CAAlC;AACD;AACF,KATD;AAWA,UAAMsB,SAAS,GAAGX,WAAW,kBAAWA,WAAX,UAA6B,EAA1D;AACAY,IAAAA,OAAO,CAACC,IAAR,0CAA+CF,SAA/C,6BACAJ,MAAM,CAACO,IAAP,CAAY,IAAZ,CADA;AAMD,GApCM","sourcesContent":["import semver from 'semver';\n\n// Returns:\n//   - true      if a version of the package in the range is installed\n//   - false     if no version is installed\n//   - version#  if incompatible version is installed\nconst compatibleVersionIsInstalled = (name, range) => {\n  try {\n    const installedVersion = require(`${name}/package.json`).version;\n    if (semver.satisfies(installedVersion, range)) {\n      return true;\n    } else {\n      return installedVersion;\n    }\n  } catch (e) {\n    // XXX add something to the tool to make this more reliable\n    const message = e.toString();\n    // One message comes out of the install npm package the other from npm directly\n    if (message.match(\"Cannot find module\") || message.match(\"Can't find npm module\")) {\n      return false;\n    } else {\n      throw e;\n    }\n  }\n};\n\nexport const checkNpmVersions = (packages, packageName) => {\n  const failures = {};\n\n  Object.keys(packages).forEach((name) => {\n    const range = packages[name];\n    const failure = compatibleVersionIsInstalled(name, range);\n\n    if (failure !== true) {\n      failures[name] = failure;\n    }\n  });\n\n  if (Object.keys(failures).length === 0) {\n    return true;\n  }\n\n  const errors = [];\n\n  Object.keys(failures).forEach((name) => {\n    const installed = failures[name];\n    const requirement = `${name}@${packages[name]}`;\n\n    if (installed) {\n      errors.push(` - ${name}@${installed} installed, ${requirement} needed`);\n    } else {\n      errors.push(` - ${name}@${packages[name]} not installed.`);\n    }\n  });\n\n  const qualifier = packageName ? `(for ${packageName}) ` : '';\n  console.warn(`WARNING: npm peer requirements ${qualifier}not installed:\n${errors.join('\\n')}\n\nRead more about installing npm peer dependencies:\n  http://guide.meteor.com/using-packages.html#peer-npm-dependencies\n`);\n};\n"]},"sourceType":"module","hash":"c39e11221c3180eda7afaac3e8a3963225ed9fe8"}
