{"metadata":{},"options":{"compact":false,"sourceMaps":true,"ast":true,"babelrc":false,"configFile":false,"parserOpts":{"sourceType":"module","sourceFileName":"/Users/stefpop/Desktop/repos/withBrandon/crossling_reference/experiments/from-scratch/packages/empirica:core/ui/components/ExitSteps.jsx","plugins":["*","flow","jsx","asyncGenerators","bigInt","classPrivateMethods","classPrivateProperties","classProperties","doExpressions","dynamicImport","exportDefaultFrom","exportExtensions","exportNamespaceFrom","functionBind","functionSent","importMeta","nullishCoalescingOperator","numericSeparator","objectRestSpread","optionalCatchBinding","optionalChaining",["pipelineOperator",{"proposal":"minimal"}],"throwExpressions","classProperties","classPrivateProperties","jsx","nullishCoalescingOperator","nullishCoalescingOperator","optionalChaining","optionalChaining","optionalCatchBinding","optionalCatchBinding","classProperties","classPrivateProperties","classPrivateMethods","classProperties","classPrivateProperties","asyncGenerators","asyncGenerators","objectRestSpread","objectRestSpread"],"allowImportExportEverywhere":true,"allowReturnOutsideFunction":true,"allowUndeclaredExports":true,"strictMode":false},"caller":{"name":"meteor","arch":"web.browser.legacy"},"sourceFileName":"packages/empirica:core/ui/components/ExitSteps.jsx","filename":"/Users/stefpop/Desktop/repos/withBrandon/crossling_reference/experiments/from-scratch/packages/empirica:core/ui/components/ExitSteps.jsx","cloneInputAst":true,"passPerPreset":false,"envName":"development","cwd":"/Users/stefpop/Desktop/repos/withBrandon/crossling_reference/experiments/from-scratch","root":"/Users/stefpop/Desktop/repos/withBrandon/crossling_reference/experiments/from-scratch","plugins":[{"key":"base$0","visitor":{"_exploded":true,"_verified":true},"options":{}},{"key":"base$0$0","visitor":{"Program":{"enter":[null],"exit":[null]},"_exploded":true,"_verified":true},"options":{"avoidModernSyntax":true,"enforceStrictMode":false,"dynamicImport":true}},{"key":"transform-runtime","visitor":{"CallExpression":{"enter":[null]},"BinaryExpression":{"enter":[null]},"MemberExpression":{"enter":[null],"exit":[null]},"_exploded":true,"_verified":true,"Identifier":{"enter":[null]},"JSXIdentifier":{"enter":[null]}},"options":{"version":"7.12.5","helpers":true,"useESModules":false,"corejs":false}},{"key":"proposal-class-properties","visitor":{"PrivateName":{"enter":[null]},"ExportDefaultDeclaration":{"enter":[null]},"_exploded":true,"_verified":true,"ClassExpression":{"enter":[null]},"ClassDeclaration":{"enter":[null]}},"options":{"loose":true}},{"key":"base$0$3","visitor":{"FunctionExpression":{"exit":[null]},"_exploded":true,"_verified":true},"options":{}},{"key":"base$0$4","visitor":{"ForInStatement":{"enter":[null]},"_exploded":true,"_verified":true},"options":{}},{"key":"transform-react-jsx","visitor":{"_exploded":{},"_verified":{},"JSXNamespacedName":{"enter":[null]},"JSXSpreadChild":{"enter":[null]},"Program":{"enter":[null]},"JSXElement":{"exit":[null]},"JSXFragment":{"exit":[null]},"JSXAttribute":{"enter":[null]}},"options":{"pragma":"React.createElement","pragmaFrag":"React.Fragment","runtime":"classic","throwIfNamespace":true,"useBuiltIns":false}},{"key":"transform-react-display-name","visitor":{"ExportDefaultDeclaration":{"enter":[null]},"CallExpression":{"enter":[null]},"_exploded":true,"_verified":true},"options":{}},{"key":"transform-react-pure-annotations","visitor":{"CallExpression":{"enter":[null]},"_exploded":true,"_verified":true},"options":{}},{"key":"syntax-nullish-coalescing-operator","visitor":{"_exploded":true,"_verified":true},"options":{}},{"key":"proposal-nullish-coalescing-operator","visitor":{"_exploded":{},"_verified":{},"LogicalExpression":{"enter":[null]}},"options":{}},{"key":"syntax-optional-chaining","visitor":{"_exploded":true,"_verified":true},"options":{}},{"key":"proposal-optional-chaining","visitor":{"_exploded":{},"_verified":{},"OptionalCallExpression":{"enter":[null]},"OptionalMemberExpression":{"enter":[null]}},"options":{}},{"key":"syntax-optional-catch-binding","visitor":{"_exploded":true,"_verified":true},"options":{}},{"key":"proposal-optional-catch-binding","visitor":{"_exploded":{},"_verified":{},"CatchClause":{"enter":[null]}},"options":{}},{"key":"syntax-class-properties","visitor":{"_exploded":true,"_verified":true},"options":{}},{"key":"proposal-class-properties","visitor":{"PrivateName":{"enter":[null]},"ExportDefaultDeclaration":{"enter":[null]},"_exploded":true,"_verified":true,"ClassExpression":{"enter":[null]},"ClassDeclaration":{"enter":[null]}},"options":{}},{"key":"syntax-async-generators","visitor":{"_exploded":true,"_verified":true},"options":{}},{"key":"proposal-async-generator-functions","visitor":{"_exploded":{},"_verified":{},"Program":{"enter":[null]}},"options":{}},{"key":"syntax-object-rest-spread","visitor":{"_exploded":true,"_verified":true},"options":{}},{"key":"proposal-object-rest-spread","visitor":{"_exploded":{},"_verified":{},"VariableDeclarator":{"enter":[null]},"ExportNamedDeclaration":{"enter":[null]},"CatchClause":{"enter":[null]},"AssignmentExpression":{"enter":[null]},"ArrayPattern":{"enter":[null]},"ObjectExpression":{"enter":[null]},"FunctionDeclaration":{"enter":[null]},"FunctionExpression":{"enter":[null]},"ObjectMethod":{"enter":[null]},"ArrowFunctionExpression":{"enter":[null]},"ClassMethod":{"enter":[null]},"ClassPrivateMethod":{"enter":[null]},"ForInStatement":{"enter":[null]},"ForOfStatement":{"enter":[null]}},"options":{}},{"key":"transform-arrow-functions","visitor":{"ArrowFunctionExpression":{"enter":[null]},"_exploded":true,"_verified":true},"options":{}},{"key":"transform-block-scoped-functions","visitor":{"BlockStatement":{"enter":[null]},"SwitchCase":{"enter":[null]},"_exploded":true,"_verified":true},"options":{}},{"key":"transform-block-scoping","visitor":{"VariableDeclaration":{"enter":[null]},"CatchClause":{"enter":[null]},"_exploded":true,"BlockStatement":{"enter":[null]},"SwitchStatement":{"enter":[null]},"Program":{"enter":[null]},"_verified":true,"DoWhileStatement":{"enter":[null]},"ForInStatement":{"enter":[null]},"ForStatement":{"enter":[null]},"WhileStatement":{"enter":[null]},"ForOfStatement":{"enter":[null]}},"options":{}},{"key":"transform-classes","visitor":{"ExportDefaultDeclaration":{"enter":[null]},"ClassDeclaration":{"enter":[null]},"ClassExpression":{"enter":[null]},"_exploded":true,"_verified":true},"options":{"loose":true}},{"key":"transform-computed-properties","visitor":{"ObjectExpression":{"exit":[null]},"_exploded":true,"_verified":true},"options":{"loose":true}},{"key":"transform-destructuring","visitor":{"ExportNamedDeclaration":{"enter":[null]},"CatchClause":{"enter":[null]},"AssignmentExpression":{"enter":[null]},"VariableDeclaration":{"enter":[null]},"_exploded":true,"_verified":true,"ForInStatement":{"enter":[null]},"ForOfStatement":{"enter":[null]}},"options":{}},{"key":"transform-for-of","visitor":{"ForOfStatement":{"enter":[null]},"_exploded":true,"_verified":true},"options":{"loose":true}},{"key":"transform-literals","visitor":{"NumericLiteral":{"enter":[null]},"StringLiteral":{"enter":[null]},"_exploded":true,"_verified":true},"options":{}},{"key":"transform-object-super","visitor":{"ObjectExpression":{"enter":[null]},"_exploded":true,"_verified":true},"options":{}},{"key":"transform-parameters","visitor":{"_exploded":true,"_verified":true,"FunctionDeclaration":{"enter":[null]},"FunctionExpression":{"enter":[null]},"ObjectMethod":{"enter":[null]},"ArrowFunctionExpression":{"enter":[null]},"ClassMethod":{"enter":[null]},"ClassPrivateMethod":{"enter":[null]}},"options":{}},{"key":"transform-shorthand-properties","visitor":{"ObjectMethod":{"enter":[null]},"ObjectProperty":{"enter":[null]},"_exploded":true,"_verified":true},"options":{}},{"key":"transform-spread","visitor":{"ArrayExpression":{"enter":[null]},"CallExpression":{"enter":[null]},"NewExpression":{"enter":[null]},"_exploded":true,"_verified":true},"options":{}},{"key":"transform-sticky-regex","visitor":{"RegExpLiteral":{"enter":[null]},"_exploded":true,"_verified":true},"options":{}},{"key":"transform-template-literals","visitor":{"TaggedTemplateExpression":{"enter":[null]},"TemplateLiteral":{"enter":[null]},"_exploded":true,"_verified":true},"options":{"loose":true}},{"key":"transform-typeof-symbol","visitor":{"UnaryExpression":{"enter":[null]},"_exploded":true,"_verified":true,"BlockStatement":{"enter":[null]},"CatchClause":{"enter":[null]},"DoWhileStatement":{"enter":[null]},"ForInStatement":{"enter":[null]},"ForStatement":{"enter":[null]},"FunctionDeclaration":{"enter":[null]},"FunctionExpression":{"enter":[null]},"Program":{"enter":[null]},"ObjectMethod":{"enter":[null]},"SwitchStatement":{"enter":[null]},"WhileStatement":{"enter":[null]},"ArrowFunctionExpression":{"enter":[null]},"ClassExpression":{"enter":[null]},"ClassDeclaration":{"enter":[null]},"ForOfStatement":{"enter":[null]},"ClassMethod":{"enter":[null]},"ClassPrivateMethod":{"enter":[null]},"StaticBlock":{"enter":[null]},"TSModuleBlock":{"enter":[null]},"AssignmentPattern":{"enter":[null]},"ArrayPattern":{"enter":[null]},"ObjectPattern":{"enter":[null]}},"options":{}},{"key":"transform-unicode-regex","visitor":{"RegExpLiteral":{"enter":[null]},"_exploded":true,"_verified":true},"options":{}},{"key":"transform-property-literals","visitor":{"ObjectProperty":{"exit":[null]},"_exploded":true,"_verified":true},"options":{}},{"key":"transform-exponentiation-operator","visitor":{"AssignmentExpression":{"enter":[null]},"BinaryExpression":{"enter":[null]},"_exploded":true,"_verified":true},"options":{}},{"key":"regenerator-transform","visitor":{"_exploded":true,"_verified":true,"ObjectMethod":{"enter":[null],"exit":[null]},"ClassMethod":{"enter":[null],"exit":[null]},"ClassPrivateMethod":{"enter":[null],"exit":[null]},"FunctionDeclaration":{"exit":[null]},"FunctionExpression":{"exit":[null]},"ArrowFunctionExpression":{"exit":[null]}},"options":{}}],"presets":[],"generatorOpts":{"filename":"/Users/stefpop/Desktop/repos/withBrandon/crossling_reference/experiments/from-scratch/packages/empirica:core/ui/components/ExitSteps.jsx","comments":true,"compact":false,"sourceMaps":true,"sourceFileName":"packages/empirica:core/ui/components/ExitSteps.jsx"}},"code":"var _extends;\n\nmodule.link(\"@babel/runtime/helpers/extends\", {\n  default: function (v) {\n    _extends = v;\n  }\n}, 0);\n\nvar _assertThisInitialized;\n\nmodule.link(\"@babel/runtime/helpers/assertThisInitialized\", {\n  default: function (v) {\n    _assertThisInitialized = v;\n  }\n}, 1);\n\nvar _inheritsLoose;\n\nmodule.link(\"@babel/runtime/helpers/inheritsLoose\", {\n  default: function (v) {\n    _inheritsLoose = v;\n  }\n}, 2);\nmodule.export({\n  \"default\": function () {\n    return ExitSteps;\n  }\n});\nvar NonIdealState;\nmodule.link(\"@blueprintjs/core\", {\n  NonIdealState: function (v) {\n    NonIdealState = v;\n  }\n}, 0);\nvar IconNames;\nmodule.link(\"@blueprintjs/icons\", {\n  IconNames: function (v) {\n    IconNames = v;\n  }\n}, 1);\nvar React;\nmodule.link(\"react\", {\n  \"default\": function (v) {\n    React = v;\n  }\n}, 2);\nvar errExitStepMissingName = \"\\nAt least one Exit Step is missing a stepName. All Exist Steps Components must\\nhave a stepName. E.g.:\\n\\nexport default class Thanks extends React.Component {\\n  static stepName = \\\"Thanks\\\";\\n  render() {\\n    return (\\n      <div className=\\\"thanks\\\">\\n        <h3>Thanks!</h3>\\n      </div>\\n    );\\n  }\\n}\\n\\n\";\n\nvar errExitStepDups = function (dups) {\n  return \"All 'Exit Steps' must be unique (have a unique stepName). Duplicated: \" + dups + \".\";\n};\n\nvar ExitSteps = /*#__PURE__*/function (_React$Component) {\n  _inheritsLoose(ExitSteps, _React$Component);\n\n  function ExitSteps(props) {\n    var _this;\n\n    _this = _React$Component.call(this, props) || this;\n\n    _this.onSubmit = function (data) {\n      var onSubmit = _this.props.onSubmit;\n      var _this$state = _this.state,\n          steps = _this$state.steps,\n          current = _this$state.current;\n      var Step = steps[current];\n      onSubmit(Step.stepName, data);\n      current = current + 1;\n\n      _this.setState({\n        current: current\n      });\n    };\n\n    var game = props.game,\n        player = props.player,\n        unfilteredSteps = props.steps; // Checks steps have a name\n\n    var stepNames = unfilteredSteps.map(function (s) {\n      return (s.stepName || \"\").trim();\n    });\n\n    for (var index = 0; index < stepNames.length; index++) {\n      var sname = stepNames[index];\n\n      if (_.isEmpty(sname)) {\n        alert(errExitStepMissingName);\n        console.error(errExitStepMissingName);\n        _this.state = {\n          failed: errExitStepMissingName\n        };\n        return _assertThisInitialized(_this);\n      }\n    } // Checks steps are unique\n\n\n    if (stepNames.length !== _.uniq(stepNames).length) {\n      var counts = {};\n      stepNames.forEach(function (n) {\n        return counts[n] = (counts[n] || 0) + 1;\n      });\n\n      var dups = _.compact(_.map(counts, function (v, k) {\n        return v > 1 ? k : null;\n      })).join(\", \");\n\n      var err = errExitStepDups(dups);\n      alert(err);\n      _this.state = {\n        failed: err\n      };\n      return null || _assertThisInitialized(_this);\n    }\n\n    var done = player.exitStepsDone || [];\n\n    var _steps = unfilteredSteps.filter(function (s) {\n      return !done.includes(s.stepName);\n    });\n\n    _this.state = {\n      current: 0,\n      steps: _steps\n    };\n    return _this;\n  }\n\n  var _proto = ExitSteps.prototype;\n\n  _proto.render = function () {\n    function render() {\n      var _this$state2 = this.state,\n          failed = _this$state2.failed,\n          steps = _this$state2.steps,\n          current = _this$state2.current;\n\n      if (failed) {\n        return failed;\n      }\n\n      if (_.isEmpty(steps)) {\n        return this.renderDefault();\n      }\n\n      var Step = steps[current];\n      var hasNext = steps.length - 1 > current;\n      return /*#__PURE__*/React.createElement(Step, _extends({}, this.props, {\n        hasNext: hasNext,\n        onSubmit: this.onSubmit\n      }));\n    }\n\n    return render;\n  }();\n\n  _proto.renderDefault = function () {\n    function renderDefault() {\n      return /*#__PURE__*/React.createElement(\"div\", {\n        className: \"game finished\"\n      }, /*#__PURE__*/React.createElement(NonIdealState, {\n        icon: IconNames.TICK,\n        title: \"Finished!\",\n        description: \"Thank you for participating.\"\n      }));\n    }\n\n    return renderDefault;\n  }();\n\n  return ExitSteps;\n}(React.Component);","map":{"version":3,"sources":["packages/empirica:core/ui/components/ExitSteps.jsx"],"names":["_extends","module","link","default","v","_assertThisInitialized","_inheritsLoose","export","ExitSteps","NonIdealState","IconNames","React","errExitStepMissingName","errExitStepDups","dups","props","onSubmit","data","state","steps","current","Step","stepName","setState","game","player","unfilteredSteps","stepNames","map","s","trim","index","length","sname","_","isEmpty","alert","console","error","failed","uniq","counts","forEach","n","compact","k","join","err","done","exitStepsDone","filter","includes","render","renderDefault","hasNext","TICK","Component"],"mappings":"AAAA,IAAIA,QAAJ;;AAAaC,MAAM,CAACC,IAAP,CAAY,gCAAZ,EAA6C;AAACC,EAAAA,OAAO,EAAC,UAASC,CAAT,EAAW;AAACJ,IAAAA,QAAQ,GAACI,CAAT;AAAW;AAAhC,CAA7C,EAA+E,CAA/E;;AAAkF,IAAIC,sBAAJ;;AAA2BJ,MAAM,CAACC,IAAP,CAAY,8CAAZ,EAA2D;AAACC,EAAAA,OAAO,EAAC,UAASC,CAAT,EAAW;AAACC,IAAAA,sBAAsB,GAACD,CAAvB;AAAyB;AAA9C,CAA3D,EAA2G,CAA3G;;AAA8G,IAAIE,cAAJ;;AAAmBL,MAAM,CAACC,IAAP,CAAY,sCAAZ,EAAmD;AAACC,EAAAA,OAAO,EAAC,UAASC,CAAT,EAAW;AAACE,IAAAA,cAAc,GAACF,CAAf;AAAiB;AAAtC,CAAnD,EAA2F,CAA3F;AAA3PH,MAAM,CAACM,MAAP,CAAc;AAAC,aAAQ,YAAU;AAAC,WAAOC,SAAP;AAAiB;AAArC,CAAd;AAAsD,IAAIC,aAAJ;AAAkBR,MAAM,CAACC,IAAP,CAAY,mBAAZ,EAAgC;AAACO,EAAAA,aAAa,EAAC,UAASL,CAAT,EAAW;AAACK,IAAAA,aAAa,GAACL,CAAd;AAAgB;AAA3C,CAAhC,EAA6E,CAA7E;AAAgF,IAAIM,SAAJ;AAAcT,MAAM,CAACC,IAAP,CAAY,oBAAZ,EAAiC;AAACQ,EAAAA,SAAS,EAAC,UAASN,CAAT,EAAW;AAACM,IAAAA,SAAS,GAACN,CAAV;AAAY;AAAnC,CAAjC,EAAsE,CAAtE;AAAyE,IAAIO,KAAJ;AAAUV,MAAM,CAACC,IAAP,CAAY,OAAZ,EAAoB;AAAC,aAAQ,UAASE,CAAT,EAAW;AAACO,IAAAA,KAAK,GAACP,CAAN;AAAQ;AAA7B,CAApB,EAAmD,CAAnD;AAIzP,IAAMQ,sBAAsB,gUAA5B;;AAgBA,IAAMC,eAAe,GAAG,UAAAC,IAAI;AAAA,oFAC+CA,IAD/C;AAAA,CAA5B;;IAGqBN,S;;;AACnB,qBAAYO,KAAZ,EAAmB;AAAA;;AACjB,wCAAMA,KAAN;;AADiB,UAmCnBC,QAnCmB,GAmCR,UAAAC,IAAI,EAAI;AAAA,UACXD,QADW,GACE,MAAKD,KADP,CACXC,QADW;AAAA,wBAEQ,MAAKE,KAFb;AAAA,UAEXC,KAFW,eAEXA,KAFW;AAAA,UAEJC,OAFI,eAEJA,OAFI;AAGjB,UAAMC,IAAI,GAAGF,KAAK,CAACC,OAAD,CAAlB;AACAJ,MAAAA,QAAQ,CAACK,IAAI,CAACC,QAAN,EAAgBL,IAAhB,CAAR;AACAG,MAAAA,OAAO,GAAGA,OAAO,GAAG,CAApB;;AACA,YAAKG,QAAL,CAAc;AAAEH,QAAAA,OAAO,EAAPA;AAAF,OAAd;AACD,KA1CkB;;AAAA,QAETI,IAFS,GAEgCT,KAFhC,CAETS,IAFS;AAAA,QAEHC,MAFG,GAEgCV,KAFhC,CAEHU,MAFG;AAAA,QAEYC,eAFZ,GAEgCX,KAFhC,CAEKI,KAFL,EAIjB;;AACA,QAAMQ,SAAS,GAAGD,eAAe,CAACE,GAAhB,CAAoB,UAAAC,CAAC;AAAA,aAAI,CAACA,CAAC,CAACP,QAAF,IAAc,EAAf,EAAmBQ,IAAnB,EAAJ;AAAA,KAArB,CAAlB;;AACA,SAAK,IAAIC,KAAK,GAAG,CAAjB,EAAoBA,KAAK,GAAGJ,SAAS,CAACK,MAAtC,EAA8CD,KAAK,EAAnD,EAAuD;AACrD,UAAME,KAAK,GAAGN,SAAS,CAACI,KAAD,CAAvB;;AACA,UAAIG,CAAC,CAACC,OAAF,CAAUF,KAAV,CAAJ,EAAsB;AACpBG,QAAAA,KAAK,CAACxB,sBAAD,CAAL;AACAyB,QAAAA,OAAO,CAACC,KAAR,CAAc1B,sBAAd;AACA,cAAKM,KAAL,GAAa;AAAEqB,UAAAA,MAAM,EAAE3B;AAAV,SAAb;AACA;AACD;AACF,KAdgB,CAgBjB;;;AACA,QAAIe,SAAS,CAACK,MAAV,KAAqBE,CAAC,CAACM,IAAF,CAAOb,SAAP,EAAkBK,MAA3C,EAAmD;AACjD,UAAMS,MAAM,GAAG,EAAf;AACAd,MAAAA,SAAS,CAACe,OAAV,CAAkB,UAAAC,CAAC;AAAA,eAAKF,MAAM,CAACE,CAAD,CAAN,GAAY,CAACF,MAAM,CAACE,CAAD,CAAN,IAAa,CAAd,IAAmB,CAApC;AAAA,OAAnB;;AACA,UAAM7B,IAAI,GAAGoB,CAAC,CAACU,OAAF,CAAUV,CAAC,CAACN,GAAF,CAAMa,MAAN,EAAc,UAACrC,CAAD,EAAIyC,CAAJ;AAAA,eAAWzC,CAAC,GAAG,CAAJ,GAAQyC,CAAR,GAAY,IAAvB;AAAA,OAAd,CAAV,EAAuDC,IAAvD,CACX,IADW,CAAb;;AAGA,UAAMC,GAAG,GAAGlC,eAAe,CAACC,IAAD,CAA3B;AACAsB,MAAAA,KAAK,CAACW,GAAD,CAAL;AACA,YAAK7B,KAAL,GAAa;AAAEqB,QAAAA,MAAM,EAAEQ;AAAV,OAAb;AACA,aAAO,IAAP;AACD;;AAED,QAAMC,IAAI,GAAGvB,MAAM,CAACwB,aAAP,IAAwB,EAArC;;AACA,QAAM9B,MAAK,GAAGO,eAAe,CAACwB,MAAhB,CAAuB,UAAArB,CAAC;AAAA,aAAI,CAACmB,IAAI,CAACG,QAAL,CAActB,CAAC,CAACP,QAAhB,CAAL;AAAA,KAAxB,CAAd;;AAEA,UAAKJ,KAAL,GAAa;AAAEE,MAAAA,OAAO,EAAE,CAAX;AAAcD,MAAAA,KAAK,EAALA;AAAd,KAAb;AAhCiB;AAiClB;;;;SAWDiC,M;AAAA,sBAAS;AAAA,yBAC4B,KAAKlC,KADjC;AAAA,UACCqB,MADD,gBACCA,MADD;AAAA,UACSpB,KADT,gBACSA,KADT;AAAA,UACgBC,OADhB,gBACgBA,OADhB;;AAGP,UAAImB,MAAJ,EAAY;AACV,eAAOA,MAAP;AACD;;AAED,UAAIL,CAAC,CAACC,OAAF,CAAUhB,KAAV,CAAJ,EAAsB;AACpB,eAAO,KAAKkC,aAAL,EAAP;AACD;;AAED,UAAMhC,IAAI,GAAGF,KAAK,CAACC,OAAD,CAAlB;AACA,UAAMkC,OAAO,GAAGnC,KAAK,CAACa,MAAN,GAAe,CAAf,GAAmBZ,OAAnC;AAEA,0BAAO,oBAAC,IAAD,eAAU,KAAKL,KAAf;AAAsB,QAAA,OAAO,EAAEuC,OAA/B;AAAwC,QAAA,QAAQ,EAAE,KAAKtC;AAAvD,SAAP;AACD;;;;;SAEDqC,a;AAAA,6BAAgB;AACd,0BACE;AAAK,QAAA,SAAS,EAAC;AAAf,sBACE,oBAAC,aAAD;AACE,QAAA,IAAI,EAAE3C,SAAS,CAAC6C,IADlB;AAEE,QAAA,KAAK,EAAC,WAFR;AAGE,QAAA,WAAW,EAAC;AAHd,QADF,CADF;AASD;;;;;;EAxEoC5C,KAAK,CAAC6C,S","sourcesContent":["import { NonIdealState } from \"@blueprintjs/core\";\nimport { IconNames } from \"@blueprintjs/icons\";\nimport React from \"react\";\n\nconst errExitStepMissingName = `\nAt least one Exit Step is missing a stepName. All Exist Steps Components must\nhave a stepName. E.g.:\n\nexport default class Thanks extends React.Component {\n  static stepName = \"Thanks\";\n  render() {\n    return (\n      <div className=\"thanks\">\n        <h3>Thanks!</h3>\n      </div>\n    );\n  }\n}\n\n`;\nconst errExitStepDups = dups =>\n  `All 'Exit Steps' must be unique (have a unique stepName). Duplicated: ${dups}.`;\n\nexport default class ExitSteps extends React.Component {\n  constructor(props) {\n    super(props);\n    const { game, player, steps: unfilteredSteps } = props;\n\n    // Checks steps have a name\n    const stepNames = unfilteredSteps.map(s => (s.stepName || \"\").trim());\n    for (let index = 0; index < stepNames.length; index++) {\n      const sname = stepNames[index];\n      if (_.isEmpty(sname)) {\n        alert(errExitStepMissingName);\n        console.error(errExitStepMissingName);\n        this.state = { failed: errExitStepMissingName };\n        return;\n      }\n    }\n\n    // Checks steps are unique\n    if (stepNames.length !== _.uniq(stepNames).length) {\n      const counts = {};\n      stepNames.forEach(n => (counts[n] = (counts[n] || 0) + 1));\n      const dups = _.compact(_.map(counts, (v, k) => (v > 1 ? k : null))).join(\n        \", \"\n      );\n      const err = errExitStepDups(dups);\n      alert(err);\n      this.state = { failed: err };\n      return null;\n    }\n\n    const done = player.exitStepsDone || [];\n    const steps = unfilteredSteps.filter(s => !done.includes(s.stepName));\n\n    this.state = { current: 0, steps };\n  }\n\n  onSubmit = data => {\n    let { onSubmit } = this.props;\n    let { steps, current } = this.state;\n    const Step = steps[current];\n    onSubmit(Step.stepName, data);\n    current = current + 1;\n    this.setState({ current });\n  };\n\n  render() {\n    const { failed, steps, current } = this.state;\n\n    if (failed) {\n      return failed;\n    }\n\n    if (_.isEmpty(steps)) {\n      return this.renderDefault();\n    }\n\n    const Step = steps[current];\n    const hasNext = steps.length - 1 > current;\n\n    return <Step {...this.props} hasNext={hasNext} onSubmit={this.onSubmit} />;\n  }\n\n  renderDefault() {\n    return (\n      <div className=\"game finished\">\n        <NonIdealState\n          icon={IconNames.TICK}\n          title=\"Finished!\"\n          description=\"Thank you for participating.\"\n        />\n      </div>\n    );\n  }\n}\n"]},"sourceType":"module","hash":"c90e7451f4d911ef6be4dcc7b6950f4a687798af"}
