{"metadata":{},"options":{"compact":false,"sourceMaps":true,"ast":true,"babelrc":false,"configFile":false,"parserOpts":{"sourceType":"module","sourceFileName":"/Users/stefpop/Desktop/repos/withBrandon/crossling_reference/experiments/from-scratch/packages/empirica:core/api/lobby-configs/methods.js","plugins":["*","flow","jsx","asyncGenerators","bigInt","classPrivateMethods","classPrivateProperties","classProperties","doExpressions","dynamicImport","exportDefaultFrom","exportExtensions","exportNamespaceFrom","functionBind","functionSent","importMeta","nullishCoalescingOperator","numericSeparator","objectRestSpread","optionalCatchBinding","optionalChaining",["pipelineOperator",{"proposal":"minimal"}],"throwExpressions","classProperties","classPrivateProperties","jsx","nullishCoalescingOperator","nullishCoalescingOperator","optionalChaining","optionalChaining","optionalCatchBinding","optionalCatchBinding","classProperties","classPrivateProperties","classPrivateMethods","classProperties","classPrivateProperties","asyncGenerators","asyncGenerators","objectRestSpread","objectRestSpread"],"allowImportExportEverywhere":true,"allowReturnOutsideFunction":true,"allowUndeclaredExports":true,"strictMode":false},"caller":{"name":"meteor","arch":"web.browser"},"sourceFileName":"packages/empirica:core/api/lobby-configs/methods.js","filename":"/Users/stefpop/Desktop/repos/withBrandon/crossling_reference/experiments/from-scratch/packages/empirica:core/api/lobby-configs/methods.js","cloneInputAst":true,"passPerPreset":false,"envName":"development","cwd":"/Users/stefpop/Desktop/repos/withBrandon/crossling_reference/experiments/from-scratch","root":"/Users/stefpop/Desktop/repos/withBrandon/crossling_reference/experiments/from-scratch","plugins":[{"key":"base$0","visitor":{"_exploded":true,"_verified":true},"options":{}},{"key":"base$0$0","visitor":{"Program":{"enter":[null],"exit":[null]},"_exploded":true,"_verified":true},"options":{"avoidModernSyntax":false,"enforceStrictMode":false,"dynamicImport":true,"generateLetDeclarations":true}},{"key":"transform-runtime","visitor":{"CallExpression":{"enter":[null]},"BinaryExpression":{"enter":[null]},"MemberExpression":{"enter":[null],"exit":[null]},"_exploded":true,"_verified":true,"Identifier":{"enter":[null]},"JSXIdentifier":{"enter":[null]}},"options":{"version":"7.12.5","helpers":true,"useESModules":false,"corejs":false}},{"key":"proposal-class-properties","visitor":{"PrivateName":{"enter":[null]},"ExportDefaultDeclaration":{"enter":[null]},"_exploded":true,"_verified":true,"ClassExpression":{"enter":[null]},"ClassDeclaration":{"enter":[null]}},"options":{"loose":true}},{"key":"transform-react-jsx","visitor":{"_exploded":{},"_verified":{},"JSXNamespacedName":{"enter":[null]},"JSXSpreadChild":{"enter":[null]},"Program":{"enter":[null]},"JSXElement":{"exit":[null]},"JSXFragment":{"exit":[null]},"JSXAttribute":{"enter":[null]}},"options":{"pragma":"React.createElement","pragmaFrag":"React.Fragment","runtime":"classic","throwIfNamespace":true,"useBuiltIns":false}},{"key":"transform-react-display-name","visitor":{"ExportDefaultDeclaration":{"enter":[null]},"CallExpression":{"enter":[null]},"_exploded":true,"_verified":true},"options":{}},{"key":"transform-react-pure-annotations","visitor":{"CallExpression":{"enter":[null]},"_exploded":true,"_verified":true},"options":{}},{"key":"syntax-nullish-coalescing-operator","visitor":{"_exploded":true,"_verified":true},"options":{}},{"key":"proposal-nullish-coalescing-operator","visitor":{"_exploded":{},"_verified":{},"LogicalExpression":{"enter":[null]}},"options":{}},{"key":"syntax-optional-chaining","visitor":{"_exploded":true,"_verified":true},"options":{}},{"key":"proposal-optional-chaining","visitor":{"_exploded":{},"_verified":{},"OptionalCallExpression":{"enter":[null]},"OptionalMemberExpression":{"enter":[null]}},"options":{}},{"key":"syntax-optional-catch-binding","visitor":{"_exploded":true,"_verified":true},"options":{}},{"key":"proposal-optional-catch-binding","visitor":{"_exploded":{},"_verified":{},"CatchClause":{"enter":[null]}},"options":{}},{"key":"syntax-class-properties","visitor":{"_exploded":true,"_verified":true},"options":{}},{"key":"proposal-class-properties","visitor":{"PrivateName":{"enter":[null]},"ExportDefaultDeclaration":{"enter":[null]},"_exploded":true,"_verified":true,"ClassExpression":{"enter":[null]},"ClassDeclaration":{"enter":[null]}},"options":{}},{"key":"syntax-async-generators","visitor":{"_exploded":true,"_verified":true},"options":{}},{"key":"proposal-async-generator-functions","visitor":{"_exploded":{},"_verified":{},"Program":{"enter":[null]}},"options":{}},{"key":"syntax-object-rest-spread","visitor":{"_exploded":true,"_verified":true},"options":{}},{"key":"proposal-object-rest-spread","visitor":{"_exploded":{},"_verified":{},"VariableDeclarator":{"enter":[null]},"ExportNamedDeclaration":{"enter":[null]},"CatchClause":{"enter":[null]},"AssignmentExpression":{"enter":[null]},"ArrayPattern":{"enter":[null]},"ObjectExpression":{"enter":[null]},"FunctionDeclaration":{"enter":[null]},"FunctionExpression":{"enter":[null]},"ObjectMethod":{"enter":[null]},"ArrowFunctionExpression":{"enter":[null]},"ClassMethod":{"enter":[null]},"ClassPrivateMethod":{"enter":[null]},"ForInStatement":{"enter":[null]},"ForOfStatement":{"enter":[null]}},"options":{}},{"key":"transform-literals","visitor":{"NumericLiteral":{"enter":[null]},"StringLiteral":{"enter":[null]},"_exploded":true,"_verified":true},"options":{}},{"key":"transform-template-literals","visitor":{"TaggedTemplateExpression":{"enter":[null]},"TemplateLiteral":{"enter":[null]},"_exploded":true,"_verified":true},"options":{}},{"key":"transform-parameters","visitor":{"_exploded":true,"_verified":true,"FunctionDeclaration":{"enter":[null]},"FunctionExpression":{"enter":[null]},"ObjectMethod":{"enter":[null]},"ArrowFunctionExpression":{"enter":[null]},"ClassMethod":{"enter":[null]},"ClassPrivateMethod":{"enter":[null]}},"options":{}},{"key":"transform-exponentiation-operator","visitor":{"AssignmentExpression":{"enter":[null]},"BinaryExpression":{"enter":[null]},"_exploded":true,"_verified":true},"options":{}}],"presets":[],"generatorOpts":{"filename":"/Users/stefpop/Desktop/repos/withBrandon/crossling_reference/experiments/from-scratch/packages/empirica:core/api/lobby-configs/methods.js","comments":true,"compact":false,"sourceMaps":true,"sourceFileName":"packages/empirica:core/api/lobby-configs/methods.js"}},"code":"module.export({\n  createLobbyConfig: () => createLobbyConfig,\n  updateLobbyConfig: () => updateLobbyConfig\n});\nlet SimpleSchema;\nmodule.link(\"simpl-schema\", {\n  default(v) {\n    SimpleSchema = v;\n  }\n\n}, 0);\nlet ValidatedMethod;\nmodule.link(\"meteor/mdg:validated-method\", {\n  ValidatedMethod(v) {\n    ValidatedMethod = v;\n  }\n\n}, 1);\nlet LobbyConfigs;\nmodule.link(\"./lobby-configs.js\", {\n  LobbyConfigs(v) {\n    LobbyConfigs = v;\n  }\n\n}, 2);\nlet IdSchema;\nmodule.link(\"../default-schemas.js\", {\n  IdSchema(v) {\n    IdSchema = v;\n  }\n\n}, 3);\nconst createLobbyConfig = new ValidatedMethod({\n  name: \"LobbyConfigs.methods.create\",\n  validate: LobbyConfigs.schema.pick(\"name\", \"timeoutType\", \"timeoutInSeconds\", \"timeoutStrategy\", \"timeoutBots\", \"timeoutBots.$\", \"extendCount\").validator(),\n\n  run(lobbyConfig) {\n    if (!this.userId) {\n      throw new Error(\"unauthorized\");\n    }\n\n    LobbyConfigs.insert(lobbyConfig);\n  }\n\n});\nconst updateLobbyConfig = new ValidatedMethod({\n  name: \"LobbyConfigs.methods.update\",\n  validate: LobbyConfigs.schema.pick(\"name\").extend(new SimpleSchema({\n    archived: {\n      type: Boolean,\n      optional: true\n    }\n  })).extend(IdSchema).validator(),\n\n  run(_ref) {\n    let {\n      _id,\n      name,\n      archived\n    } = _ref;\n\n    if (!this.userId) {\n      throw new Error(\"unauthorized\");\n    }\n\n    const lobbyConfig = LobbyConfigs.findOne(_id);\n\n    if (!lobbyConfig) {\n      throw new Error(\"not found\");\n    }\n\n    const $set = {},\n          $unset = {};\n\n    if (name !== undefined) {\n      $set.name = name;\n    }\n\n    if (archived !== undefined) {\n      if (archived) {\n        if (lobbyConfig.archivedAt) {\n          throw new Error(\"not found\");\n        }\n\n        $set.archivedAt = new Date();\n        $set.archivedById = this.userId;\n      }\n\n      if (!archived) {\n        if (!lobbyConfig.archivedAt) {\n          throw new Error(\"not found\");\n        }\n\n        $unset.archivedAt = true;\n        $unset.archivedById = true;\n      }\n    }\n\n    const modifier = {};\n\n    if (Object.keys($set).length > 0) {\n      modifier.$set = $set;\n    }\n\n    if (Object.keys($unset).length > 0) {\n      modifier.$unset = $unset;\n    }\n\n    if (Object.keys(modifier).length === 0) {\n      return;\n    }\n\n    LobbyConfigs.update(_id, modifier);\n  }\n\n});","map":{"version":3,"sources":["packages/empirica:core/api/lobby-configs/methods.js"],"names":["module","export","createLobbyConfig","updateLobbyConfig","SimpleSchema","link","default","v","ValidatedMethod","LobbyConfigs","IdSchema","name","validate","schema","pick","validator","run","lobbyConfig","userId","Error","insert","extend","archived","type","Boolean","optional","_id","findOne","$set","$unset","undefined","archivedAt","Date","archivedById","modifier","Object","keys","length","update"],"mappings":"AAAAA,MAAM,CAACC,MAAP,CAAc;AAACC,EAAAA,iBAAiB,EAAC,MAAIA,iBAAvB;AAAyCC,EAAAA,iBAAiB,EAAC,MAAIA;AAA/D,CAAd;AAAiG,IAAIC,YAAJ;AAAiBJ,MAAM,CAACK,IAAP,CAAY,cAAZ,EAA2B;AAACC,EAAAA,OAAO,CAACC,CAAD,EAAG;AAACH,IAAAA,YAAY,GAACG,CAAb;AAAe;;AAA3B,CAA3B,EAAwD,CAAxD;AAA2D,IAAIC,eAAJ;AAAoBR,MAAM,CAACK,IAAP,CAAY,6BAAZ,EAA0C;AAACG,EAAAA,eAAe,CAACD,CAAD,EAAG;AAACC,IAAAA,eAAe,GAACD,CAAhB;AAAkB;;AAAtC,CAA1C,EAAkF,CAAlF;AAAqF,IAAIE,YAAJ;AAAiBT,MAAM,CAACK,IAAP,CAAY,oBAAZ,EAAiC;AAACI,EAAAA,YAAY,CAACF,CAAD,EAAG;AAACE,IAAAA,YAAY,GAACF,CAAb;AAAe;;AAAhC,CAAjC,EAAmE,CAAnE;AAAsE,IAAIG,QAAJ;AAAaV,MAAM,CAACK,IAAP,CAAY,uBAAZ,EAAoC;AAACK,EAAAA,QAAQ,CAACH,CAAD,EAAG;AAACG,IAAAA,QAAQ,GAACH,CAAT;AAAW;;AAAxB,CAApC,EAA8D,CAA9D;AAMnX,MAAML,iBAAiB,GAAG,IAAIM,eAAJ,CAAoB;AACnDG,EAAAA,IAAI,EAAE,6BAD6C;AAGnDC,EAAAA,QAAQ,EAAEH,YAAY,CAACI,MAAb,CACPC,IADO,CAEN,MAFM,EAGN,aAHM,EAIN,kBAJM,EAKN,iBALM,EAMN,aANM,EAON,eAPM,EAQN,aARM,EAUPC,SAVO,EAHyC;;AAenDC,EAAAA,GAAG,CAACC,WAAD,EAAc;AACf,QAAI,CAAC,KAAKC,MAAV,EAAkB;AAChB,YAAM,IAAIC,KAAJ,CAAU,cAAV,CAAN;AACD;;AAEDV,IAAAA,YAAY,CAACW,MAAb,CAAoBH,WAApB;AACD;;AArBkD,CAApB,CAA1B;AAwBA,MAAMd,iBAAiB,GAAG,IAAIK,eAAJ,CAAoB;AACnDG,EAAAA,IAAI,EAAE,6BAD6C;AAGnDC,EAAAA,QAAQ,EAAEH,YAAY,CAACI,MAAb,CACPC,IADO,CACF,MADE,EAEPO,MAFO,CAGN,IAAIjB,YAAJ,CAAiB;AACfkB,IAAAA,QAAQ,EAAE;AACRC,MAAAA,IAAI,EAAEC,OADE;AAERC,MAAAA,QAAQ,EAAE;AAFF;AADK,GAAjB,CAHM,EAUPJ,MAVO,CAUAX,QAVA,EAWPK,SAXO,EAHyC;;AAgBnDC,EAAAA,GAAG,OAA0B;AAAA,QAAzB;AAAEU,MAAAA,GAAF;AAAOf,MAAAA,IAAP;AAAaW,MAAAA;AAAb,KAAyB;;AAC3B,QAAI,CAAC,KAAKJ,MAAV,EAAkB;AAChB,YAAM,IAAIC,KAAJ,CAAU,cAAV,CAAN;AACD;;AACD,UAAMF,WAAW,GAAGR,YAAY,CAACkB,OAAb,CAAqBD,GAArB,CAApB;;AACA,QAAI,CAACT,WAAL,EAAkB;AAChB,YAAM,IAAIE,KAAJ,CAAU,WAAV,CAAN;AACD;;AAED,UAAMS,IAAI,GAAG,EAAb;AAAA,UACEC,MAAM,GAAG,EADX;;AAEA,QAAIlB,IAAI,KAAKmB,SAAb,EAAwB;AACtBF,MAAAA,IAAI,CAACjB,IAAL,GAAYA,IAAZ;AACD;;AACD,QAAIW,QAAQ,KAAKQ,SAAjB,EAA4B;AAC1B,UAAIR,QAAJ,EAAc;AACZ,YAAIL,WAAW,CAACc,UAAhB,EAA4B;AAC1B,gBAAM,IAAIZ,KAAJ,CAAU,WAAV,CAAN;AACD;;AAEDS,QAAAA,IAAI,CAACG,UAAL,GAAkB,IAAIC,IAAJ,EAAlB;AACAJ,QAAAA,IAAI,CAACK,YAAL,GAAoB,KAAKf,MAAzB;AACD;;AACD,UAAI,CAACI,QAAL,EAAe;AACb,YAAI,CAACL,WAAW,CAACc,UAAjB,EAA6B;AAC3B,gBAAM,IAAIZ,KAAJ,CAAU,WAAV,CAAN;AACD;;AAEDU,QAAAA,MAAM,CAACE,UAAP,GAAoB,IAApB;AACAF,QAAAA,MAAM,CAACI,YAAP,GAAsB,IAAtB;AACD;AACF;;AAED,UAAMC,QAAQ,GAAG,EAAjB;;AACA,QAAIC,MAAM,CAACC,IAAP,CAAYR,IAAZ,EAAkBS,MAAlB,GAA2B,CAA/B,EAAkC;AAChCH,MAAAA,QAAQ,CAACN,IAAT,GAAgBA,IAAhB;AACD;;AACD,QAAIO,MAAM,CAACC,IAAP,CAAYP,MAAZ,EAAoBQ,MAApB,GAA6B,CAAjC,EAAoC;AAClCH,MAAAA,QAAQ,CAACL,MAAT,GAAkBA,MAAlB;AACD;;AACD,QAAIM,MAAM,CAACC,IAAP,CAAYF,QAAZ,EAAsBG,MAAtB,KAAiC,CAArC,EAAwC;AACtC;AACD;;AAED5B,IAAAA,YAAY,CAAC6B,MAAb,CAAoBZ,GAApB,EAAyBQ,QAAzB;AACD;;AA7DkD,CAApB,CAA1B","sourcesContent":["import SimpleSchema from \"simpl-schema\";\nimport { ValidatedMethod } from \"meteor/mdg:validated-method\";\n\nimport { LobbyConfigs } from \"./lobby-configs.js\";\nimport { IdSchema } from \"../default-schemas.js\";\n\nexport const createLobbyConfig = new ValidatedMethod({\n  name: \"LobbyConfigs.methods.create\",\n\n  validate: LobbyConfigs.schema\n    .pick(\n      \"name\",\n      \"timeoutType\",\n      \"timeoutInSeconds\",\n      \"timeoutStrategy\",\n      \"timeoutBots\",\n      \"timeoutBots.$\",\n      \"extendCount\"\n    )\n    .validator(),\n\n  run(lobbyConfig) {\n    if (!this.userId) {\n      throw new Error(\"unauthorized\");\n    }\n\n    LobbyConfigs.insert(lobbyConfig);\n  }\n});\n\nexport const updateLobbyConfig = new ValidatedMethod({\n  name: \"LobbyConfigs.methods.update\",\n\n  validate: LobbyConfigs.schema\n    .pick(\"name\")\n    .extend(\n      new SimpleSchema({\n        archived: {\n          type: Boolean,\n          optional: true\n        }\n      })\n    )\n    .extend(IdSchema)\n    .validator(),\n\n  run({ _id, name, archived }) {\n    if (!this.userId) {\n      throw new Error(\"unauthorized\");\n    }\n    const lobbyConfig = LobbyConfigs.findOne(_id);\n    if (!lobbyConfig) {\n      throw new Error(\"not found\");\n    }\n\n    const $set = {},\n      $unset = {};\n    if (name !== undefined) {\n      $set.name = name;\n    }\n    if (archived !== undefined) {\n      if (archived) {\n        if (lobbyConfig.archivedAt) {\n          throw new Error(\"not found\");\n        }\n\n        $set.archivedAt = new Date();\n        $set.archivedById = this.userId;\n      }\n      if (!archived) {\n        if (!lobbyConfig.archivedAt) {\n          throw new Error(\"not found\");\n        }\n\n        $unset.archivedAt = true;\n        $unset.archivedById = true;\n      }\n    }\n\n    const modifier = {};\n    if (Object.keys($set).length > 0) {\n      modifier.$set = $set;\n    }\n    if (Object.keys($unset).length > 0) {\n      modifier.$unset = $unset;\n    }\n    if (Object.keys(modifier).length === 0) {\n      return;\n    }\n\n    LobbyConfigs.update(_id, modifier);\n  }\n});\n"]},"sourceType":"module","hash":"cbc25d304d3d83479568c822b293ea9696612459"}
