{"metadata":{},"options":{"compact":false,"sourceMaps":true,"ast":true,"babelrc":false,"configFile":false,"parserOpts":{"sourceType":"module","sourceFileName":"/Users/stefpop/Desktop/repos/withBrandon/crossling_reference/experiments/from-scratch/client/game/Task.jsx","plugins":["*","flow","jsx","asyncGenerators","bigInt","classPrivateMethods","classPrivateProperties","classProperties","doExpressions","dynamicImport","exportDefaultFrom","exportExtensions","exportNamespaceFrom","functionBind","functionSent","importMeta","nullishCoalescingOperator","numericSeparator","objectRestSpread","optionalCatchBinding","optionalChaining",["pipelineOperator",{"proposal":"minimal"}],"throwExpressions","classProperties","classPrivateProperties","jsx","nullishCoalescingOperator","nullishCoalescingOperator","optionalChaining","optionalChaining","optionalCatchBinding","optionalCatchBinding","classProperties","classPrivateProperties","classPrivateMethods","classProperties","classPrivateProperties","asyncGenerators","asyncGenerators","objectRestSpread","objectRestSpread"],"allowImportExportEverywhere":true,"allowReturnOutsideFunction":true,"allowUndeclaredExports":true,"strictMode":false},"caller":{"name":"meteor","arch":"web.browser.legacy"},"sourceFileName":"client/game/Task.jsx","filename":"/Users/stefpop/Desktop/repos/withBrandon/crossling_reference/experiments/from-scratch/client/game/Task.jsx","cloneInputAst":true,"passPerPreset":false,"envName":"development","cwd":"/Users/stefpop/Desktop/repos/withBrandon/crossling_reference/experiments/from-scratch","root":"/Users/stefpop/Desktop/repos/withBrandon/crossling_reference/experiments/from-scratch","plugins":[{"key":"base$0","visitor":{"_exploded":true,"_verified":true},"options":{}},{"key":"base$0$0","visitor":{"Program":{"enter":[null],"exit":[null]},"_exploded":true,"_verified":true},"options":{"avoidModernSyntax":true,"enforceStrictMode":false,"dynamicImport":true}},{"key":"transform-runtime","visitor":{"CallExpression":{"enter":[null]},"BinaryExpression":{"enter":[null]},"MemberExpression":{"enter":[null],"exit":[null]},"_exploded":true,"_verified":true,"Identifier":{"enter":[null]},"JSXIdentifier":{"enter":[null]}},"options":{"version":"7.12.5","helpers":true,"useESModules":false,"corejs":false}},{"key":"proposal-class-properties","visitor":{"PrivateName":{"enter":[null]},"ExportDefaultDeclaration":{"enter":[null]},"_exploded":true,"_verified":true,"ClassExpression":{"enter":[null]},"ClassDeclaration":{"enter":[null]}},"options":{"loose":true}},{"key":"base$0$3","visitor":{"FunctionExpression":{"exit":[null]},"_exploded":true,"_verified":true},"options":{}},{"key":"base$0$4","visitor":{"ForInStatement":{"enter":[null]},"_exploded":true,"_verified":true},"options":{}},{"key":"transform-react-jsx","visitor":{"_exploded":{},"_verified":{},"JSXNamespacedName":{"enter":[null]},"JSXSpreadChild":{"enter":[null]},"Program":{"enter":[null]},"JSXElement":{"exit":[null]},"JSXFragment":{"exit":[null]},"JSXAttribute":{"enter":[null]}},"options":{"pragma":"React.createElement","pragmaFrag":"React.Fragment","runtime":"classic","throwIfNamespace":true,"useBuiltIns":false}},{"key":"transform-react-display-name","visitor":{"ExportDefaultDeclaration":{"enter":[null]},"CallExpression":{"enter":[null]},"_exploded":true,"_verified":true},"options":{}},{"key":"transform-react-pure-annotations","visitor":{"CallExpression":{"enter":[null]},"_exploded":true,"_verified":true},"options":{}},{"key":"syntax-nullish-coalescing-operator","visitor":{"_exploded":true,"_verified":true},"options":{}},{"key":"proposal-nullish-coalescing-operator","visitor":{"_exploded":{},"_verified":{},"LogicalExpression":{"enter":[null]}},"options":{}},{"key":"syntax-optional-chaining","visitor":{"_exploded":true,"_verified":true},"options":{}},{"key":"proposal-optional-chaining","visitor":{"_exploded":{},"_verified":{},"OptionalCallExpression":{"enter":[null]},"OptionalMemberExpression":{"enter":[null]}},"options":{}},{"key":"syntax-optional-catch-binding","visitor":{"_exploded":true,"_verified":true},"options":{}},{"key":"proposal-optional-catch-binding","visitor":{"_exploded":{},"_verified":{},"CatchClause":{"enter":[null]}},"options":{}},{"key":"syntax-class-properties","visitor":{"_exploded":true,"_verified":true},"options":{}},{"key":"proposal-class-properties","visitor":{"PrivateName":{"enter":[null]},"ExportDefaultDeclaration":{"enter":[null]},"_exploded":true,"_verified":true,"ClassExpression":{"enter":[null]},"ClassDeclaration":{"enter":[null]}},"options":{}},{"key":"syntax-async-generators","visitor":{"_exploded":true,"_verified":true},"options":{}},{"key":"proposal-async-generator-functions","visitor":{"_exploded":{},"_verified":{},"Program":{"enter":[null]}},"options":{}},{"key":"syntax-object-rest-spread","visitor":{"_exploded":true,"_verified":true},"options":{}},{"key":"proposal-object-rest-spread","visitor":{"_exploded":{},"_verified":{},"VariableDeclarator":{"enter":[null]},"ExportNamedDeclaration":{"enter":[null]},"CatchClause":{"enter":[null]},"AssignmentExpression":{"enter":[null]},"ArrayPattern":{"enter":[null]},"ObjectExpression":{"enter":[null]},"FunctionDeclaration":{"enter":[null]},"FunctionExpression":{"enter":[null]},"ObjectMethod":{"enter":[null]},"ArrowFunctionExpression":{"enter":[null]},"ClassMethod":{"enter":[null]},"ClassPrivateMethod":{"enter":[null]},"ForInStatement":{"enter":[null]},"ForOfStatement":{"enter":[null]}},"options":{}},{"key":"transform-arrow-functions","visitor":{"ArrowFunctionExpression":{"enter":[null]},"_exploded":true,"_verified":true},"options":{}},{"key":"transform-block-scoped-functions","visitor":{"BlockStatement":{"enter":[null]},"SwitchCase":{"enter":[null]},"_exploded":true,"_verified":true},"options":{}},{"key":"transform-block-scoping","visitor":{"VariableDeclaration":{"enter":[null]},"CatchClause":{"enter":[null]},"_exploded":true,"BlockStatement":{"enter":[null]},"SwitchStatement":{"enter":[null]},"Program":{"enter":[null]},"_verified":true,"DoWhileStatement":{"enter":[null]},"ForInStatement":{"enter":[null]},"ForStatement":{"enter":[null]},"WhileStatement":{"enter":[null]},"ForOfStatement":{"enter":[null]}},"options":{}},{"key":"transform-classes","visitor":{"ExportDefaultDeclaration":{"enter":[null]},"ClassDeclaration":{"enter":[null]},"ClassExpression":{"enter":[null]},"_exploded":true,"_verified":true},"options":{"loose":true}},{"key":"transform-computed-properties","visitor":{"ObjectExpression":{"exit":[null]},"_exploded":true,"_verified":true},"options":{"loose":true}},{"key":"transform-destructuring","visitor":{"ExportNamedDeclaration":{"enter":[null]},"CatchClause":{"enter":[null]},"AssignmentExpression":{"enter":[null]},"VariableDeclaration":{"enter":[null]},"_exploded":true,"_verified":true,"ForInStatement":{"enter":[null]},"ForOfStatement":{"enter":[null]}},"options":{}},{"key":"transform-for-of","visitor":{"ForOfStatement":{"enter":[null]},"_exploded":true,"_verified":true},"options":{"loose":true}},{"key":"transform-literals","visitor":{"NumericLiteral":{"enter":[null]},"StringLiteral":{"enter":[null]},"_exploded":true,"_verified":true},"options":{}},{"key":"transform-object-super","visitor":{"ObjectExpression":{"enter":[null]},"_exploded":true,"_verified":true},"options":{}},{"key":"transform-parameters","visitor":{"_exploded":true,"_verified":true,"FunctionDeclaration":{"enter":[null]},"FunctionExpression":{"enter":[null]},"ObjectMethod":{"enter":[null]},"ArrowFunctionExpression":{"enter":[null]},"ClassMethod":{"enter":[null]},"ClassPrivateMethod":{"enter":[null]}},"options":{}},{"key":"transform-shorthand-properties","visitor":{"ObjectMethod":{"enter":[null]},"ObjectProperty":{"enter":[null]},"_exploded":true,"_verified":true},"options":{}},{"key":"transform-spread","visitor":{"ArrayExpression":{"enter":[null]},"CallExpression":{"enter":[null]},"NewExpression":{"enter":[null]},"_exploded":true,"_verified":true},"options":{}},{"key":"transform-sticky-regex","visitor":{"RegExpLiteral":{"enter":[null]},"_exploded":true,"_verified":true},"options":{}},{"key":"transform-template-literals","visitor":{"TaggedTemplateExpression":{"enter":[null]},"TemplateLiteral":{"enter":[null]},"_exploded":true,"_verified":true},"options":{"loose":true}},{"key":"transform-typeof-symbol","visitor":{"UnaryExpression":{"enter":[null]},"_exploded":true,"_verified":true,"BlockStatement":{"enter":[null]},"CatchClause":{"enter":[null]},"DoWhileStatement":{"enter":[null]},"ForInStatement":{"enter":[null]},"ForStatement":{"enter":[null]},"FunctionDeclaration":{"enter":[null]},"FunctionExpression":{"enter":[null]},"Program":{"enter":[null]},"ObjectMethod":{"enter":[null]},"SwitchStatement":{"enter":[null]},"WhileStatement":{"enter":[null]},"ArrowFunctionExpression":{"enter":[null]},"ClassExpression":{"enter":[null]},"ClassDeclaration":{"enter":[null]},"ForOfStatement":{"enter":[null]},"ClassMethod":{"enter":[null]},"ClassPrivateMethod":{"enter":[null]},"StaticBlock":{"enter":[null]},"TSModuleBlock":{"enter":[null]},"AssignmentPattern":{"enter":[null]},"ArrayPattern":{"enter":[null]},"ObjectPattern":{"enter":[null]}},"options":{}},{"key":"transform-unicode-regex","visitor":{"RegExpLiteral":{"enter":[null]},"_exploded":true,"_verified":true},"options":{}},{"key":"transform-property-literals","visitor":{"ObjectProperty":{"exit":[null]},"_exploded":true,"_verified":true},"options":{}},{"key":"transform-exponentiation-operator","visitor":{"AssignmentExpression":{"enter":[null]},"BinaryExpression":{"enter":[null]},"_exploded":true,"_verified":true},"options":{}},{"key":"regenerator-transform","visitor":{"_exploded":true,"_verified":true,"ObjectMethod":{"enter":[null],"exit":[null]},"ClassMethod":{"enter":[null],"exit":[null]},"ClassPrivateMethod":{"enter":[null],"exit":[null]},"FunctionDeclaration":{"exit":[null]},"FunctionExpression":{"exit":[null]},"ArrowFunctionExpression":{"exit":[null]}},"options":{}}],"presets":[],"generatorOpts":{"filename":"/Users/stefpop/Desktop/repos/withBrandon/crossling_reference/experiments/from-scratch/client/game/Task.jsx","comments":true,"compact":false,"sourceMaps":true,"sourceFileName":"client/game/Task.jsx"}},"code":"var _assertThisInitialized;\n\nmodule.link(\"@babel/runtime/helpers/assertThisInitialized\", {\n  default: function (v) {\n    _assertThisInitialized = v;\n  }\n}, 0);\n\nvar _inheritsLoose;\n\nmodule.link(\"@babel/runtime/helpers/inheritsLoose\", {\n  default: function (v) {\n    _inheritsLoose = v;\n  }\n}, 1);\nmodule.export({\n  \"default\": function () {\n    return Task;\n  }\n});\nvar React;\nmodule.link(\"react\", {\n  \"default\": function (v) {\n    React = v;\n  }\n}, 0);\nvar Image;\nmodule.link(\"./Image.jsx\", {\n  \"default\": function (v) {\n    Image = v;\n  }\n}, 1);\nvar AlertToaster;\nmodule.link(\"meteor/empirica:core\", {\n  AlertToaster: function (v) {\n    AlertToaster = v;\n  }\n}, 2);\nvar gameText;\nmodule.link(\"../gameText.js\", {\n  gameText: function (v) {\n    gameText = v;\n  }\n}, 3);\n\nvar Task = /*#__PURE__*/function (_React$Component) {\n  _inheritsLoose(Task, _React$Component);\n\n  function Task() {\n    return _React$Component.apply(this, arguments) || this;\n  }\n\n  var _proto = Task.prototype;\n\n  _proto.render = function () {\n    function render() {\n      var _this$props = this.props,\n          round = _this$props.round,\n          player = _this$props.player;\n      var TaskView = player.get('role') == 'listener' ? /*#__PURE__*/React.createElement(ListenerTask, this.props) : /*#__PURE__*/React.createElement(SpeakerTask, this.props);\n      return /*#__PURE__*/React.createElement(\"div\", {\n        className: \"task\"\n      }, TaskView);\n    }\n\n    return render;\n  }();\n\n  return Task;\n}(React.Component);\n\nvar ListenerTask = /*#__PURE__*/function (_React$Component2) {\n  _inheritsLoose(ListenerTask, _React$Component2);\n\n  function ListenerTask(props) {\n    var _this;\n\n    _this = _React$Component2.call(this, props) || this;\n\n    _this.handleClick = function (event) {\n      var round = _this.props.round;\n\n      if (round.get('stage') === \"feedback\") {\n        _this.props.player.stage.submit();\n\n        document.removeEventListener('click', _this.handleClick, true);\n      }\n    };\n\n    var _round = _this.props.round;\n    _this.state = {\n      selected: \"NONE\"\n    };\n\n    _round.set(\"listenerSelection\", _this.state.selected);\n\n    _this.handleChange = _this.handleChange.bind(_assertThisInitialized(_this));\n    _this.handleSubmit = _this.handleSubmit.bind(_assertThisInitialized(_this));\n    _this.images = _round.get(\"listenerImages\");\n    return _this;\n  } // handle the click anywhere to proceed after selection\n\n\n  var _proto2 = ListenerTask.prototype;\n\n  // handle the submit button\n  _proto2.handleSubmit = function () {\n    function handleSubmit(e) {\n      e.preventDefault();\n      var _this$props2 = this.props,\n          round = _this$props2.round,\n          stage = _this$props2.stage,\n          game = _this$props2.game;\n      var gameTextInLanguage = gameText.filter(function (row) {\n        return row.language == game.treatment.gameLanguage;\n      })[0];\n\n      if (round.get('stage') !== \"feedback\" & this.state.selected === \"NONE\") {\n        AlertToaster.show({\n          message: gameTextInLanguage.TASK_pleaseMakeSelection\n        });\n        return;\n      } else if (round.get('stage') === \"selection\") {\n        round.set(\"listenerSelection\", this.state.selected);\n        round.set('stage', 'feedback');\n        document.addEventListener('click', this.handleClick, true);\n      }\n    }\n\n    return handleSubmit;\n  }();\n\n  // handle a click on an image during selection\n  _proto2.handleChange = function () {\n    function handleChange(e) {\n      var _this$props3 = this.props,\n          round = _this$props3.round,\n          stage = _this$props3.stage,\n          game = _this$props3.game;\n      var gameTextInLanguage = gameText.filter(function (row) {\n        return row.language == game.treatment.gameLanguage;\n      })[0];\n      var chatLog = round.get('chat'); // || new Array();\n      // Filter on only speaker messages\n\n      var filteredLog = chatLog.filter(function (msg) {\n        return msg.name === gameTextInLanguage.PLAYERPROFILE_director;\n      });\n\n      if (round.get('stage') === \"selection\" & filteredLog.length === 0) {\n        AlertToaster.show({\n          message: gameTextInLanguage.TASK_partnerHasToSaySomething\n        });\n        return;\n      } else if (round.get('stage') === \"selection\") {\n        this.setState({\n          selected: e.target.id\n        });\n      } else {}\n    }\n\n    return handleChange;\n  }();\n\n  _proto2.render = function () {\n    function render() {\n      var _this2 = this;\n\n      var _this$props4 = this.props,\n          round = _this$props4.round,\n          stage = _this$props4.stage,\n          player = _this$props4.player,\n          game = _this$props4.game;\n      var gameTextInLanguage = gameText.filter(function (row) {\n        return row.language == game.treatment.gameLanguage;\n      })[0];\n      var button;\n      var feedbackMessage;\n      var listenerSelection = round.get(\"listenerSelection\");\n      var target = round.get(\"target\");\n      var correct = listenerSelection == target.id ? true : false;\n\n      if (round.get('stage') === \"feedback\") {\n        if (listenerSelection == \"NONE\") {\n          feedbackMessage = gameTextInLanguage.TASK_youDidntSelectImage;\n        } else if (!correct) {\n          feedbackMessage = gameTextInLanguage.TASK_youSelectedWrongImage;\n        } else {\n          feedbackMessage = gameTextInLanguage.TASK_youSelectedCorrectImage;\n        }\n      } else {\n        button = /*#__PURE__*/React.createElement(\"button\", {\n          onClick: this.handleSubmit\n        }, gameTextInLanguage.TASK_submitButtonText);\n      }\n\n      var images = this.images.map(function (image) {\n        var path = \"images/\" + image.name + \".jpg\";\n        var highlighted;\n        var borderColor;\n\n        if (round.get('stage') === \"feedback\") {\n          highlighted = listenerSelection == image.id || target.id == image.id ? true : false;\n          borderColor = !correct & image.id == listenerSelection ? 'red' : 'green';\n        } else {\n          highlighted = _this2.state.selected == image.id ? true : false;\n          borderColor = \"black\";\n        }\n\n        return /*#__PURE__*/React.createElement(Image, {\n          image: image,\n          path: path,\n          onClick: _this2.handleChange,\n          borderColor: borderColor,\n          highlighted: highlighted\n        });\n      });\n      return /*#__PURE__*/React.createElement(\"div\", {\n        className: \"task-stimulus\"\n      }, /*#__PURE__*/React.createElement(\"table\", null, /*#__PURE__*/React.createElement(\"tr\", {\n        align: \"center\"\n      }, images), /*#__PURE__*/React.createElement(\"tr\", {\n        align: \"center\"\n      }, /*#__PURE__*/React.createElement(\"td\", {\n        colspan: \"5\"\n      }, button)), /*#__PURE__*/React.createElement(\"tr\", null, /*#__PURE__*/React.createElement(\"td\", {\n        align: \"center\",\n        colspan: \"5\"\n      }, /*#__PURE__*/React.createElement(\"h4\", null, \" \", feedbackMessage, \" \"), /*#__PURE__*/React.createElement(\"i\", null, \" \", round.get('stage') == 'feedback' ? gameTextInLanguage.TASK_clickAnywhereToAdvance : \"\", \" \")))));\n    }\n\n    return render;\n  }();\n\n  return ListenerTask;\n}(React.Component);\n\nvar SpeakerTask = /*#__PURE__*/function (_React$Component3) {\n  _inheritsLoose(SpeakerTask, _React$Component3);\n\n  var _proto3 = SpeakerTask.prototype;\n\n  _proto3.componentDidMount = function () {\n    function componentDidMount() {\n      this.props.player.stage.submit();\n    }\n\n    return componentDidMount;\n  }();\n\n  function SpeakerTask(props) {\n    var _this3;\n\n    _this3 = _React$Component3.call(this, props) || this;\n    var round = _this3.props.round;\n    _this3.images = round.get(\"speakerImages\");\n    return _this3;\n  }\n\n  _proto3.render = function () {\n    function render() {\n      var _this$props5 = this.props,\n          round = _this$props5.round,\n          stage = _this$props5.stage,\n          player = _this$props5.player,\n          game = _this$props5.game;\n      var gameTextInLanguage = gameText.filter(function (row) {\n        return row.language == game.treatment.gameLanguage;\n      })[0];\n      var feedbackMessage;\n      var listenerSelection = round.get(\"listenerSelection\");\n      var target = round.get(\"target\");\n      var correct = listenerSelection == target.id ? true : false;\n\n      if (round.get('stage') === \"feedback\") {\n        if (listenerSelection == \"NONE\") {\n          feedbackMessage = gameTextInLanguage.TASK_partnerDidntSelectImage;\n        } else if (!correct) {\n          feedbackMessage = gameTextInLanguage.TASK_partnerSelectedWrongImage;\n        } else {\n          feedbackMessage = gameTextInLanguage.TASK_partnerSelectedCorrectImage;\n        }\n      }\n\n      var images = this.images.map(function (image) {\n        var path = \"images/\" + image.name + \".jpg\";\n        var highlighted;\n        var borderColor;\n\n        if (round.get('stage') === \"feedback\") {\n          highlighted = listenerSelection == image.id || target.id == image.id ? true : false;\n          borderColor = !correct & image.id == listenerSelection ? 'red' : 'green';\n        } else if (round.get('stage') === \"selection\") {\n          highlighted = target.id === image.id ? true : false;\n          borderColor = 'black';\n        }\n\n        return /*#__PURE__*/React.createElement(Image, {\n          image: image,\n          path: path,\n          borderColor: borderColor,\n          highlighted: highlighted\n        });\n      });\n      return /*#__PURE__*/React.createElement(\"div\", {\n        className: \"task-stimulus\"\n      }, /*#__PURE__*/React.createElement(\"table\", null, /*#__PURE__*/React.createElement(\"tr\", {\n        align: \"center\"\n      }, images), /*#__PURE__*/React.createElement(\"tr\", null, /*#__PURE__*/React.createElement(\"td\", {\n        colspan: \"5\",\n        align: \"center\"\n      }, /*#__PURE__*/React.createElement(\"h4\", null, feedbackMessage), /*#__PURE__*/React.createElement(\"i\", null, \" \", round.get('stage') == 'feedback' ? gameTextInLanguage.TASK_waitForPartnerToClickAnywhere : \"\", \" \")))));\n    }\n\n    return render;\n  }();\n\n  return SpeakerTask;\n}(React.Component);","map":{"version":3,"sources":["client/game/Task.jsx"],"names":["_assertThisInitialized","module","link","default","v","_inheritsLoose","export","Task","React","Image","AlertToaster","gameText","render","props","round","player","TaskView","get","Component","ListenerTask","handleClick","event","stage","submit","document","removeEventListener","state","selected","set","handleChange","bind","handleSubmit","images","e","preventDefault","game","gameTextInLanguage","filter","row","language","treatment","gameLanguage","show","message","TASK_pleaseMakeSelection","addEventListener","chatLog","filteredLog","msg","name","PLAYERPROFILE_director","length","TASK_partnerHasToSaySomething","setState","target","id","button","feedbackMessage","listenerSelection","correct","TASK_youDidntSelectImage","TASK_youSelectedWrongImage","TASK_youSelectedCorrectImage","TASK_submitButtonText","map","image","path","highlighted","borderColor","TASK_clickAnywhereToAdvance","SpeakerTask","componentDidMount","TASK_partnerDidntSelectImage","TASK_partnerSelectedWrongImage","TASK_partnerSelectedCorrectImage","TASK_waitForPartnerToClickAnywhere"],"mappings":"AAAA,IAAIA,sBAAJ;;AAA2BC,MAAM,CAACC,IAAP,CAAY,8CAAZ,EAA2D;AAACC,EAAAA,OAAO,EAAC,UAASC,CAAT,EAAW;AAACJ,IAAAA,sBAAsB,GAACI,CAAvB;AAAyB;AAA9C,CAA3D,EAA2G,CAA3G;;AAA8G,IAAIC,cAAJ;;AAAmBJ,MAAM,CAACC,IAAP,CAAY,sCAAZ,EAAmD;AAACC,EAAAA,OAAO,EAAC,UAASC,CAAT,EAAW;AAACC,IAAAA,cAAc,GAACD,CAAf;AAAiB;AAAtC,CAAnD,EAA2F,CAA3F;AAA5JH,MAAM,CAACK,MAAP,CAAc;AAAC,aAAQ,YAAU;AAAC,WAAOC,IAAP;AAAY;AAAhC,CAAd;AAAiD,IAAIC,KAAJ;AAAUP,MAAM,CAACC,IAAP,CAAY,OAAZ,EAAoB;AAAC,aAAQ,UAASE,CAAT,EAAW;AAACI,IAAAA,KAAK,GAACJ,CAAN;AAAQ;AAA7B,CAApB,EAAmD,CAAnD;AAAsD,IAAIK,KAAJ;AAAUR,MAAM,CAACC,IAAP,CAAY,aAAZ,EAA0B;AAAC,aAAQ,UAASE,CAAT,EAAW;AAACK,IAAAA,KAAK,GAACL,CAAN;AAAQ;AAA7B,CAA1B,EAAyD,CAAzD;AAA4D,IAAIM,YAAJ;AAAiBT,MAAM,CAACC,IAAP,CAAY,sBAAZ,EAAmC;AAACQ,EAAAA,YAAY,EAAC,UAASN,CAAT,EAAW;AAACM,IAAAA,YAAY,GAACN,CAAb;AAAe;AAAzC,CAAnC,EAA8E,CAA9E;AAAiF,IAAIO,QAAJ;AAAaV,MAAM,CAACC,IAAP,CAAY,gBAAZ,EAA6B;AAACS,EAAAA,QAAQ,EAAC,UAASP,CAAT,EAAW;AAACO,IAAAA,QAAQ,GAACP,CAAT;AAAW;AAAjC,CAA7B,EAAgE,CAAhE;;IAKjRG,I;;;;;;;;;SAEpBK,M;AAAA,sBAAS;AAAA,wBACkB,KAAKC,KADvB;AAAA,UACAC,KADA,eACAA,KADA;AAAA,UACOC,MADP,eACOA,MADP;AAER,UAAMC,QAAQ,GAAGD,MAAM,CAACE,GAAP,CAAW,MAAX,KAAsB,UAAtB,gBAAmC,oBAAC,YAAD,EAAkB,KAAKJ,KAAvB,CAAnC,gBAAsE,oBAAC,WAAD,EAAiB,KAAKA,KAAtB,CAAvF;AACA,0BACC;AAAK,QAAA,SAAS,EAAC;AAAf,SACCG,QADD,CADD;AAKA;;;;;;EAVgCR,KAAK,CAACU,S;;IAclCC,Y;;;AAEL,wBAAYN,KAAZ,EAAmB;AAAA;;AAClB,yCAAMA,KAAN;;AADkB,UAYnBO,WAZmB,GAYL,UAAAC,KAAK,EAAI;AAAA,UACdP,KADc,GACJ,MAAKD,KADD,CACdC,KADc;;AAEtB,UAAIA,KAAK,CAACG,GAAN,CAAU,OAAV,MAAuB,UAA3B,EAAuC;AACtC,cAAKJ,KAAL,CAAWE,MAAX,CAAkBO,KAAlB,CAAwBC,MAAxB;;AACAC,QAAAA,QAAQ,CAACC,mBAAT,CAA6B,OAA7B,EAAsC,MAAKL,WAA3C,EAAwD,IAAxD;AACA;AACE,KAlBe;;AAAA,QAEVN,MAFU,GAEA,MAAKD,KAFL,CAEVC,KAFU;AAGlB,UAAKY,KAAL,GAAa;AAAEC,MAAAA,QAAQ,EAAE;AAAZ,KAAb;;AACAb,IAAAA,MAAK,CAACc,GAAN,CAAU,mBAAV,EAA+B,MAAKF,KAAL,CAAWC,QAA1C;;AACA,UAAKE,YAAL,GAAoB,MAAKA,YAAL,CAAkBC,IAAlB,+BAApB;AACA,UAAKC,YAAL,GAAoB,MAAKA,YAAL,CAAkBD,IAAlB,+BAApB;AACA,UAAKE,MAAL,GAAclB,MAAK,CAACG,GAAN,CAAU,gBAAV,CAAd;AAPkB;AAQlB,G,CAED;;;;;AAUG;UAEHc,Y;AAAA,0BAAaE,CAAb,EAAgB;AACfA,MAAAA,CAAC,CAACC,cAAF;AADe,yBAEgB,KAAKrB,KAFrB;AAAA,UAEPC,KAFO,gBAEPA,KAFO;AAAA,UAEAQ,KAFA,gBAEAA,KAFA;AAAA,UAEOa,IAFP,gBAEOA,IAFP;AAGZ,UAAMC,kBAAkB,GAAGzB,QAAQ,CAAC0B,MAAT,CAAgB,UAAAC,GAAG;AAAA,eAAIA,GAAG,CAACC,QAAJ,IAAgBJ,IAAI,CAACK,SAAL,CAAeC,YAAnC;AAAA,OAAnB,EAAoE,CAApE,CAA3B;;AAEH,UAAG3B,KAAK,CAACG,GAAN,CAAU,OAAV,MAAuB,UAAvB,GAAoC,KAAKS,KAAL,CAAWC,QAAX,KAAwB,MAA/D,EAAsE;AACrEjB,QAAAA,YAAY,CAACgC,IAAb,CAAkB;AACXC,UAAAA,OAAO,EACbP,kBAAkB,CAACQ;AAFF,SAAlB;AAIA;AACA,OAND,MAMO,IAAI9B,KAAK,CAACG,GAAN,CAAU,OAAV,MAAuB,WAA3B,EAAwC;AAC9CH,QAAAA,KAAK,CAACc,GAAN,CAAU,mBAAV,EAA+B,KAAKF,KAAL,CAAWC,QAA1C;AACAb,QAAAA,KAAK,CAACc,GAAN,CAAU,OAAV,EAAmB,UAAnB;AACAJ,QAAAA,QAAQ,CAACqB,gBAAT,CAA0B,OAA1B,EAAmC,KAAKzB,WAAxC,EAAqD,IAArD;AACA;AAED;;;;;AAED;UAEAS,Y;AAAA,0BAAaI,CAAb,EAAgB;AAAA,yBACgB,KAAKpB,KADrB;AAAA,UACPC,KADO,gBACPA,KADO;AAAA,UACAQ,KADA,gBACAA,KADA;AAAA,UACOa,IADP,gBACOA,IADP;AAEZ,UAAMC,kBAAkB,GAAGzB,QAAQ,CAAC0B,MAAT,CAAgB,UAAAC,GAAG;AAAA,eAAIA,GAAG,CAACC,QAAJ,IAAgBJ,IAAI,CAACK,SAAL,CAAeC,YAAnC;AAAA,OAAnB,EAAoE,CAApE,CAA3B;AAEH,UAAMK,OAAO,GAAGhC,KAAK,CAACG,GAAN,CAAU,MAAV,CAAhB,CAJe,CAIoB;AACnC;;AAEA,UAAM8B,WAAW,GAAGD,OAAO,CAACT,MAAR,CAAe,UAACW,GAAD;AAAA,eAASA,GAAG,CAACC,IAAJ,KAAab,kBAAkB,CAACc,sBAAzC;AAAA,OAAf,CAApB;;AACA,UAAIpC,KAAK,CAACG,GAAN,CAAU,OAAV,MAAuB,WAAvB,GAAqC8B,WAAW,CAACI,MAAZ,KAAuB,CAAhE,EAAmE;AAClEzC,QAAAA,YAAY,CAACgC,IAAb,CAAkB;AACXC,UAAAA,OAAO,EACbP,kBAAkB,CAACgB;AAFF,SAAlB;AAIA;AACA,OAND,MAMO,IAAItC,KAAK,CAACG,GAAN,CAAU,OAAV,MAAuB,WAA3B,EAAwC;AAC9C,aAAKoC,QAAL,CAAc;AAAE1B,UAAAA,QAAQ,EAAEM,CAAC,CAACqB,MAAF,CAASC;AAArB,SAAd;AACA,OAFM,MAEA,CAEN;AAED;;;;;UAED3C,M;AAAA,sBAAS;AAAA;;AAAA,yBAE+B,KAAKC,KAFpC;AAAA,UAEAC,KAFA,gBAEAA,KAFA;AAAA,UAEOQ,KAFP,gBAEOA,KAFP;AAAA,UAEcP,MAFd,gBAEcA,MAFd;AAAA,UAEsBoB,IAFtB,gBAEsBA,IAFtB;AAGL,UAAMC,kBAAkB,GAAGzB,QAAQ,CAAC0B,MAAT,CAAgB,UAAAC,GAAG;AAAA,eAAIA,GAAG,CAACC,QAAJ,IAAgBJ,IAAI,CAACK,SAAL,CAAeC,YAAnC;AAAA,OAAnB,EAAoE,CAApE,CAA3B;AAEH,UAAIe,MAAJ;AACA,UAAIC,eAAJ;AACA,UAAMC,iBAAiB,GAAG5C,KAAK,CAACG,GAAN,CAAU,mBAAV,CAA1B;AACA,UAAMqC,MAAM,GAAGxC,KAAK,CAACG,GAAN,CAAU,QAAV,CAAf;AACA,UAAM0C,OAAO,GAAGD,iBAAiB,IAAIJ,MAAM,CAACC,EAA5B,GAAiC,IAAjC,GAAwC,KAAxD;;AACA,UAAIzC,KAAK,CAACG,GAAN,CAAU,OAAV,MAAuB,UAA3B,EAAuC;AACtC,YAAIyC,iBAAiB,IAAI,MAAzB,EAAiC;AACjCD,UAAAA,eAAe,GAAGrB,kBAAkB,CAACwB,wBAArC;AACA,SAFA,MAEM,IAAG,CAAED,OAAL,EAAc;AACpBF,UAAAA,eAAe,GAAGrB,kBAAkB,CAACyB,0BAArC;AACA,SAFM,MAEA;AACNJ,UAAAA,eAAe,GAAGrB,kBAAkB,CAAC0B,4BAArC;AACC;AACD,OARD,MAQO;AACNN,QAAAA,MAAM,gBAAG;AAAQ,UAAA,OAAO,EAAE,KAAKzB;AAAtB,WAAqCK,kBAAkB,CAAC2B,qBAAxD,CAAT;AACA;;AAED,UAAM/B,MAAM,GAAG,KAAKA,MAAL,CAAYgC,GAAZ,CAAgB,UAACC,KAAD,EAAY;AAC1C,YAAIC,IAAI,GAAG,YAAYD,KAAK,CAAChB,IAAlB,GAAyB,MAApC;AACA,YAAIkB,WAAJ;AACA,YAAIC,WAAJ;;AAEA,YAAItD,KAAK,CAACG,GAAN,CAAU,OAAV,MAAuB,UAA3B,EAAuC;AACtCkD,UAAAA,WAAW,GAAGT,iBAAiB,IAAIO,KAAK,CAACV,EAA3B,IAAiCD,MAAM,CAACC,EAAP,IAAaU,KAAK,CAACV,EAApD,GAAyD,IAAzD,GAAgE,KAA9E;AACAa,UAAAA,WAAW,GAAG,CAAET,OAAF,GAAaM,KAAK,CAACV,EAAN,IAAYG,iBAAzB,GAA6C,KAA7C,GAAqD,OAAnE;AACA,SAHD,MAGO;AACNS,UAAAA,WAAW,GAAG,MAAI,CAACzC,KAAL,CAAWC,QAAX,IAAuBsC,KAAK,CAACV,EAA7B,GAAkC,IAAlC,GAAyC,KAAvD;AACAa,UAAAA,WAAW,GAAG,OAAd;AACA;;AACD,4BAAO,oBAAC,KAAD;AAAO,UAAA,KAAK,EAAEH,KAAd;AAAqB,UAAA,IAAI,EAAGC,IAA5B;AAAkC,UAAA,OAAO,EAAI,MAAI,CAACrC,YAAlD;AAAgE,UAAA,WAAW,EAAIuC,WAA/E;AAA4F,UAAA,WAAW,EAAID;AAA3G,UAAP;AAAoI,OAZtH,CAAf;AAcA,0BACC;AAAK,QAAA,SAAS,EAAC;AAAf,sBACC,gDACA;AAAI,QAAA,KAAK,EAAE;AAAX,SACCnC,MADD,CADA,eAIA;AAAI,QAAA,KAAK,EAAC;AAAV,sBACA;AAAI,QAAA,OAAO,EAAC;AAAZ,SACCwB,MADD,CADA,CAJA,eASA,6CACA;AAAI,QAAA,KAAK,EAAE,QAAX;AAAoB,QAAA,OAAO,EAAC;AAA5B,sBACA,qCAAMC,eAAN,MADA,eAEA,oCAAK3C,KAAK,CAACG,GAAN,CAAU,OAAV,KAAsB,UAAtB,GAAmCmB,kBAAkB,CAACiC,2BAAtD,GAAoF,EAAzF,MAFA,CADA,CATA,CADD,CADD;AAoBA;;;;;;EA3HyB7D,KAAK,CAACU,S;;IA8H3BoD,W;;;;;UAELC,iB;AAAA,iCAAoB;AACnB,WAAK1D,KAAL,CAAWE,MAAX,CAAkBO,KAAlB,CAAwBC,MAAxB;AACA;;;;;AAED,uBAAYV,KAAZ,EAAmB;AAAA;;AAClB,0CAAMA,KAAN;AADkB,QAEVC,KAFU,GAEA,OAAKD,KAFL,CAEVC,KAFU;AAGlB,WAAKkB,MAAL,GAAclB,KAAK,CAACG,GAAN,CAAU,eAAV,CAAd;AAHkB;AAIlB;;UAEDL,M;AAAA,sBAAS;AAAA,yBAE+B,KAAKC,KAFpC;AAAA,UAEAC,KAFA,gBAEAA,KAFA;AAAA,UAEOQ,KAFP,gBAEOA,KAFP;AAAA,UAEcP,MAFd,gBAEcA,MAFd;AAAA,UAEsBoB,IAFtB,gBAEsBA,IAFtB;AAGL,UAAMC,kBAAkB,GAAGzB,QAAQ,CAAC0B,MAAT,CAAgB,UAAAC,GAAG;AAAA,eAAIA,GAAG,CAACC,QAAJ,IAAgBJ,IAAI,CAACK,SAAL,CAAeC,YAAnC;AAAA,OAAnB,EAAoE,CAApE,CAA3B;AAEH,UAAIgB,eAAJ;AACA,UAAMC,iBAAiB,GAAG5C,KAAK,CAACG,GAAN,CAAU,mBAAV,CAA1B;AACA,UAAMqC,MAAM,GAAGxC,KAAK,CAACG,GAAN,CAAU,QAAV,CAAf;AACA,UAAM0C,OAAO,GAAGD,iBAAiB,IAAIJ,MAAM,CAACC,EAA5B,GAAiC,IAAjC,GAAwC,KAAxD;;AACA,UAAIzC,KAAK,CAACG,GAAN,CAAU,OAAV,MAAuB,UAA3B,EAAuC;AACvC,YAAIyC,iBAAiB,IAAI,MAAzB,EAAiC;AAChCD,UAAAA,eAAe,GAAGrB,kBAAkB,CAACoC,4BAArC;AACA,SAFD,MAEO,IAAG,CAAEb,OAAL,EAAc;AACpBF,UAAAA,eAAe,GAAGrB,kBAAkB,CAACqC,8BAArC;AACA,SAFM,MAEA;AACNhB,UAAAA,eAAe,GAAGrB,kBAAkB,CAACsC,gCAArC;AACC;AACD;;AAED,UAAM1C,MAAM,GAAG,KAAKA,MAAL,CAAYgC,GAAZ,CAAgB,UAACC,KAAD,EAAY;AAC1C,YAAIC,IAAI,GAAG,YAAYD,KAAK,CAAChB,IAAlB,GAAyB,MAApC;AACA,YAAIkB,WAAJ;AACA,YAAIC,WAAJ;;AACA,YAAItD,KAAK,CAACG,GAAN,CAAU,OAAV,MAAuB,UAA3B,EAAuC;AACtCkD,UAAAA,WAAW,GAAGT,iBAAiB,IAAIO,KAAK,CAACV,EAA3B,IAAiCD,MAAM,CAACC,EAAP,IAAaU,KAAK,CAACV,EAApD,GAAyD,IAAzD,GAAgE,KAA9E;AACAa,UAAAA,WAAW,GAAG,CAAET,OAAF,GAAaM,KAAK,CAACV,EAAN,IAAYG,iBAAzB,GAA6C,KAA7C,GAAqD,OAAnE;AACA,SAHD,MAGO,IAAI5C,KAAK,CAACG,GAAN,CAAU,OAAV,MAAuB,WAA3B,EAAwC;AAC9CkD,UAAAA,WAAW,GAAGb,MAAM,CAACC,EAAP,KAAcU,KAAK,CAACV,EAApB,GAAyB,IAAzB,GAAgC,KAA9C;AACAa,UAAAA,WAAW,GAAG,OAAd;AACA;;AACD,4BAAO,oBAAC,KAAD;AAAO,UAAA,KAAK,EAAEH,KAAd;AAAqB,UAAA,IAAI,EAAGC,IAA5B;AAAkC,UAAA,WAAW,EAAIE,WAAjD;AAA8D,UAAA,WAAW,EAAID;AAA7E,UAAP;AAAsG,OAXxF,CAAf;AAaA,0BACC;AAAK,QAAA,SAAS,EAAC;AAAf,sBACC,gDACA;AAAI,QAAA,KAAK,EAAE;AAAX,SACCnC,MADD,CADA,eAIA,6CACA;AAAI,QAAA,OAAO,EAAC,GAAZ;AAAgB,QAAA,KAAK,EAAG;AAAxB,sBACA,gCAAKyB,eAAL,CADA,eAEA,oCAAK3C,KAAK,CAACG,GAAN,CAAU,OAAV,KAAsB,UAAtB,GAAmCmB,kBAAkB,CAACuC,kCAAtD,GAA2F,EAAhG,MAFA,CADA,CAJA,CADD,CADD;AAgBA;;;;;;EA5DwBnE,KAAK,CAACU,S","sourcesContent":["import React from \"react\";\nimport Image from \"./Image.jsx\";\nimport { AlertToaster } from \"meteor/empirica:core\";\nimport { gameText } from \"../gameText.js\";\n\nexport default class Task extends React.Component {\n\n\trender() {\n\t\tconst { round, player } = this.props;\n\t\tconst TaskView = player.get('role') == 'listener' ? <ListenerTask {...this.props} /> : <SpeakerTask {...this.props} />;\n\t\treturn (\n\t\t\t<div className=\"task\">\n\t\t\t{TaskView}\n\t\t\t</div>\n\t\t\t);\n\t}\n\n}\n\nclass ListenerTask extends React.Component {\n\n\tconstructor(props) {\n\t\tsuper(props);\n\t\tconst { round } = this.props;\n\t\tthis.state = { selected: \"NONE\" };\n\t\tround.set(\"listenerSelection\", this.state.selected)\n\t\tthis.handleChange = this.handleChange.bind(this);\n\t\tthis.handleSubmit = this.handleSubmit.bind(this);\n\t\tthis.images = round.get(\"listenerImages\")\t\n\t}\n\n\t// handle the click anywhere to proceed after selection\n\n\thandleClick = event => {\n\t\tconst { round } = this.props;\n\t\tif (round.get('stage') === \"feedback\") {\n\t\t\tthis.props.player.stage.submit();\n\t\t\tdocument.removeEventListener('click', this.handleClick, true);\n\t\t}\n    } \n\n    // handle the submit button\n\n\thandleSubmit(e) {\n\t\te.preventDefault();\n\t\tconst { round, stage, game } = this.props;\n    \tconst gameTextInLanguage = gameText.filter(row => row.language == game.treatment.gameLanguage)[0]\n\n\t\tif(round.get('stage') !== \"feedback\" & this.state.selected === \"NONE\"){\n\t\t\tAlertToaster.show({\n       \t\t message:\n\t\t\t\tgameTextInLanguage.TASK_pleaseMakeSelection\n      \t\t});\n\t\t\treturn\n\t\t} else if (round.get('stage') === \"selection\") {\n\t\t\tround.set(\"listenerSelection\", this.state.selected)\n\t\t\tround.set('stage', 'feedback')\n\t\t\tdocument.addEventListener('click', this.handleClick, true);\n\t\t}\n\n\t};\n\n\t// handle a click on an image during selection\n\n\thandleChange(e) {\n\t\tconst { round, stage, game } = this.props;\n    \tconst gameTextInLanguage = gameText.filter(row => row.language == game.treatment.gameLanguage)[0]\n\n\t\tconst chatLog = round.get('chat'); // || new Array();\n\t\t// Filter on only speaker messages\n\n\t\tconst filteredLog = chatLog.filter((msg) => msg.name === gameTextInLanguage.PLAYERPROFILE_director);\n\t\tif (round.get('stage') === \"selection\" & filteredLog.length === 0) {\n\t\t\tAlertToaster.show({\n       \t\t message:\n\t\t\t\tgameTextInLanguage.TASK_partnerHasToSaySomething\n      \t\t});\n\t\t\treturn\n\t\t} else if (round.get('stage') === \"selection\") {\n\t\t\tthis.setState({ selected: e.target.id });\n\t\t} else {\n\n\t\t}\t\n\n\t};\n\n\trender() {\n\n\t\tconst { round, stage, player, game } = this.props;\n    \tconst gameTextInLanguage = gameText.filter(row => row.language == game.treatment.gameLanguage)[0]\n\t\t\n\t\tlet button;\n\t\tlet feedbackMessage;\n\t\tconst listenerSelection = round.get(\"listenerSelection\")\n\t\tconst target = round.get(\"target\")\n\t\tconst correct = listenerSelection == target.id ? true : false\t\n\t\tif (round.get('stage') === \"feedback\") {\t\n\t\t\tif (listenerSelection == \"NONE\") {\n\t\t\tfeedbackMessage = gameTextInLanguage.TASK_youDidntSelectImage\n\t\t} else if(!(correct)){\n\t\t\tfeedbackMessage = gameTextInLanguage.TASK_youSelectedWrongImage\n\t\t} else {\n\t\t\tfeedbackMessage = gameTextInLanguage.TASK_youSelectedCorrectImage\n\t\t\t}\n\t\t} else {\n\t\t\tbutton = <button onClick={this.handleSubmit}>{gameTextInLanguage.TASK_submitButtonText}</button>\n\t\t}\n\t\t\n\t\tconst images = this.images.map((image,) => { \n\t\t\tlet path = \"images/\" + image.name + \".jpg\";\n\t\t\tlet highlighted;\n\t\t\tlet borderColor;\n\t\t\t\n\t\t\tif (round.get('stage') === \"feedback\") {\n\t\t\t\thighlighted = listenerSelection == image.id || target.id == image.id ? true : false\n\t\t\t\tborderColor = !(correct) & image.id == listenerSelection ? 'red' : 'green';\n\t\t\t} else {\n\t\t\t\thighlighted = this.state.selected == image.id ? true : false\n\t\t\t\tborderColor = \"black\"\n\t\t\t}\n\t\t\treturn(<Image image={image} path= {path} onClick = {this.handleChange} borderColor = {borderColor} highlighted = {highlighted} /> )})\n\t\t\n\t\treturn (\n\t\t\t<div className=\"task-stimulus\">\n\t\t\t\t<table>\n\t\t\t\t<tr align =\"center\">\n\t\t\t\t{images}\n\t\t\t\t</tr>\n\t\t\t\t<tr align=\"center\">\n\t\t\t\t<td colspan=\"5\">\n\t\t\t\t{button}\n\t\t\t\t</td>\n\t\t\t\t</tr>\n\t\t\t\t<tr>\n\t\t\t\t<td align =\"center\" colspan=\"5\">\n\t\t\t\t<h4> {feedbackMessage} </h4>\n\t\t\t\t<i> {round.get('stage') == 'feedback' ? gameTextInLanguage.TASK_clickAnywhereToAdvance : \"\"} </i>\n\t\t\t\t</td>\n\t\t\t\t</tr>\n\t\t\t\t</table>\t\n\t\t\t</div>\n\t\t\t);\n\t}\n}\n\nclass SpeakerTask extends React.Component {\n\n\tcomponentDidMount() {\n\t\tthis.props.player.stage.submit();\n\t}\n\n\tconstructor(props) {\n\t\tsuper(props);\n\t\tconst { round } = this.props;\n\t\tthis.images = round.get(\"speakerImages\")\n\t}\n\n\trender() {\n\n\t\tconst { round, stage, player, game } = this.props;\n    \tconst gameTextInLanguage = gameText.filter(row => row.language == game.treatment.gameLanguage)[0]\n\t\t\n\t\tlet feedbackMessage;\n\t\tconst listenerSelection = round.get(\"listenerSelection\")\n\t\tconst target = round.get(\"target\")\n\t\tconst correct = listenerSelection == target.id ? true : false\n\t\tif (round.get('stage') === \"feedback\") {\n\t\tif (listenerSelection == \"NONE\") {\n\t\t\tfeedbackMessage = gameTextInLanguage.TASK_partnerDidntSelectImage\n\t\t} else if(!(correct)){\n\t\t\tfeedbackMessage = gameTextInLanguage.TASK_partnerSelectedWrongImage\n\t\t} else {\n\t\t\tfeedbackMessage = gameTextInLanguage.TASK_partnerSelectedCorrectImage\n\t\t\t}\n\t\t}\n\n\t\tconst images = this.images.map((image,) => { \n\t\t\tlet path = \"images/\" + image.name + \".jpg\";\n\t\t\tlet highlighted;\n\t\t\tlet borderColor;\n\t\t\tif (round.get('stage') === \"feedback\") {\n\t\t\t\thighlighted = listenerSelection == image.id || target.id == image.id ? true : false\n\t\t\t\tborderColor = !(correct) & image.id == listenerSelection ? 'red' : 'green'\n\t\t\t} else if (round.get('stage') === \"selection\") {\n\t\t\t\thighlighted = target.id === image.id ? true : false\n\t\t\t\tborderColor = 'black'\n\t\t\t}\n\t\t\treturn(<Image image={image} path= {path} borderColor = {borderColor} highlighted = {highlighted} /> )})\n\t\t\n\t\treturn (\n\t\t\t<div className=\"task-stimulus\">\t\t\n\t\t\t\t<table>\n\t\t\t\t<tr align =\"center\">\n\t\t\t\t{images}\n\t\t\t\t</tr>\n\t\t\t\t<tr>\n\t\t\t\t<td colspan=\"5\" align = \"center\">\n\t\t\t\t<h4>{feedbackMessage}</h4>\n\t\t\t\t<i> {round.get('stage') == 'feedback' ? gameTextInLanguage.TASK_waitForPartnerToClickAnywhere : \"\"} </i>\n\t\t\t\t</td>\n\t\t\t\t</tr>\n\t\t\t\t</table>\n\t\t\t</div>\n\t\t\t);\n\n\t}\n\n}"]},"sourceType":"module","hash":"cf1f706650cf4c61969398fb28994c8c56e3109e"}
