{"metadata":{},"options":{"compact":false,"sourceMaps":true,"ast":true,"babelrc":false,"configFile":false,"parserOpts":{"sourceType":"module","sourceFileName":"/Users/stefpop/Desktop/repos/withBrandon/crossling_reference/experiments/from-scratch/packages/empirica:core/api/factor-types/factor-types.js","plugins":["*","flow","jsx","asyncGenerators","bigInt","classPrivateMethods","classPrivateProperties","classProperties","doExpressions","dynamicImport","exportDefaultFrom","exportExtensions","exportNamespaceFrom","functionBind","functionSent","importMeta","nullishCoalescingOperator","numericSeparator","objectRestSpread","optionalCatchBinding","optionalChaining",["pipelineOperator",{"proposal":"minimal"}],"throwExpressions","classProperties","classPrivateProperties","jsx","nullishCoalescingOperator","nullishCoalescingOperator","optionalChaining","optionalChaining","optionalCatchBinding","optionalCatchBinding","classProperties","classPrivateProperties","classPrivateMethods","classProperties","classPrivateProperties","asyncGenerators","asyncGenerators","objectRestSpread","objectRestSpread"],"allowImportExportEverywhere":true,"allowReturnOutsideFunction":true,"allowUndeclaredExports":true,"strictMode":false},"caller":{"name":"meteor","arch":"web.browser.legacy"},"sourceFileName":"packages/empirica:core/api/factor-types/factor-types.js","filename":"/Users/stefpop/Desktop/repos/withBrandon/crossling_reference/experiments/from-scratch/packages/empirica:core/api/factor-types/factor-types.js","cloneInputAst":true,"passPerPreset":false,"envName":"development","cwd":"/Users/stefpop/Desktop/repos/withBrandon/crossling_reference/experiments/from-scratch","root":"/Users/stefpop/Desktop/repos/withBrandon/crossling_reference/experiments/from-scratch","plugins":[{"key":"base$0","visitor":{"_exploded":true,"_verified":true},"options":{}},{"key":"base$0$0","visitor":{"Program":{"enter":[null],"exit":[null]},"_exploded":true,"_verified":true},"options":{"avoidModernSyntax":true,"enforceStrictMode":false,"dynamicImport":true}},{"key":"transform-runtime","visitor":{"CallExpression":{"enter":[null]},"BinaryExpression":{"enter":[null]},"MemberExpression":{"enter":[null],"exit":[null]},"_exploded":true,"_verified":true,"Identifier":{"enter":[null]},"JSXIdentifier":{"enter":[null]}},"options":{"version":"7.12.5","helpers":true,"useESModules":false,"corejs":false}},{"key":"proposal-class-properties","visitor":{"PrivateName":{"enter":[null]},"ExportDefaultDeclaration":{"enter":[null]},"_exploded":true,"_verified":true,"ClassExpression":{"enter":[null]},"ClassDeclaration":{"enter":[null]}},"options":{"loose":true}},{"key":"base$0$3","visitor":{"FunctionExpression":{"exit":[null]},"_exploded":true,"_verified":true},"options":{}},{"key":"base$0$4","visitor":{"ForInStatement":{"enter":[null]},"_exploded":true,"_verified":true},"options":{}},{"key":"transform-react-jsx","visitor":{"_exploded":{},"_verified":{},"JSXNamespacedName":{"enter":[null]},"JSXSpreadChild":{"enter":[null]},"Program":{"enter":[null]},"JSXElement":{"exit":[null]},"JSXFragment":{"exit":[null]},"JSXAttribute":{"enter":[null]}},"options":{"pragma":"React.createElement","pragmaFrag":"React.Fragment","runtime":"classic","throwIfNamespace":true,"useBuiltIns":false}},{"key":"transform-react-display-name","visitor":{"ExportDefaultDeclaration":{"enter":[null]},"CallExpression":{"enter":[null]},"_exploded":true,"_verified":true},"options":{}},{"key":"transform-react-pure-annotations","visitor":{"CallExpression":{"enter":[null]},"_exploded":true,"_verified":true},"options":{}},{"key":"syntax-nullish-coalescing-operator","visitor":{"_exploded":true,"_verified":true},"options":{}},{"key":"proposal-nullish-coalescing-operator","visitor":{"_exploded":{},"_verified":{},"LogicalExpression":{"enter":[null]}},"options":{}},{"key":"syntax-optional-chaining","visitor":{"_exploded":true,"_verified":true},"options":{}},{"key":"proposal-optional-chaining","visitor":{"_exploded":{},"_verified":{},"OptionalCallExpression":{"enter":[null]},"OptionalMemberExpression":{"enter":[null]}},"options":{}},{"key":"syntax-optional-catch-binding","visitor":{"_exploded":true,"_verified":true},"options":{}},{"key":"proposal-optional-catch-binding","visitor":{"_exploded":{},"_verified":{},"CatchClause":{"enter":[null]}},"options":{}},{"key":"syntax-class-properties","visitor":{"_exploded":true,"_verified":true},"options":{}},{"key":"proposal-class-properties","visitor":{"PrivateName":{"enter":[null]},"ExportDefaultDeclaration":{"enter":[null]},"_exploded":true,"_verified":true,"ClassExpression":{"enter":[null]},"ClassDeclaration":{"enter":[null]}},"options":{}},{"key":"syntax-async-generators","visitor":{"_exploded":true,"_verified":true},"options":{}},{"key":"proposal-async-generator-functions","visitor":{"_exploded":{},"_verified":{},"Program":{"enter":[null]}},"options":{}},{"key":"syntax-object-rest-spread","visitor":{"_exploded":true,"_verified":true},"options":{}},{"key":"proposal-object-rest-spread","visitor":{"_exploded":{},"_verified":{},"VariableDeclarator":{"enter":[null]},"ExportNamedDeclaration":{"enter":[null]},"CatchClause":{"enter":[null]},"AssignmentExpression":{"enter":[null]},"ArrayPattern":{"enter":[null]},"ObjectExpression":{"enter":[null]},"FunctionDeclaration":{"enter":[null]},"FunctionExpression":{"enter":[null]},"ObjectMethod":{"enter":[null]},"ArrowFunctionExpression":{"enter":[null]},"ClassMethod":{"enter":[null]},"ClassPrivateMethod":{"enter":[null]},"ForInStatement":{"enter":[null]},"ForOfStatement":{"enter":[null]}},"options":{}},{"key":"transform-arrow-functions","visitor":{"ArrowFunctionExpression":{"enter":[null]},"_exploded":true,"_verified":true},"options":{}},{"key":"transform-block-scoped-functions","visitor":{"BlockStatement":{"enter":[null]},"SwitchCase":{"enter":[null]},"_exploded":true,"_verified":true},"options":{}},{"key":"transform-block-scoping","visitor":{"VariableDeclaration":{"enter":[null]},"CatchClause":{"enter":[null]},"_exploded":true,"BlockStatement":{"enter":[null]},"SwitchStatement":{"enter":[null]},"Program":{"enter":[null]},"_verified":true,"DoWhileStatement":{"enter":[null]},"ForInStatement":{"enter":[null]},"ForStatement":{"enter":[null]},"WhileStatement":{"enter":[null]},"ForOfStatement":{"enter":[null]}},"options":{}},{"key":"transform-classes","visitor":{"ExportDefaultDeclaration":{"enter":[null]},"ClassDeclaration":{"enter":[null]},"ClassExpression":{"enter":[null]},"_exploded":true,"_verified":true},"options":{"loose":true}},{"key":"transform-computed-properties","visitor":{"ObjectExpression":{"exit":[null]},"_exploded":true,"_verified":true},"options":{"loose":true}},{"key":"transform-destructuring","visitor":{"ExportNamedDeclaration":{"enter":[null]},"CatchClause":{"enter":[null]},"AssignmentExpression":{"enter":[null]},"VariableDeclaration":{"enter":[null]},"_exploded":true,"_verified":true,"ForInStatement":{"enter":[null]},"ForOfStatement":{"enter":[null]}},"options":{}},{"key":"transform-for-of","visitor":{"ForOfStatement":{"enter":[null]},"_exploded":true,"_verified":true},"options":{"loose":true}},{"key":"transform-literals","visitor":{"NumericLiteral":{"enter":[null]},"StringLiteral":{"enter":[null]},"_exploded":true,"_verified":true},"options":{}},{"key":"transform-object-super","visitor":{"ObjectExpression":{"enter":[null]},"_exploded":true,"_verified":true},"options":{}},{"key":"transform-parameters","visitor":{"_exploded":true,"_verified":true,"FunctionDeclaration":{"enter":[null]},"FunctionExpression":{"enter":[null]},"ObjectMethod":{"enter":[null]},"ArrowFunctionExpression":{"enter":[null]},"ClassMethod":{"enter":[null]},"ClassPrivateMethod":{"enter":[null]}},"options":{}},{"key":"transform-shorthand-properties","visitor":{"ObjectMethod":{"enter":[null]},"ObjectProperty":{"enter":[null]},"_exploded":true,"_verified":true},"options":{}},{"key":"transform-spread","visitor":{"ArrayExpression":{"enter":[null]},"CallExpression":{"enter":[null]},"NewExpression":{"enter":[null]},"_exploded":true,"_verified":true},"options":{}},{"key":"transform-sticky-regex","visitor":{"RegExpLiteral":{"enter":[null]},"_exploded":true,"_verified":true},"options":{}},{"key":"transform-template-literals","visitor":{"TaggedTemplateExpression":{"enter":[null]},"TemplateLiteral":{"enter":[null]},"_exploded":true,"_verified":true},"options":{"loose":true}},{"key":"transform-typeof-symbol","visitor":{"UnaryExpression":{"enter":[null]},"_exploded":true,"_verified":true,"BlockStatement":{"enter":[null]},"CatchClause":{"enter":[null]},"DoWhileStatement":{"enter":[null]},"ForInStatement":{"enter":[null]},"ForStatement":{"enter":[null]},"FunctionDeclaration":{"enter":[null]},"FunctionExpression":{"enter":[null]},"Program":{"enter":[null]},"ObjectMethod":{"enter":[null]},"SwitchStatement":{"enter":[null]},"WhileStatement":{"enter":[null]},"ArrowFunctionExpression":{"enter":[null]},"ClassExpression":{"enter":[null]},"ClassDeclaration":{"enter":[null]},"ForOfStatement":{"enter":[null]},"ClassMethod":{"enter":[null]},"ClassPrivateMethod":{"enter":[null]},"StaticBlock":{"enter":[null]},"TSModuleBlock":{"enter":[null]},"AssignmentPattern":{"enter":[null]},"ArrayPattern":{"enter":[null]},"ObjectPattern":{"enter":[null]}},"options":{}},{"key":"transform-unicode-regex","visitor":{"RegExpLiteral":{"enter":[null]},"_exploded":true,"_verified":true},"options":{}},{"key":"transform-property-literals","visitor":{"ObjectProperty":{"exit":[null]},"_exploded":true,"_verified":true},"options":{}},{"key":"transform-exponentiation-operator","visitor":{"AssignmentExpression":{"enter":[null]},"BinaryExpression":{"enter":[null]},"_exploded":true,"_verified":true},"options":{}},{"key":"regenerator-transform","visitor":{"_exploded":true,"_verified":true,"ObjectMethod":{"enter":[null],"exit":[null]},"ClassMethod":{"enter":[null],"exit":[null]},"ClassPrivateMethod":{"enter":[null],"exit":[null]},"FunctionDeclaration":{"exit":[null]},"FunctionExpression":{"exit":[null]},"ArrowFunctionExpression":{"exit":[null]}},"options":{}}],"presets":[],"generatorOpts":{"filename":"/Users/stefpop/Desktop/repos/withBrandon/crossling_reference/experiments/from-scratch/packages/empirica:core/api/factor-types/factor-types.js","comments":true,"compact":false,"sourceMaps":true,"sourceFileName":"packages/empirica:core/api/factor-types/factor-types.js"}},"code":"module.export({\n  FactorTypes: function () {\n    return FactorTypes;\n  }\n});\nvar SimpleSchema;\nmodule.link(\"simpl-schema\", {\n  \"default\": function (v) {\n    SimpleSchema = v;\n  }\n}, 0);\nvar ArchivedSchema, TimestampSchema;\nmodule.link(\"../default-schemas.js\", {\n  ArchivedSchema: function (v) {\n    ArchivedSchema = v;\n  },\n  TimestampSchema: function (v) {\n    TimestampSchema = v;\n  }\n}, 1);\nvar FactorTypes = new Mongo.Collection(\"factor_types\");\nFactorTypes.helpers({}); // requiredFactors hold a list of factors keys that are required by\n// Empirica core to be able to run a game.\n// Required factors are:\n// -`playerCount` determines how many players participate in a game and is\n//   therefore critical to run a game.\n\nFactorTypes.requiredTypes = [\"playerCount\"];\nFactorTypes.types = [\"String\", \"Integer\", \"Number\", \"Boolean\"];\nFactorTypes.schema = new SimpleSchema({\n  required: {\n    type: Boolean\n  },\n  name: {\n    type: String,\n    max: 256,\n    regEx: /^[a-z]+[a-zA-Z0-9]*$/,\n    index: true,\n    unique: true,\n    custom: function () {\n      if (this.isSet && FactorTypes.find({\n        name: this.value\n      }).count() > 0) {\n        return \"notUnique\";\n      }\n    }\n  },\n  description: {\n    type: String,\n    min: 1,\n    max: 2048\n  },\n  type: {\n    type: String,\n    allowedValues: FactorTypes.types\n  },\n  min: {\n    type: Number,\n    optional: true\n  },\n  max: {\n    type: Number,\n    optional: true\n  }\n});\nFactorTypes.schema.messageBox.messages({\n  en: {\n    notUnique: \"{{label}} already exists.\"\n  }\n});\nFactorTypes.schema.extend(ArchivedSchema);\nFactorTypes.schema.extend(TimestampSchema);\nFactorTypes.attachSchema(FactorTypes.schema);","map":{"version":3,"sources":["packages/empirica:core/api/factor-types/factor-types.js"],"names":["module","export","FactorTypes","SimpleSchema","link","v","ArchivedSchema","TimestampSchema","Mongo","Collection","helpers","requiredTypes","types","schema","required","type","Boolean","name","String","max","regEx","index","unique","custom","isSet","find","value","count","description","min","allowedValues","Number","optional","messageBox","messages","en","notUnique","extend","attachSchema"],"mappings":"AAAAA,MAAM,CAACC,MAAP,CAAc;AAACC,EAAAA,WAAW,EAAC,YAAU;AAAC,WAAOA,WAAP;AAAmB;AAA3C,CAAd;AAA4D,IAAIC,YAAJ;AAAiBH,MAAM,CAACI,IAAP,CAAY,cAAZ,EAA2B;AAAC,aAAQ,UAASC,CAAT,EAAW;AAACF,IAAAA,YAAY,GAACE,CAAb;AAAe;AAApC,CAA3B,EAAiE,CAAjE;AAAoE,IAAIC,cAAJ,EAAmBC,eAAnB;AAAmCP,MAAM,CAACI,IAAP,CAAY,uBAAZ,EAAoC;AAACE,EAAAA,cAAc,EAAC,UAASD,CAAT,EAAW;AAACC,IAAAA,cAAc,GAACD,CAAf;AAAiB,GAA7C;AAA8CE,EAAAA,eAAe,EAAC,UAASF,CAAT,EAAW;AAACE,IAAAA,eAAe,GAACF,CAAhB;AAAkB;AAA5F,CAApC,EAAkI,CAAlI;AAG7K,IAAMH,WAAW,GAAG,IAAIM,KAAK,CAACC,UAAV,CAAqB,cAArB,CAApB;AAEPP,WAAW,CAACQ,OAAZ,CAAoB,EAApB,E,CAEA;AACA;AACA;AACA;AACA;;AACAR,WAAW,CAACS,aAAZ,GAA4B,CAAC,aAAD,CAA5B;AAEAT,WAAW,CAACU,KAAZ,GAAoB,CAAC,QAAD,EAAW,SAAX,EAAsB,QAAtB,EAAgC,SAAhC,CAApB;AAEAV,WAAW,CAACW,MAAZ,GAAqB,IAAIV,YAAJ,CAAiB;AACpCW,EAAAA,QAAQ,EAAE;AACRC,IAAAA,IAAI,EAAEC;AADE,GAD0B;AAKpCC,EAAAA,IAAI,EAAE;AACJF,IAAAA,IAAI,EAAEG,MADF;AAEJC,IAAAA,GAAG,EAAE,GAFD;AAGJC,IAAAA,KAAK,EAAE,sBAHH;AAIJC,IAAAA,KAAK,EAAE,IAJH;AAKJC,IAAAA,MAAM,EAAE,IALJ;AAMJC,IAAAA,MANI,cAMK;AACP,UAAI,KAAKC,KAAL,IAActB,WAAW,CAACuB,IAAZ,CAAiB;AAAER,QAAAA,IAAI,EAAE,KAAKS;AAAb,OAAjB,EAAuCC,KAAvC,KAAiD,CAAnE,EAAsE;AACpE,eAAO,WAAP;AACD;AACF;AAVG,GAL8B;AAkBpCC,EAAAA,WAAW,EAAE;AACXb,IAAAA,IAAI,EAAEG,MADK;AAEXW,IAAAA,GAAG,EAAE,CAFM;AAGXV,IAAAA,GAAG,EAAE;AAHM,GAlBuB;AAwBpCJ,EAAAA,IAAI,EAAE;AACJA,IAAAA,IAAI,EAAEG,MADF;AAEJY,IAAAA,aAAa,EAAE5B,WAAW,CAACU;AAFvB,GAxB8B;AA6BpCiB,EAAAA,GAAG,EAAE;AACHd,IAAAA,IAAI,EAAEgB,MADH;AAEHC,IAAAA,QAAQ,EAAE;AAFP,GA7B+B;AAkCpCb,EAAAA,GAAG,EAAE;AACHJ,IAAAA,IAAI,EAAEgB,MADH;AAEHC,IAAAA,QAAQ,EAAE;AAFP;AAlC+B,CAAjB,CAArB;AAwCA9B,WAAW,CAACW,MAAZ,CAAmBoB,UAAnB,CAA8BC,QAA9B,CAAuC;AACrCC,EAAAA,EAAE,EAAE;AACFC,IAAAA,SAAS,EAAE;AADT;AADiC,CAAvC;AAMAlC,WAAW,CAACW,MAAZ,CAAmBwB,MAAnB,CAA0B/B,cAA1B;AACAJ,WAAW,CAACW,MAAZ,CAAmBwB,MAAnB,CAA0B9B,eAA1B;AACAL,WAAW,CAACoC,YAAZ,CAAyBpC,WAAW,CAACW,MAArC","sourcesContent":["import SimpleSchema from \"simpl-schema\";\nimport { ArchivedSchema, TimestampSchema } from \"../default-schemas.js\";\n\nexport const FactorTypes = new Mongo.Collection(\"factor_types\");\n\nFactorTypes.helpers({});\n\n// requiredFactors hold a list of factors keys that are required by\n// Empirica core to be able to run a game.\n// Required factors are:\n// -`playerCount` determines how many players participate in a game and is\n//   therefore critical to run a game.\nFactorTypes.requiredTypes = [\"playerCount\"];\n\nFactorTypes.types = [\"String\", \"Integer\", \"Number\", \"Boolean\"];\n\nFactorTypes.schema = new SimpleSchema({\n  required: {\n    type: Boolean\n  },\n\n  name: {\n    type: String,\n    max: 256,\n    regEx: /^[a-z]+[a-zA-Z0-9]*$/,\n    index: true,\n    unique: true,\n    custom() {\n      if (this.isSet && FactorTypes.find({ name: this.value }).count() > 0) {\n        return \"notUnique\";\n      }\n    }\n  },\n\n  description: {\n    type: String,\n    min: 1,\n    max: 2048\n  },\n\n  type: {\n    type: String,\n    allowedValues: FactorTypes.types\n  },\n\n  min: {\n    type: Number,\n    optional: true\n  },\n\n  max: {\n    type: Number,\n    optional: true\n  }\n});\n\nFactorTypes.schema.messageBox.messages({\n  en: {\n    notUnique: \"{{label}} already exists.\"\n  }\n});\n\nFactorTypes.schema.extend(ArchivedSchema);\nFactorTypes.schema.extend(TimestampSchema);\nFactorTypes.attachSchema(FactorTypes.schema);\n"]},"sourceType":"module","hash":"d5c2ee9c686a2082ff0518eeffcc8505847aa4bf"}
