{"metadata":{},"options":{"compact":false,"sourceMaps":true,"ast":true,"babelrc":false,"configFile":false,"parserOpts":{"sourceType":"module","sourceFileName":"/Users/stefpop/Desktop/repos/withBrandon/crossling_reference/experiments/from-scratch/client/intro/newPlayer_hardcode.jsx","plugins":["*","flow","jsx","asyncGenerators","bigInt","classPrivateMethods","classPrivateProperties","classProperties","doExpressions","dynamicImport","exportDefaultFrom","exportExtensions","exportNamespaceFrom","functionBind","functionSent","importMeta","nullishCoalescingOperator","numericSeparator","objectRestSpread","optionalCatchBinding","optionalChaining",["pipelineOperator",{"proposal":"minimal"}],"throwExpressions","classProperties","classPrivateProperties","jsx","nullishCoalescingOperator","nullishCoalescingOperator","optionalChaining","optionalChaining","optionalCatchBinding","optionalCatchBinding","classProperties","classPrivateProperties","classPrivateMethods","classProperties","classPrivateProperties","asyncGenerators","asyncGenerators","objectRestSpread","objectRestSpread"],"allowImportExportEverywhere":true,"allowReturnOutsideFunction":true,"allowUndeclaredExports":true,"strictMode":false},"caller":{"name":"meteor","arch":"web.browser"},"sourceFileName":"client/intro/newPlayer_hardcode.jsx","filename":"/Users/stefpop/Desktop/repos/withBrandon/crossling_reference/experiments/from-scratch/client/intro/newPlayer_hardcode.jsx","cloneInputAst":true,"passPerPreset":false,"envName":"development","cwd":"/Users/stefpop/Desktop/repos/withBrandon/crossling_reference/experiments/from-scratch","root":"/Users/stefpop/Desktop/repos/withBrandon/crossling_reference/experiments/from-scratch","plugins":[{"key":"base$0","visitor":{"_exploded":true,"_verified":true},"options":{}},{"key":"base$0$0","visitor":{"Program":{"enter":[null],"exit":[null]},"_exploded":true,"_verified":true},"options":{"avoidModernSyntax":false,"enforceStrictMode":false,"dynamicImport":true,"generateLetDeclarations":true}},{"key":"transform-runtime","visitor":{"CallExpression":{"enter":[null]},"BinaryExpression":{"enter":[null]},"MemberExpression":{"enter":[null],"exit":[null]},"_exploded":true,"_verified":true,"Identifier":{"enter":[null]},"JSXIdentifier":{"enter":[null]}},"options":{"version":"7.12.5","helpers":true,"useESModules":false,"corejs":false}},{"key":"proposal-class-properties","visitor":{"PrivateName":{"enter":[null]},"ExportDefaultDeclaration":{"enter":[null]},"_exploded":true,"_verified":true,"ClassExpression":{"enter":[null]},"ClassDeclaration":{"enter":[null]}},"options":{"loose":true}},{"key":"transform-react-jsx","visitor":{"_exploded":{},"_verified":{},"JSXNamespacedName":{"enter":[null]},"JSXSpreadChild":{"enter":[null]},"Program":{"enter":[null]},"JSXElement":{"exit":[null]},"JSXFragment":{"exit":[null]},"JSXAttribute":{"enter":[null]}},"options":{"pragma":"React.createElement","pragmaFrag":"React.Fragment","runtime":"classic","throwIfNamespace":true,"useBuiltIns":false}},{"key":"transform-react-display-name","visitor":{"ExportDefaultDeclaration":{"enter":[null]},"CallExpression":{"enter":[null]},"_exploded":true,"_verified":true},"options":{}},{"key":"transform-react-pure-annotations","visitor":{"CallExpression":{"enter":[null]},"_exploded":true,"_verified":true},"options":{}},{"key":"syntax-nullish-coalescing-operator","visitor":{"_exploded":true,"_verified":true},"options":{}},{"key":"proposal-nullish-coalescing-operator","visitor":{"_exploded":{},"_verified":{},"LogicalExpression":{"enter":[null]}},"options":{}},{"key":"syntax-optional-chaining","visitor":{"_exploded":true,"_verified":true},"options":{}},{"key":"proposal-optional-chaining","visitor":{"_exploded":{},"_verified":{},"OptionalCallExpression":{"enter":[null]},"OptionalMemberExpression":{"enter":[null]}},"options":{}},{"key":"syntax-optional-catch-binding","visitor":{"_exploded":true,"_verified":true},"options":{}},{"key":"proposal-optional-catch-binding","visitor":{"_exploded":{},"_verified":{},"CatchClause":{"enter":[null]}},"options":{}},{"key":"syntax-class-properties","visitor":{"_exploded":true,"_verified":true},"options":{}},{"key":"proposal-class-properties","visitor":{"PrivateName":{"enter":[null]},"ExportDefaultDeclaration":{"enter":[null]},"_exploded":true,"_verified":true,"ClassExpression":{"enter":[null]},"ClassDeclaration":{"enter":[null]}},"options":{}},{"key":"syntax-async-generators","visitor":{"_exploded":true,"_verified":true},"options":{}},{"key":"proposal-async-generator-functions","visitor":{"_exploded":{},"_verified":{},"Program":{"enter":[null]}},"options":{}},{"key":"syntax-object-rest-spread","visitor":{"_exploded":true,"_verified":true},"options":{}},{"key":"proposal-object-rest-spread","visitor":{"_exploded":{},"_verified":{},"VariableDeclarator":{"enter":[null]},"ExportNamedDeclaration":{"enter":[null]},"CatchClause":{"enter":[null]},"AssignmentExpression":{"enter":[null]},"ArrayPattern":{"enter":[null]},"ObjectExpression":{"enter":[null]},"FunctionDeclaration":{"enter":[null]},"FunctionExpression":{"enter":[null]},"ObjectMethod":{"enter":[null]},"ArrowFunctionExpression":{"enter":[null]},"ClassMethod":{"enter":[null]},"ClassPrivateMethod":{"enter":[null]},"ForInStatement":{"enter":[null]},"ForOfStatement":{"enter":[null]}},"options":{}},{"key":"transform-literals","visitor":{"NumericLiteral":{"enter":[null]},"StringLiteral":{"enter":[null]},"_exploded":true,"_verified":true},"options":{}},{"key":"transform-template-literals","visitor":{"TaggedTemplateExpression":{"enter":[null]},"TemplateLiteral":{"enter":[null]},"_exploded":true,"_verified":true},"options":{}},{"key":"transform-parameters","visitor":{"_exploded":true,"_verified":true,"FunctionDeclaration":{"enter":[null]},"FunctionExpression":{"enter":[null]},"ObjectMethod":{"enter":[null]},"ArrowFunctionExpression":{"enter":[null]},"ClassMethod":{"enter":[null]},"ClassPrivateMethod":{"enter":[null]}},"options":{}},{"key":"transform-exponentiation-operator","visitor":{"AssignmentExpression":{"enter":[null]},"BinaryExpression":{"enter":[null]},"_exploded":true,"_verified":true},"options":{}}],"presets":[],"generatorOpts":{"filename":"/Users/stefpop/Desktop/repos/withBrandon/crossling_reference/experiments/from-scratch/client/intro/newPlayer_hardcode.jsx","comments":true,"compact":false,"sourceMaps":true,"sourceFileName":"client/intro/newPlayer_hardcode.jsx"}},"code":"module.export({\n  default: () => PlayerId\n});\nlet React, Component;\nmodule.link(\"react\", {\n  default(v) {\n    React = v;\n  },\n\n  Component(v) {\n    Component = v;\n  }\n\n}, 0);\nlet Centered;\nmodule.link(\"meteor/empirica:core\", {\n  Centered(v) {\n    Centered = v;\n  }\n\n}, 1);\n\nclass PlayerId extends Component {\n  constructor() {\n    super(...arguments);\n    this.state = {\n      id: \"\"\n    };\n\n    this.handleUpdate = event => {\n      const {\n        value,\n        name\n      } = event.currentTarget;\n      this.setState({\n        [name]: value\n      });\n    };\n\n    this.handleSubmit = event => {\n      event.preventDefault();\n      const {\n        handleNewPlayer\n      } = this.props;\n      const {\n        id\n      } = this.state;\n      handleNewPlayer(id);\n    };\n  }\n\n  // for BCS radio button\n  setValue(event) {\n    console.log(event.target.value);\n  }\n\n  render() {\n    const {\n      id\n    } = this.state;\n    const urlParams = new window.URL(document.location).searchParams;\n    const batchGroupName = urlParams.get(\"batchGroupName\");\n    return /*#__PURE__*/React.createElement(Centered, null, /*#__PURE__*/React.createElement(\"div\", {\n      className: \"new-player\",\n      dir: \"auto\"\n    }, /*#__PURE__*/React.createElement(\"form\", {\n      onSubmit: this.handleSubmit\n    }, /*#__PURE__*/React.createElement(\"p\", null, batchGroupName === null ? \"Please enter your Prolific ID:\" : batchGroupName.includes(\"English\") || batchGroupName.includes(\"english\") ? \"Please enter your Prolific ID:\" : batchGroupName.includes(\"chinese\") || batchGroupName.includes(\"Chinese\") ? \"请输入你的Prolific账号:\" : batchGroupName.includes(\"bcs\") || batchGroupName.includes(\"BCS\") || batchGroupName.includes(\"Bcs\") ? \"Unesite email adresu ili Prolific ID:\" : batchGroupName.includes(\"EngCS\") ? \"Please enter your email or Prolific ID:\" : batchGroupName.includes(\"arabic\") || batchGroupName.includes(\"Arabic\") ? \"الرجاء إدخال عنوان بريدك الإلكتروني حتى نتمكن من تعويضك في نهاية الدراسة. (سيتم استخدام عنوان بريدك الإلكتروني فقط للحصول على التعويض، وستكون أجوبتك جميعها مجهولة المصدر).\" : batchGroupName.includes(\"Spanish\") || batchGroupName.includes(\"spanish\") ? \"Por favor, ingrese su ID de Prolific.\" : \"Please enter your Prolific ID:\"), /*#__PURE__*/React.createElement(\"br\", null), /*#__PURE__*/React.createElement(\"input\", {\n      type: \"text\",\n      name: \"id\",\n      id: \"id\",\n      value: id,\n      onChange: this.handleUpdate //placeholder=\"e.g. 1111111111\"\n      ,\n      required: true,\n      autoComplete: \"off\"\n    }), /*#__PURE__*/React.createElement(\"p\", null, batchGroupName.includes(\"EngCS\") ? /*#__PURE__*/React.createElement(\"div\", null, /*#__PURE__*/React.createElement(\"br\", null), \"Please enter your email address to which we can send your Amazon gift card.\", /*#__PURE__*/React.createElement(\"br\", null), \"If you have a Prolific ID, please enter the ID and \", /*#__PURE__*/React.createElement(\"b\", null, \"not\"), \" your email address.\", /*#__PURE__*/React.createElement(\"br\", null), \"To receive the correct Amazon gift card, please fill out the first question at the end of the experiment.\", /*#__PURE__*/React.createElement(\"br\", null), \"We offer Amazon gift cards for the following countries: USA, UK, Canada, Germany, Italy, France, Spain, and Australia.\") : null, batchGroupName.includes(\"bcs\") || batchGroupName.includes(\"BCS\") || batchGroupName.includes(\"Bcs\") ? /*#__PURE__*/React.createElement(\"div\", null, /*#__PURE__*/React.createElement(\"br\", null), \"Molimo vas unesite email adresu na koju mo\\u017Eemo da vam po\\u0161aljemo Amazon gift karticu.\", /*#__PURE__*/React.createElement(\"br\", null), \"Ako imate Prolific ID, unesite taj broj a \", /*#__PURE__*/React.createElement(\"b\", null, \"ne\"), \" va\\u0161u email adresu.\", /*#__PURE__*/React.createElement(\"br\", null), \"Da biste dobili ispravnu Amazon karticu, na kraju studije, molimo vas odgovorite na prvo pitanje.\", /*#__PURE__*/React.createElement(\"br\", null), \"Mi nudimo Amazon gift kartice za slede\\u0107e zemlje: SAD (USA), Velika Britanija (UK), Kanada, Nema\\u010Dka, Italija, Francuska, \\u0160panija, Australija.\") : null), /*#__PURE__*/React.createElement(\"p\", {\n      style: {\n        marginTop: \"1cm\"\n      },\n      className: \"button-holder\"\n    }, /*#__PURE__*/React.createElement(\"button\", {\n      type: \"submit\"\n    }, batchGroupName === null ? \"Next\" : batchGroupName.includes(\"chinese\") || batchGroupName.includes(\"Chinese\") ? \"下一页\" : batchGroupName.includes(\"arabic\") || batchGroupName.includes(\"Arabic\") ? \"التالي\" : batchGroupName.includes(\"Spanish\") || batchGroupName.includes(\"spanish\") ? \"Siguiente\" : batchGroupName.includes(\"bcs\") || batchGroupName.includes(\"BCS\") || batchGroupName.includes(\"Bcs\") ? \"Sledeća\" : \"Next\")))));\n  }\n\n}","map":{"version":3,"sources":["client/intro/newPlayer_hardcode.jsx"],"names":["module","export","default","PlayerId","React","Component","link","v","Centered","state","id","handleUpdate","event","value","name","currentTarget","setState","handleSubmit","preventDefault","handleNewPlayer","props","setValue","console","log","target","render","urlParams","window","URL","document","location","searchParams","batchGroupName","get","includes","marginTop"],"mappings":"AAAAA,MAAM,CAACC,MAAP,CAAc;AAACC,EAAAA,OAAO,EAAC,MAAIC;AAAb,CAAd;AAAsC,IAAIC,KAAJ,EAAUC,SAAV;AAAoBL,MAAM,CAACM,IAAP,CAAY,OAAZ,EAAoB;AAACJ,EAAAA,OAAO,CAACK,CAAD,EAAG;AAACH,IAAAA,KAAK,GAACG,CAAN;AAAQ,GAApB;;AAAqBF,EAAAA,SAAS,CAACE,CAAD,EAAG;AAACF,IAAAA,SAAS,GAACE,CAAV;AAAY;;AAA9C,CAApB,EAAoE,CAApE;AAAuE,IAAIC,QAAJ;AAAaR,MAAM,CAACM,IAAP,CAAY,sBAAZ,EAAmC;AAACE,EAAAA,QAAQ,CAACD,CAAD,EAAG;AAACC,IAAAA,QAAQ,GAACD,CAAT;AAAW;;AAAxB,CAAnC,EAA6D,CAA7D;;AAE/H,MAAMJ,QAAN,SAAuBE,SAAvB,CAAiC;AAAA;AAAA;AAAA,SAC5CI,KAD4C,GACpC;AAAEC,MAAAA,EAAE,EAAE;AAAN,KADoC;;AAAA,SAI5CC,YAJ4C,GAI5BC,KAAD,IAAW;AACtB,YAAM;AAAEC,QAAAA,KAAF;AAASC,QAAAA;AAAT,UAAkBF,KAAK,CAACG,aAA9B;AACA,WAAKC,QAAL,CAAc;AAAE,SAACF,IAAD,GAAQD;AAAV,OAAd;AACH,KAP2C;;AAAA,SAU5CI,YAV4C,GAU5BL,KAAD,IAAW;AACtBA,MAAAA,KAAK,CAACM,cAAN;AAEA,YAAM;AAAEC,QAAAA;AAAF,UAAsB,KAAKC,KAAjC;AACA,YAAM;AAAEV,QAAAA;AAAF,UAAS,KAAKD,KAApB;AACAU,MAAAA,eAAe,CAACT,EAAD,CAAf;AACH,KAhB2C;AAAA;;AAkB5C;AACAW,EAAAA,QAAQ,CAACT,KAAD,EAAQ;AACdU,IAAAA,OAAO,CAACC,GAAR,CAAYX,KAAK,CAACY,MAAN,CAAaX,KAAzB;AACD;;AAEDY,EAAAA,MAAM,GAAG;AACL,UAAM;AAAEf,MAAAA;AAAF,QAAS,KAAKD,KAApB;AACA,UAAMiB,SAAS,GAAG,IAAIC,MAAM,CAACC,GAAX,CAAeC,QAAQ,CAACC,QAAxB,EAAkCC,YAApD;AACA,UAAMC,cAAc,GAAGN,SAAS,CAACO,GAAV,CAAc,gBAAd,CAAvB;AAEA,wBACI,oBAAC,QAAD,qBACI;AAAK,MAAA,SAAS,EAAC,YAAf;AAA4B,MAAA,GAAG,EAAC;AAAhC,oBACI;AAAM,MAAA,QAAQ,EAAE,KAAKhB;AAArB,oBACI,+BACKe,cAAc,KAAK,IAAnB,GACK,gCADL,GAEKA,cAAc,CAACE,QAAf,CAAwB,SAAxB,KACAF,cAAc,CAACE,QAAf,CAAwB,SAAxB,CADA,GAEA,gCAFA,GAGAF,cAAc,CAACE,QAAf,CAAwB,SAAxB,KACAF,cAAc,CAACE,QAAf,CAAwB,SAAxB,CADA,GAEA,kBAFA,GAGAF,cAAc,CAACE,QAAf,CAAwB,KAAxB,KACAF,cAAc,CAACE,QAAf,CAAwB,KAAxB,CADA,IAEAF,cAAc,CAACE,QAAf,CAAwB,KAAxB,CAFA,GAGA,uCAHA,GAIAF,cAAc,CAACE,QAAf,CAAwB,OAAxB,IACA,yCADA,GAEAF,cAAc,CAACE,QAAf,CAAwB,QAAxB,KACAF,cAAc,CAACE,QAAf,CAAwB,QAAxB,CADA,GAEA,6KAFA,GAGAF,cAAc,CAACE,QAAf,CAAwB,SAAxB,KACAF,cAAc,CAACE,QAAf,CAAwB,SAAxB,CADA,GAEA,uCAFA,GAGA,gCArBV,CADJ,eAwBI,+BAxBJ,eA0BI;AACI,MAAA,IAAI,EAAC,MADT;AAEI,MAAA,IAAI,EAAC,IAFT;AAGI,MAAA,EAAE,EAAC,IAHP;AAII,MAAA,KAAK,EAAExB,EAJX;AAKI,MAAA,QAAQ,EAAE,KAAKC,YALnB,CAMI;AANJ;AAOI,MAAA,QAAQ,MAPZ;AAQI,MAAA,YAAY,EAAC;AARjB,MA1BJ,eAqCI,+BACKqB,cAAc,CAACE,QAAf,CAAwB,OAAxB,iBACK,8CACE,+BADF,8FAEE,+BAFF,sEAE8D,qCAF9D,uCAGE,+BAHF,4HAIE,+BAJF,2HADL,GAOS,IARd,EAUWF,cAAc,CAACE,QAAf,CAAwB,KAAxB,KACDF,cAAc,CAACE,QAAf,CAAwB,KAAxB,CADC,IAEDF,cAAc,CAACE,QAAf,CAAwB,KAAxB,CAFC,gBAGD,8CACE,+BADF,iHAEE,+BAFF,6DAEqD,oCAFrD,2CAGE,+BAHF,oHAIE,+BAJF,gKAHC,GASG,IAnBd,CArCJ,eA4DI;AACI,MAAA,KAAK,EAAE;AAAEC,QAAAA,SAAS,EAAE;AAAb,OADX;AAEI,MAAA,SAAS,EAAC;AAFd,oBAII;AAAQ,MAAA,IAAI,EAAC;AAAb,OACKH,cAAc,KAAK,IAAnB,GACK,MADL,GAEKA,cAAc,CAACE,QAAf,CAAwB,SAAxB,KACAF,cAAc,CAACE,QAAf,CAAwB,SAAxB,CADA,GAEA,KAFA,GAGAF,cAAc,CAACE,QAAf,CAAwB,QAAxB,KACAF,cAAc,CAACE,QAAf,CAAwB,QAAxB,CADA,GAEA,QAFA,GAGAF,cAAc,CAACE,QAAf,CAAwB,SAAxB,KACAF,cAAc,CAACE,QAAf,CAAwB,SAAxB,CADA,GAEA,WAFA,GAGAF,cAAc,CAACE,QAAf,CAAwB,KAAxB,KACAF,cAAc,CAACE,QAAf,CAAwB,KAAxB,CADA,IAEAF,cAAc,CAACE,QAAf,CAAwB,KAAxB,CAFA,GAGA,SAHA,GAIA,MAhBV,CAJJ,CA5DJ,CADJ,CADJ,CADJ;AA0FH;;AAtH2C","sourcesContent":["import React, { Component } from \"react\";\nimport { Centered } from \"meteor/empirica:core\";\nexport default class PlayerId extends Component {\n    state = { id: \"\" };\n\n    // Update the stored state of the id\n    handleUpdate = (event) => {\n        const { value, name } = event.currentTarget;\n        this.setState({ [name]: value });\n    };\n\n    // Submit the id when submit button is clicked\n    handleSubmit = (event) => {\n        event.preventDefault();\n\n        const { handleNewPlayer } = this.props;\n        const { id } = this.state;\n        handleNewPlayer(id);\n    };\n\n    // for BCS radio button\n    setValue(event) {\n      console.log(event.target.value);\n    };\n\n    render() {\n        const { id } = this.state;\n        const urlParams = new window.URL(document.location).searchParams;\n        const batchGroupName = urlParams.get(\"batchGroupName\");\n\n        return (\n            <Centered>\n                <div className=\"new-player\" dir=\"auto\">\n                    <form onSubmit={this.handleSubmit}>\n                        <p>\n                            {batchGroupName === null\n                                ? \"Please enter your Prolific ID:\"\n                                : batchGroupName.includes(\"English\") ||\n                                  batchGroupName.includes(\"english\")\n                                ? \"Please enter your Prolific ID:\"\n                                : batchGroupName.includes(\"chinese\") ||\n                                  batchGroupName.includes(\"Chinese\")\n                                ? \"请输入你的Prolific账号:\"\n                                : batchGroupName.includes(\"bcs\") ||\n                                  batchGroupName.includes(\"BCS\") ||\n                                  batchGroupName.includes(\"Bcs\")\n                                ? \"Unesite email adresu ili Prolific ID:\"\n                                : batchGroupName.includes(\"EngCS\")\n                                ? \"Please enter your email or Prolific ID:\"\n                                : batchGroupName.includes(\"arabic\") ||\n                                  batchGroupName.includes(\"Arabic\")\n                                ? \"الرجاء إدخال عنوان بريدك الإلكتروني حتى نتمكن من تعويضك في نهاية الدراسة. (سيتم استخدام عنوان بريدك الإلكتروني فقط للحصول على التعويض، وستكون أجوبتك جميعها مجهولة المصدر).\"\n                                : batchGroupName.includes(\"Spanish\") ||\n                                  batchGroupName.includes(\"spanish\")\n                                ? \"Por favor, ingrese su ID de Prolific.\"\n                                : \"Please enter your Prolific ID:\"}\n                        </p>\n                        <br/>\n\n                        <input\n                            type=\"text\"\n                            name=\"id\"\n                            id=\"id\"\n                            value={id}\n                            onChange={this.handleUpdate}\n                            //placeholder=\"e.g. 1111111111\"\n                            required\n                            autoComplete=\"off\"\n                        />\n\n                        <p>\n                            {batchGroupName.includes(\"EngCS\")? (\n                                  <div>\n                                    <br></br>Please enter your email address to which we can send your Amazon gift card.\n                                    <br></br>If you have a Prolific ID, please enter the ID and <b>not</b> your email address.\n                                    <br></br>To receive the correct Amazon gift card, please fill out the first question at the end of the experiment.\n                                    <br></br>We offer Amazon gift cards for the following countries: USA, UK, Canada, Germany, Italy, France, Spain, and Australia.\n                                  </div>\n                                  ) : null}\n\n                                  {batchGroupName.includes(\"bcs\") ||\n                                  batchGroupName.includes(\"BCS\") ||\n                                  batchGroupName.includes(\"Bcs\") ? (\n                                  <div>\n                                    <br></br>Molimo vas unesite email adresu na koju možemo da vam pošaljemo Amazon gift karticu.\n                                    <br></br>Ako imate Prolific ID, unesite taj broj a <b>ne</b> vašu email adresu.\n                                    <br></br>Da biste dobili ispravnu Amazon karticu, na kraju studije, molimo vas odgovorite na prvo pitanje.\n                                    <br></br>Mi nudimo Amazon gift kartice za sledeće zemlje: SAD (USA), Velika Britanija (UK), Kanada, Nemačka, Italija, Francuska, Španija, Australija.\n                                  </div>\n                                  ) : null}\n\n                        </p>\n\n                        <p\n                            style={{ marginTop: \"1cm\" }}\n                            className=\"button-holder\"\n                        >\n                            <button type=\"submit\">\n                                {batchGroupName === null\n                                    ? \"Next\"\n                                    : batchGroupName.includes(\"chinese\") ||\n                                      batchGroupName.includes(\"Chinese\")\n                                    ? \"下一页\"\n                                    : batchGroupName.includes(\"arabic\") ||\n                                      batchGroupName.includes(\"Arabic\")\n                                    ? \"التالي\"\n                                    : batchGroupName.includes(\"Spanish\") ||\n                                      batchGroupName.includes(\"spanish\")\n                                    ? \"Siguiente\"\n                                    : batchGroupName.includes(\"bcs\") ||\n                                      batchGroupName.includes(\"BCS\") ||\n                                      batchGroupName.includes(\"Bcs\")\n                                    ? \"Sledeća\"\n                                    : \"Next\"}\n                            </button>\n                        </p>\n                    </form>\n                </div>\n            </Centered>\n        );\n    }\n}\n"]},"sourceType":"module","hash":"e117d804e0efb9f512306dc9c2d5678e4e4b75e3"}
