{"metadata":{},"options":{"compact":false,"sourceMaps":true,"ast":true,"babelrc":false,"configFile":false,"parserOpts":{"sourceType":"module","sourceFileName":"/Users/stefpop/Desktop/repos/withBrandon/crossling_reference/experiments/from-scratch/packages/empirica:slider/slider.js","plugins":["*","flow","jsx","asyncGenerators","bigInt","classPrivateMethods","classPrivateProperties","classProperties","doExpressions","dynamicImport","exportDefaultFrom","exportExtensions","exportNamespaceFrom","functionBind","functionSent","importMeta","nullishCoalescingOperator","numericSeparator","objectRestSpread","optionalCatchBinding","optionalChaining",["pipelineOperator",{"proposal":"minimal"}],"throwExpressions","classProperties","classPrivateProperties","jsx","nullishCoalescingOperator","nullishCoalescingOperator","optionalChaining","optionalChaining","optionalCatchBinding","optionalCatchBinding","classProperties","classPrivateProperties","classPrivateMethods","classProperties","classPrivateProperties","asyncGenerators","asyncGenerators","objectRestSpread","objectRestSpread"],"allowImportExportEverywhere":true,"allowReturnOutsideFunction":true,"allowUndeclaredExports":true,"strictMode":false},"caller":{"name":"meteor","arch":"web.browser"},"sourceFileName":"packages/empirica:slider/slider.js","filename":"/Users/stefpop/Desktop/repos/withBrandon/crossling_reference/experiments/from-scratch/packages/empirica:slider/slider.js","cloneInputAst":true,"passPerPreset":false,"envName":"development","cwd":"/Users/stefpop/Desktop/repos/withBrandon/crossling_reference/experiments/from-scratch","root":"/Users/stefpop/Desktop/repos/withBrandon/crossling_reference/experiments/from-scratch","plugins":[{"key":"base$0","visitor":{"_exploded":true,"_verified":true},"options":{}},{"key":"base$0$0","visitor":{"Program":{"enter":[null],"exit":[null]},"_exploded":true,"_verified":true},"options":{"avoidModernSyntax":false,"enforceStrictMode":false,"dynamicImport":true,"generateLetDeclarations":true}},{"key":"transform-runtime","visitor":{"CallExpression":{"enter":[null]},"BinaryExpression":{"enter":[null]},"MemberExpression":{"enter":[null],"exit":[null]},"_exploded":true,"_verified":true,"Identifier":{"enter":[null]},"JSXIdentifier":{"enter":[null]}},"options":{"version":"7.12.5","helpers":true,"useESModules":false,"corejs":false}},{"key":"proposal-class-properties","visitor":{"PrivateName":{"enter":[null]},"ExportDefaultDeclaration":{"enter":[null]},"_exploded":true,"_verified":true,"ClassExpression":{"enter":[null]},"ClassDeclaration":{"enter":[null]}},"options":{"loose":true}},{"key":"transform-react-jsx","visitor":{"_exploded":{},"_verified":{},"JSXNamespacedName":{"enter":[null]},"JSXSpreadChild":{"enter":[null]},"Program":{"enter":[null]},"JSXElement":{"exit":[null]},"JSXFragment":{"exit":[null]},"JSXAttribute":{"enter":[null]}},"options":{"pragma":"React.createElement","pragmaFrag":"React.Fragment","runtime":"classic","throwIfNamespace":true,"useBuiltIns":false}},{"key":"transform-react-display-name","visitor":{"ExportDefaultDeclaration":{"enter":[null]},"CallExpression":{"enter":[null]},"_exploded":true,"_verified":true},"options":{}},{"key":"transform-react-pure-annotations","visitor":{"CallExpression":{"enter":[null]},"_exploded":true,"_verified":true},"options":{}},{"key":"syntax-nullish-coalescing-operator","visitor":{"_exploded":true,"_verified":true},"options":{}},{"key":"proposal-nullish-coalescing-operator","visitor":{"_exploded":{},"_verified":{},"LogicalExpression":{"enter":[null]}},"options":{}},{"key":"syntax-optional-chaining","visitor":{"_exploded":true,"_verified":true},"options":{}},{"key":"proposal-optional-chaining","visitor":{"_exploded":{},"_verified":{},"OptionalCallExpression":{"enter":[null]},"OptionalMemberExpression":{"enter":[null]}},"options":{}},{"key":"syntax-optional-catch-binding","visitor":{"_exploded":true,"_verified":true},"options":{}},{"key":"proposal-optional-catch-binding","visitor":{"_exploded":{},"_verified":{},"CatchClause":{"enter":[null]}},"options":{}},{"key":"syntax-class-properties","visitor":{"_exploded":true,"_verified":true},"options":{}},{"key":"proposal-class-properties","visitor":{"PrivateName":{"enter":[null]},"ExportDefaultDeclaration":{"enter":[null]},"_exploded":true,"_verified":true,"ClassExpression":{"enter":[null]},"ClassDeclaration":{"enter":[null]}},"options":{}},{"key":"syntax-async-generators","visitor":{"_exploded":true,"_verified":true},"options":{}},{"key":"proposal-async-generator-functions","visitor":{"_exploded":{},"_verified":{},"Program":{"enter":[null]}},"options":{}},{"key":"syntax-object-rest-spread","visitor":{"_exploded":true,"_verified":true},"options":{}},{"key":"proposal-object-rest-spread","visitor":{"_exploded":{},"_verified":{},"VariableDeclarator":{"enter":[null]},"ExportNamedDeclaration":{"enter":[null]},"CatchClause":{"enter":[null]},"AssignmentExpression":{"enter":[null]},"ArrayPattern":{"enter":[null]},"ObjectExpression":{"enter":[null]},"FunctionDeclaration":{"enter":[null]},"FunctionExpression":{"enter":[null]},"ObjectMethod":{"enter":[null]},"ArrowFunctionExpression":{"enter":[null]},"ClassMethod":{"enter":[null]},"ClassPrivateMethod":{"enter":[null]},"ForInStatement":{"enter":[null]},"ForOfStatement":{"enter":[null]}},"options":{}},{"key":"transform-literals","visitor":{"NumericLiteral":{"enter":[null]},"StringLiteral":{"enter":[null]},"_exploded":true,"_verified":true},"options":{}},{"key":"transform-template-literals","visitor":{"TaggedTemplateExpression":{"enter":[null]},"TemplateLiteral":{"enter":[null]},"_exploded":true,"_verified":true},"options":{}},{"key":"transform-parameters","visitor":{"_exploded":true,"_verified":true,"FunctionDeclaration":{"enter":[null]},"FunctionExpression":{"enter":[null]},"ObjectMethod":{"enter":[null]},"ArrowFunctionExpression":{"enter":[null]},"ClassMethod":{"enter":[null]},"ClassPrivateMethod":{"enter":[null]}},"options":{}},{"key":"transform-exponentiation-operator","visitor":{"AssignmentExpression":{"enter":[null]},"BinaryExpression":{"enter":[null]},"_exploded":true,"_verified":true},"options":{}}],"presets":[],"generatorOpts":{"filename":"/Users/stefpop/Desktop/repos/withBrandon/crossling_reference/experiments/from-scratch/packages/empirica:slider/slider.js","comments":true,"compact":false,"sourceMaps":true,"sourceFileName":"packages/empirica:slider/slider.js"}},"code":"let _extends;\n\nmodule.link(\"@babel/runtime/helpers/extends\", {\n  default(v) {\n    _extends = v;\n  }\n\n}, 0);\n\nlet _objectWithoutProperties;\n\nmodule.link(\"@babel/runtime/helpers/objectWithoutProperties\", {\n  default(v) {\n    _objectWithoutProperties = v;\n  }\n\n}, 1);\nmodule.export({\n  default: () => EmpiricaSlider\n});\nlet React;\nmodule.link(\"react\", {\n  default(v) {\n    React = v;\n  }\n\n}, 0);\nlet Slider;\nmodule.link(\"@blueprintjs/core\", {\n  Slider(v) {\n    Slider = v;\n  }\n\n}, 1);\n\nclass EmpiricaSlider extends React.Component {\n  render() {\n    const _this$props = this.props,\n          {\n      hideHandleOnEmpty,\n      showTrackFill,\n      value\n    } = _this$props,\n          rest = _objectWithoutProperties(_this$props, [\"hideHandleOnEmpty\", \"showTrackFill\", \"value\"]); // Blueprint's Slider does not like a null value, it's fine with undefined.\n\n\n    const val = value === null ? undefined : value; // We want to add an \"empty\" class to the slider to hide the handle if no\n    // value is given and the option is activated.\n\n    const emptyClass = hideHandleOnEmpty && val === undefined ? \"empty\" : \"\"; // Default to showTrackFill = false if not set by parent.\n\n    let showTrackFillVar = showTrackFill;\n\n    if (showTrackFillVar === undefined) {\n      showTrackFillVar = false;\n    }\n\n    return /*#__PURE__*/React.createElement(\"div\", {\n      className: \"empirica-slider \".concat(emptyClass)\n    }, /*#__PURE__*/React.createElement(Slider, _extends({\n      value: val,\n      showTrackFill: showTrackFillVar\n    }, rest)));\n  }\n\n}","map":{"version":3,"sources":["packages/empirica:slider/slider.js"],"names":["_extends","module","link","default","v","_objectWithoutProperties","export","EmpiricaSlider","React","Slider","Component","render","props","hideHandleOnEmpty","showTrackFill","value","rest","val","undefined","emptyClass","showTrackFillVar"],"mappings":"AAAA,IAAIA,QAAJ;;AAAaC,MAAM,CAACC,IAAP,CAAY,gCAAZ,EAA6C;AAACC,EAAAA,OAAO,CAACC,CAAD,EAAG;AAACJ,IAAAA,QAAQ,GAACI,CAAT;AAAW;;AAAvB,CAA7C,EAAsE,CAAtE;;AAAyE,IAAIC,wBAAJ;;AAA6BJ,MAAM,CAACC,IAAP,CAAY,gDAAZ,EAA6D;AAACC,EAAAA,OAAO,CAACC,CAAD,EAAG;AAACC,IAAAA,wBAAwB,GAACD,CAAzB;AAA2B;;AAAvC,CAA7D,EAAsG,CAAtG;AAAnHH,MAAM,CAACK,MAAP,CAAc;AAACH,EAAAA,OAAO,EAAC,MAAII;AAAb,CAAd;AAA4C,IAAIC,KAAJ;AAAUP,MAAM,CAACC,IAAP,CAAY,OAAZ,EAAoB;AAACC,EAAAA,OAAO,CAACC,CAAD,EAAG;AAACI,IAAAA,KAAK,GAACJ,CAAN;AAAQ;;AAApB,CAApB,EAA0C,CAA1C;AAA6C,IAAIK,MAAJ;AAAWR,MAAM,CAACC,IAAP,CAAY,mBAAZ,EAAgC;AAACO,EAAAA,MAAM,CAACL,CAAD,EAAG;AAACK,IAAAA,MAAM,GAACL,CAAP;AAAS;;AAApB,CAAhC,EAAsD,CAAtD;;AAG/F,MAAMG,cAAN,SAA6BC,KAAK,CAACE,SAAnC,CAA6C;AAC1DC,EAAAA,MAAM,GAAG;AACP,wBAA6D,KAAKC,KAAlE;AAAA,UAAM;AAAEC,MAAAA,iBAAF;AAAqBC,MAAAA,aAArB;AAAoCC,MAAAA;AAApC,KAAN;AAAA,UAAoDC,IAApD,0FADO,CAGP;;;AACA,UAAMC,GAAG,GAAGF,KAAK,KAAK,IAAV,GAAiBG,SAAjB,GAA6BH,KAAzC,CAJO,CAMP;AACA;;AACA,UAAMI,UAAU,GAAGN,iBAAiB,IAAII,GAAG,KAAKC,SAA7B,GAAyC,OAAzC,GAAmD,EAAtE,CARO,CAUP;;AACA,QAAIE,gBAAgB,GAAGN,aAAvB;;AACA,QAAIM,gBAAgB,KAAKF,SAAzB,EAAoC;AAClCE,MAAAA,gBAAgB,GAAG,KAAnB;AACD;;AAED,wBACE;AAAK,MAAA,SAAS,4BAAqBD,UAArB;AAAd,oBACE,oBAAC,MAAD;AAAQ,MAAA,KAAK,EAAEF,GAAf;AAAoB,MAAA,aAAa,EAAEG;AAAnC,OAAyDJ,IAAzD,EADF,CADF;AAKD;;AAtByD","sourcesContent":["import React from \"react\";\nimport { Slider } from \"@blueprintjs/core\";\n\nexport default class EmpiricaSlider extends React.Component {\n  render() {\n    const { hideHandleOnEmpty, showTrackFill, value, ...rest } = this.props;\n\n    // Blueprint's Slider does not like a null value, it's fine with undefined.\n    const val = value === null ? undefined : value;\n\n    // We want to add an \"empty\" class to the slider to hide the handle if no\n    // value is given and the option is activated.\n    const emptyClass = hideHandleOnEmpty && val === undefined ? \"empty\" : \"\";\n\n    // Default to showTrackFill = false if not set by parent.\n    let showTrackFillVar = showTrackFill;\n    if (showTrackFillVar === undefined) {\n      showTrackFillVar = false;\n    }\n\n    return (\n      <div className={`empirica-slider ${emptyClass}`}>\n        <Slider value={val} showTrackFill={showTrackFillVar} {...rest} />\n      </div>\n    );\n  }\n}\n"]},"sourceType":"module","hash":"e45cc6ad518d25784a0a62f533a320327949efa8"}
