{"metadata":{},"options":{"compact":false,"sourceMaps":true,"ast":true,"babelrc":false,"configFile":false,"parserOpts":{"sourceType":"module","sourceFileName":"/Users/stefpop/Desktop/repos/withBrandon/crossling_reference/experiments/from-scratch/packages/aldeed:collection2/lib.js","plugins":["*","flow","jsx","asyncGenerators","bigInt","classPrivateMethods","classPrivateProperties","classProperties","doExpressions","dynamicImport","exportDefaultFrom","exportExtensions","exportNamespaceFrom","functionBind","functionSent","importMeta","nullishCoalescingOperator","numericSeparator","objectRestSpread","optionalCatchBinding","optionalChaining",["pipelineOperator",{"proposal":"minimal"}],"throwExpressions","objectRestSpread","objectRestSpread","asyncGenerators","classProperties","classPrivateProperties","jsx","nullishCoalescingOperator","nullishCoalescingOperator","optionalChaining","optionalChaining","optionalCatchBinding","optionalCatchBinding","classProperties","classPrivateProperties","classPrivateMethods","classProperties","classPrivateProperties","asyncGenerators","asyncGenerators","objectRestSpread","objectRestSpread"],"allowImportExportEverywhere":true,"allowReturnOutsideFunction":true,"allowUndeclaredExports":true,"strictMode":false},"caller":{"name":"meteor","arch":"os.osx.x86_64"},"sourceFileName":"packages/aldeed:collection2/lib.js","filename":"/Users/stefpop/Desktop/repos/withBrandon/crossling_reference/experiments/from-scratch/packages/aldeed:collection2/lib.js","cloneInputAst":true,"passPerPreset":false,"envName":"development","cwd":"/Users/stefpop/Desktop/repos/withBrandon/crossling_reference/experiments/from-scratch","root":"/Users/stefpop/Desktop/repos/withBrandon/crossling_reference/experiments/from-scratch","plugins":[{"key":"base$0","visitor":{"_exploded":true,"_verified":true},"options":{}},{"key":"base$0$0","visitor":{"Program":{"enter":[null],"exit":[null]},"_exploded":true,"_verified":true},"options":{"avoidModernSyntax":false,"enforceStrictMode":false,"dynamicImport":true,"generateLetDeclarations":true}},{"key":"transform-runtime","visitor":{"CallExpression":{"enter":[null]},"BinaryExpression":{"enter":[null]},"MemberExpression":{"enter":[null],"exit":[null]},"_exploded":true,"_verified":true,"Identifier":{"enter":[null]},"JSXIdentifier":{"enter":[null]}},"options":{"version":"7.12.5","helpers":true,"useESModules":false,"corejs":false}},{"key":"syntax-object-rest-spread","visitor":{"_exploded":true,"_verified":true},"options":{}},{"key":"proposal-object-rest-spread","visitor":{"_exploded":{},"_verified":{},"VariableDeclarator":{"enter":[null]},"ExportNamedDeclaration":{"enter":[null]},"CatchClause":{"enter":[null]},"AssignmentExpression":{"enter":[null]},"ArrayPattern":{"enter":[null]},"ObjectExpression":{"enter":[null]},"FunctionDeclaration":{"enter":[null]},"FunctionExpression":{"enter":[null]},"ObjectMethod":{"enter":[null]},"ArrowFunctionExpression":{"enter":[null]},"ClassMethod":{"enter":[null]},"ClassPrivateMethod":{"enter":[null]},"ForInStatement":{"enter":[null]},"ForOfStatement":{"enter":[null]}},"options":{}},{"key":"transform-meteor-async-await","visitor":{"AwaitExpression":{"enter":[null]},"_exploded":true,"_verified":true,"FunctionDeclaration":{"exit":[null]},"FunctionExpression":{"exit":[null]},"ObjectMethod":{"exit":[null]},"ArrowFunctionExpression":{"exit":[null]},"ClassMethod":{"exit":[null]},"ClassPrivateMethod":{"exit":[null]}},"options":{"useNativeAsyncAwait":false}},{"key":"proposal-async-generator-functions","visitor":{"_exploded":{},"_verified":{},"Program":{"enter":[null]}},"options":{}},{"key":"proposal-class-properties","visitor":{"PrivateName":{"enter":[null]},"ExportDefaultDeclaration":{"enter":[null]},"_exploded":true,"_verified":true,"ClassExpression":{"enter":[null]},"ClassDeclaration":{"enter":[null]}},"options":{"loose":true}},{"key":"transform-react-jsx","visitor":{"_exploded":{},"_verified":{},"JSXNamespacedName":{"enter":[null]},"JSXSpreadChild":{"enter":[null]},"Program":{"enter":[null]},"JSXElement":{"exit":[null]},"JSXFragment":{"exit":[null]},"JSXAttribute":{"enter":[null]}},"options":{"pragma":"React.createElement","pragmaFrag":"React.Fragment","runtime":"classic","throwIfNamespace":true,"useBuiltIns":false}},{"key":"transform-react-display-name","visitor":{"ExportDefaultDeclaration":{"enter":[null]},"CallExpression":{"enter":[null]},"_exploded":true,"_verified":true},"options":{}},{"key":"transform-react-pure-annotations","visitor":{"CallExpression":{"enter":[null]},"_exploded":true,"_verified":true},"options":{}},{"key":"syntax-nullish-coalescing-operator","visitor":{"_exploded":true,"_verified":true},"options":{}},{"key":"proposal-nullish-coalescing-operator","visitor":{"_exploded":{},"_verified":{},"LogicalExpression":{"enter":[null]}},"options":{}},{"key":"syntax-optional-chaining","visitor":{"_exploded":true,"_verified":true},"options":{}},{"key":"proposal-optional-chaining","visitor":{"_exploded":{},"_verified":{},"OptionalCallExpression":{"enter":[null]},"OptionalMemberExpression":{"enter":[null]}},"options":{}},{"key":"syntax-optional-catch-binding","visitor":{"_exploded":true,"_verified":true},"options":{}},{"key":"proposal-optional-catch-binding","visitor":{"_exploded":{},"_verified":{},"CatchClause":{"enter":[null]}},"options":{}},{"key":"syntax-class-properties","visitor":{"_exploded":true,"_verified":true},"options":{}},{"key":"proposal-class-properties","visitor":{"PrivateName":{"enter":[null]},"ExportDefaultDeclaration":{"enter":[null]},"_exploded":true,"_verified":true,"ClassExpression":{"enter":[null]},"ClassDeclaration":{"enter":[null]}},"options":{}},{"key":"syntax-async-generators","visitor":{"_exploded":true,"_verified":true},"options":{}},{"key":"proposal-async-generator-functions","visitor":{"_exploded":{},"_verified":{},"Program":{"enter":[null]}},"options":{}},{"key":"syntax-object-rest-spread","visitor":{"_exploded":true,"_verified":true},"options":{}},{"key":"proposal-object-rest-spread","visitor":{"_exploded":{},"_verified":{},"VariableDeclarator":{"enter":[null]},"ExportNamedDeclaration":{"enter":[null]},"CatchClause":{"enter":[null]},"AssignmentExpression":{"enter":[null]},"ArrayPattern":{"enter":[null]},"ObjectExpression":{"enter":[null]},"FunctionDeclaration":{"enter":[null]},"FunctionExpression":{"enter":[null]},"ObjectMethod":{"enter":[null]},"ArrowFunctionExpression":{"enter":[null]},"ClassMethod":{"enter":[null]},"ClassPrivateMethod":{"enter":[null]},"ForInStatement":{"enter":[null]},"ForOfStatement":{"enter":[null]}},"options":{}},{"key":"transform-literals","visitor":{"NumericLiteral":{"enter":[null]},"StringLiteral":{"enter":[null]},"_exploded":true,"_verified":true},"options":{}},{"key":"transform-template-literals","visitor":{"TaggedTemplateExpression":{"enter":[null]},"TemplateLiteral":{"enter":[null]},"_exploded":true,"_verified":true},"options":{}},{"key":"transform-parameters","visitor":{"_exploded":true,"_verified":true,"FunctionDeclaration":{"enter":[null]},"FunctionExpression":{"enter":[null]},"ObjectMethod":{"enter":[null]},"ArrowFunctionExpression":{"enter":[null]},"ClassMethod":{"enter":[null]},"ClassPrivateMethod":{"enter":[null]}},"options":{}},{"key":"transform-exponentiation-operator","visitor":{"AssignmentExpression":{"enter":[null]},"BinaryExpression":{"enter":[null]},"_exploded":true,"_verified":true},"options":{}}],"presets":[],"generatorOpts":{"filename":"/Users/stefpop/Desktop/repos/withBrandon/crossling_reference/experiments/from-scratch/packages/aldeed:collection2/lib.js","comments":true,"compact":false,"sourceMaps":true,"sourceFileName":"packages/aldeed:collection2/lib.js"}},"code":"module.export({\n  flattenSelector: () => flattenSelector\n});\n\nfunction flattenSelector(selector) {\n  // If selector uses $and format, convert to plain object selector\n  if (Array.isArray(selector.$and)) {\n    selector.$and.forEach(sel => {\n      Object.assign(selector, flattenSelector(sel));\n    });\n    delete selector.$and;\n  }\n\n  const obj = {};\n  Object.entries(selector).forEach((_ref) => {\n    let [key, value] = _ref;\n\n    // Ignoring logical selectors (https://docs.mongodb.com/manual/reference/operator/query/#logical)\n    if (!key.startsWith(\"$\")) {\n      if (typeof value === 'object' && value !== null) {\n        if (value.$eq !== undefined) {\n          obj[key] = value.$eq;\n        } else if (Array.isArray(value.$in) && value.$in.length === 1) {\n          obj[key] = value.$in[0];\n        } else if (Object.keys(value).every(v => !(typeof v === \"string\" && v.startsWith(\"$\")))) {\n          obj[key] = value;\n        }\n      } else {\n        obj[key] = value;\n      }\n    }\n  });\n  return obj;\n}","map":{"version":3,"sources":["packages/aldeed:collection2/lib.js"],"names":["module","export","flattenSelector","selector","Array","isArray","$and","forEach","sel","Object","assign","obj","entries","key","value","startsWith","$eq","undefined","$in","length","keys","every","v"],"mappings":"AAAAA,MAAM,CAACC,MAAP,CAAc;AAACC,EAAAA,eAAe,EAAC,MAAIA;AAArB,CAAd;;AAAO,SAASA,eAAT,CAAyBC,QAAzB,EAAmC;AACxC;AACA,MAAIC,KAAK,CAACC,OAAN,CAAcF,QAAQ,CAACG,IAAvB,CAAJ,EAAkC;AAChCH,IAAAA,QAAQ,CAACG,IAAT,CAAcC,OAAd,CAAsBC,GAAG,IAAI;AAC3BC,MAAAA,MAAM,CAACC,MAAP,CAAcP,QAAd,EAAwBD,eAAe,CAACM,GAAD,CAAvC;AACD,KAFD;AAIA,WAAOL,QAAQ,CAACG,IAAhB;AACD;;AAED,QAAMK,GAAG,GAAG,EAAZ;AAEAF,EAAAA,MAAM,CAACG,OAAP,CAAeT,QAAf,EAAyBI,OAAzB,CAAiC,UAAkB;AAAA,QAAjB,CAACM,GAAD,EAAMC,KAAN,CAAiB;;AACjD;AACA,QAAI,CAACD,GAAG,CAACE,UAAJ,CAAe,GAAf,CAAL,EAA0B;AACxB,UAAI,OAAOD,KAAP,KAAiB,QAAjB,IAA6BA,KAAK,KAAK,IAA3C,EAAiD;AAC/C,YAAIA,KAAK,CAACE,GAAN,KAAcC,SAAlB,EAA6B;AAC3BN,UAAAA,GAAG,CAACE,GAAD,CAAH,GAAWC,KAAK,CAACE,GAAjB;AACD,SAFD,MAEO,IAAIZ,KAAK,CAACC,OAAN,CAAcS,KAAK,CAACI,GAApB,KAA4BJ,KAAK,CAACI,GAAN,CAAUC,MAAV,KAAqB,CAArD,EAAwD;AAC7DR,UAAAA,GAAG,CAACE,GAAD,CAAH,GAAWC,KAAK,CAACI,GAAN,CAAU,CAAV,CAAX;AACD,SAFM,MAEA,IAAIT,MAAM,CAACW,IAAP,CAAYN,KAAZ,EAAmBO,KAAnB,CAAyBC,CAAC,IAAI,EAAE,OAAOA,CAAP,KAAa,QAAb,IAAyBA,CAAC,CAACP,UAAF,CAAa,GAAb,CAA3B,CAA9B,CAAJ,EAAkF;AACvFJ,UAAAA,GAAG,CAACE,GAAD,CAAH,GAAWC,KAAX;AACD;AACF,OARD,MAQO;AACLH,QAAAA,GAAG,CAACE,GAAD,CAAH,GAAWC,KAAX;AACD;AACF;AACF,GAfD;AAiBA,SAAOH,GAAP;AACD","sourcesContent":["export function flattenSelector(selector) {\n  // If selector uses $and format, convert to plain object selector\n  if (Array.isArray(selector.$and)) {\n    selector.$and.forEach(sel => {\n      Object.assign(selector, flattenSelector(sel));\n    });\n\n    delete selector.$and\n  }\n\n  const obj = {}\n\n  Object.entries(selector).forEach(([key, value]) => {\n    // Ignoring logical selectors (https://docs.mongodb.com/manual/reference/operator/query/#logical)\n    if (!key.startsWith(\"$\")) {\n      if (typeof value === 'object' && value !== null) {\n        if (value.$eq !== undefined) {\n          obj[key] = value.$eq\n        } else if (Array.isArray(value.$in) && value.$in.length === 1) {\n          obj[key] = value.$in[0]\n        } else if (Object.keys(value).every(v => !(typeof v === \"string\" && v.startsWith(\"$\")))) {\n          obj[key] = value\n        }\n      } else {\n        obj[key] = value\n      }\n    }\n  })\n  \n  return obj\n}\n"]},"sourceType":"module","hash":"e622f811b7c5ee274eca6d20df065d2d0bfe7fcf"}
