{"metadata":{},"options":{"compact":false,"sourceMaps":true,"ast":true,"babelrc":false,"configFile":false,"parserOpts":{"sourceType":"module","sourceFileName":"/Users/stefpop/Desktop/repos/withBrandon/crossling_reference/experiments/from-scratch/packages/empirica:core/api/game-lobbies/game-lobbies.js","plugins":["*","flow","jsx","asyncGenerators","bigInt","classPrivateMethods","classPrivateProperties","classProperties","doExpressions","dynamicImport","exportDefaultFrom","exportExtensions","exportNamespaceFrom","functionBind","functionSent","importMeta","nullishCoalescingOperator","numericSeparator","objectRestSpread","optionalCatchBinding","optionalChaining",["pipelineOperator",{"proposal":"minimal"}],"throwExpressions","classProperties","classPrivateProperties","jsx","nullishCoalescingOperator","nullishCoalescingOperator","optionalChaining","optionalChaining","optionalCatchBinding","optionalCatchBinding","classProperties","classPrivateProperties","classPrivateMethods","classProperties","classPrivateProperties","asyncGenerators","asyncGenerators","objectRestSpread","objectRestSpread"],"allowImportExportEverywhere":true,"allowReturnOutsideFunction":true,"allowUndeclaredExports":true,"strictMode":false},"caller":{"name":"meteor","arch":"web.browser.legacy"},"sourceFileName":"packages/empirica:core/api/game-lobbies/game-lobbies.js","filename":"/Users/stefpop/Desktop/repos/withBrandon/crossling_reference/experiments/from-scratch/packages/empirica:core/api/game-lobbies/game-lobbies.js","cloneInputAst":true,"passPerPreset":false,"envName":"development","cwd":"/Users/stefpop/Desktop/repos/withBrandon/crossling_reference/experiments/from-scratch","root":"/Users/stefpop/Desktop/repos/withBrandon/crossling_reference/experiments/from-scratch","plugins":[{"key":"base$0","visitor":{"_exploded":true,"_verified":true},"options":{}},{"key":"base$0$0","visitor":{"Program":{"enter":[null],"exit":[null]},"_exploded":true,"_verified":true},"options":{"avoidModernSyntax":true,"enforceStrictMode":false,"dynamicImport":true}},{"key":"transform-runtime","visitor":{"CallExpression":{"enter":[null]},"BinaryExpression":{"enter":[null]},"MemberExpression":{"enter":[null],"exit":[null]},"_exploded":true,"_verified":true,"Identifier":{"enter":[null]},"JSXIdentifier":{"enter":[null]}},"options":{"version":"7.12.5","helpers":true,"useESModules":false,"corejs":false}},{"key":"proposal-class-properties","visitor":{"PrivateName":{"enter":[null]},"ExportDefaultDeclaration":{"enter":[null]},"_exploded":true,"_verified":true,"ClassExpression":{"enter":[null]},"ClassDeclaration":{"enter":[null]}},"options":{"loose":true}},{"key":"base$0$3","visitor":{"FunctionExpression":{"exit":[null]},"_exploded":true,"_verified":true},"options":{}},{"key":"base$0$4","visitor":{"ForInStatement":{"enter":[null]},"_exploded":true,"_verified":true},"options":{}},{"key":"transform-react-jsx","visitor":{"_exploded":{},"_verified":{},"JSXNamespacedName":{"enter":[null]},"JSXSpreadChild":{"enter":[null]},"Program":{"enter":[null]},"JSXElement":{"exit":[null]},"JSXFragment":{"exit":[null]},"JSXAttribute":{"enter":[null]}},"options":{"pragma":"React.createElement","pragmaFrag":"React.Fragment","runtime":"classic","throwIfNamespace":true,"useBuiltIns":false}},{"key":"transform-react-display-name","visitor":{"ExportDefaultDeclaration":{"enter":[null]},"CallExpression":{"enter":[null]},"_exploded":true,"_verified":true},"options":{}},{"key":"transform-react-pure-annotations","visitor":{"CallExpression":{"enter":[null]},"_exploded":true,"_verified":true},"options":{}},{"key":"syntax-nullish-coalescing-operator","visitor":{"_exploded":true,"_verified":true},"options":{}},{"key":"proposal-nullish-coalescing-operator","visitor":{"_exploded":{},"_verified":{},"LogicalExpression":{"enter":[null]}},"options":{}},{"key":"syntax-optional-chaining","visitor":{"_exploded":true,"_verified":true},"options":{}},{"key":"proposal-optional-chaining","visitor":{"_exploded":{},"_verified":{},"OptionalCallExpression":{"enter":[null]},"OptionalMemberExpression":{"enter":[null]}},"options":{}},{"key":"syntax-optional-catch-binding","visitor":{"_exploded":true,"_verified":true},"options":{}},{"key":"proposal-optional-catch-binding","visitor":{"_exploded":{},"_verified":{},"CatchClause":{"enter":[null]}},"options":{}},{"key":"syntax-class-properties","visitor":{"_exploded":true,"_verified":true},"options":{}},{"key":"proposal-class-properties","visitor":{"PrivateName":{"enter":[null]},"ExportDefaultDeclaration":{"enter":[null]},"_exploded":true,"_verified":true,"ClassExpression":{"enter":[null]},"ClassDeclaration":{"enter":[null]}},"options":{}},{"key":"syntax-async-generators","visitor":{"_exploded":true,"_verified":true},"options":{}},{"key":"proposal-async-generator-functions","visitor":{"_exploded":{},"_verified":{},"Program":{"enter":[null]}},"options":{}},{"key":"syntax-object-rest-spread","visitor":{"_exploded":true,"_verified":true},"options":{}},{"key":"proposal-object-rest-spread","visitor":{"_exploded":{},"_verified":{},"VariableDeclarator":{"enter":[null]},"ExportNamedDeclaration":{"enter":[null]},"CatchClause":{"enter":[null]},"AssignmentExpression":{"enter":[null]},"ArrayPattern":{"enter":[null]},"ObjectExpression":{"enter":[null]},"FunctionDeclaration":{"enter":[null]},"FunctionExpression":{"enter":[null]},"ObjectMethod":{"enter":[null]},"ArrowFunctionExpression":{"enter":[null]},"ClassMethod":{"enter":[null]},"ClassPrivateMethod":{"enter":[null]},"ForInStatement":{"enter":[null]},"ForOfStatement":{"enter":[null]}},"options":{}},{"key":"transform-arrow-functions","visitor":{"ArrowFunctionExpression":{"enter":[null]},"_exploded":true,"_verified":true},"options":{}},{"key":"transform-block-scoped-functions","visitor":{"BlockStatement":{"enter":[null]},"SwitchCase":{"enter":[null]},"_exploded":true,"_verified":true},"options":{}},{"key":"transform-block-scoping","visitor":{"VariableDeclaration":{"enter":[null]},"CatchClause":{"enter":[null]},"_exploded":true,"BlockStatement":{"enter":[null]},"SwitchStatement":{"enter":[null]},"Program":{"enter":[null]},"_verified":true,"DoWhileStatement":{"enter":[null]},"ForInStatement":{"enter":[null]},"ForStatement":{"enter":[null]},"WhileStatement":{"enter":[null]},"ForOfStatement":{"enter":[null]}},"options":{}},{"key":"transform-classes","visitor":{"ExportDefaultDeclaration":{"enter":[null]},"ClassDeclaration":{"enter":[null]},"ClassExpression":{"enter":[null]},"_exploded":true,"_verified":true},"options":{"loose":true}},{"key":"transform-computed-properties","visitor":{"ObjectExpression":{"exit":[null]},"_exploded":true,"_verified":true},"options":{"loose":true}},{"key":"transform-destructuring","visitor":{"ExportNamedDeclaration":{"enter":[null]},"CatchClause":{"enter":[null]},"AssignmentExpression":{"enter":[null]},"VariableDeclaration":{"enter":[null]},"_exploded":true,"_verified":true,"ForInStatement":{"enter":[null]},"ForOfStatement":{"enter":[null]}},"options":{}},{"key":"transform-for-of","visitor":{"ForOfStatement":{"enter":[null]},"_exploded":true,"_verified":true},"options":{"loose":true}},{"key":"transform-literals","visitor":{"NumericLiteral":{"enter":[null]},"StringLiteral":{"enter":[null]},"_exploded":true,"_verified":true},"options":{}},{"key":"transform-object-super","visitor":{"ObjectExpression":{"enter":[null]},"_exploded":true,"_verified":true},"options":{}},{"key":"transform-parameters","visitor":{"_exploded":true,"_verified":true,"FunctionDeclaration":{"enter":[null]},"FunctionExpression":{"enter":[null]},"ObjectMethod":{"enter":[null]},"ArrowFunctionExpression":{"enter":[null]},"ClassMethod":{"enter":[null]},"ClassPrivateMethod":{"enter":[null]}},"options":{}},{"key":"transform-shorthand-properties","visitor":{"ObjectMethod":{"enter":[null]},"ObjectProperty":{"enter":[null]},"_exploded":true,"_verified":true},"options":{}},{"key":"transform-spread","visitor":{"ArrayExpression":{"enter":[null]},"CallExpression":{"enter":[null]},"NewExpression":{"enter":[null]},"_exploded":true,"_verified":true},"options":{}},{"key":"transform-sticky-regex","visitor":{"RegExpLiteral":{"enter":[null]},"_exploded":true,"_verified":true},"options":{}},{"key":"transform-template-literals","visitor":{"TaggedTemplateExpression":{"enter":[null]},"TemplateLiteral":{"enter":[null]},"_exploded":true,"_verified":true},"options":{"loose":true}},{"key":"transform-typeof-symbol","visitor":{"UnaryExpression":{"enter":[null]},"_exploded":true,"_verified":true,"BlockStatement":{"enter":[null]},"CatchClause":{"enter":[null]},"DoWhileStatement":{"enter":[null]},"ForInStatement":{"enter":[null]},"ForStatement":{"enter":[null]},"FunctionDeclaration":{"enter":[null]},"FunctionExpression":{"enter":[null]},"Program":{"enter":[null]},"ObjectMethod":{"enter":[null]},"SwitchStatement":{"enter":[null]},"WhileStatement":{"enter":[null]},"ArrowFunctionExpression":{"enter":[null]},"ClassExpression":{"enter":[null]},"ClassDeclaration":{"enter":[null]},"ForOfStatement":{"enter":[null]},"ClassMethod":{"enter":[null]},"ClassPrivateMethod":{"enter":[null]},"StaticBlock":{"enter":[null]},"TSModuleBlock":{"enter":[null]},"AssignmentPattern":{"enter":[null]},"ArrayPattern":{"enter":[null]},"ObjectPattern":{"enter":[null]}},"options":{}},{"key":"transform-unicode-regex","visitor":{"RegExpLiteral":{"enter":[null]},"_exploded":true,"_verified":true},"options":{}},{"key":"transform-property-literals","visitor":{"ObjectProperty":{"exit":[null]},"_exploded":true,"_verified":true},"options":{}},{"key":"transform-exponentiation-operator","visitor":{"AssignmentExpression":{"enter":[null]},"BinaryExpression":{"enter":[null]},"_exploded":true,"_verified":true},"options":{}},{"key":"regenerator-transform","visitor":{"_exploded":true,"_verified":true,"ObjectMethod":{"enter":[null],"exit":[null]},"ClassMethod":{"enter":[null],"exit":[null]},"ClassPrivateMethod":{"enter":[null],"exit":[null]},"FunctionDeclaration":{"exit":[null]},"FunctionExpression":{"exit":[null]},"ArrowFunctionExpression":{"exit":[null]}},"options":{}}],"presets":[],"generatorOpts":{"filename":"/Users/stefpop/Desktop/repos/withBrandon/crossling_reference/experiments/from-scratch/packages/empirica:core/api/game-lobbies/game-lobbies.js","comments":true,"compact":false,"sourceMaps":true,"sourceFileName":"packages/empirica:core/api/game-lobbies/game-lobbies.js"}},"code":"module.export({\n  GameLobbies: function () {\n    return GameLobbies;\n  }\n});\nvar SimpleSchema;\nmodule.link(\"simpl-schema\", {\n  \"default\": function (v) {\n    SimpleSchema = v;\n  }\n}, 0);\nvar statusSchema;\nmodule.link(\"../batches/status-schema\", {\n  statusSchema: function (v) {\n    statusSchema = v;\n  }\n}, 1);\nvar Batches;\nmodule.link(\"../batches/batches\", {\n  Batches: function (v) {\n    Batches = v;\n  }\n}, 2);\nvar BelongsTo, HasManyByRef, TimestampSchema;\nmodule.link(\"../default-schemas\", {\n  BelongsTo: function (v) {\n    BelongsTo = v;\n  },\n  HasManyByRef: function (v) {\n    HasManyByRef = v;\n  },\n  TimestampSchema: function (v) {\n    TimestampSchema = v;\n  }\n}, 3);\nvar DebugModeSchema, UserDataSchema;\nmodule.link(\"../default-schemas.js\", {\n  DebugModeSchema: function (v) {\n    DebugModeSchema = v;\n  },\n  UserDataSchema: function (v) {\n    UserDataSchema = v;\n  }\n}, 4);\nvar Players;\nmodule.link(\"../players/players\", {\n  Players: function (v) {\n    Players = v;\n  }\n}, 5);\nvar Treatments;\nmodule.link(\"../treatments/treatments\", {\n  Treatments: function (v) {\n    Treatments = v;\n  }\n}, 6);\nvar GameLobbies = new Mongo.Collection(\"game_lobbies\");\nGameLobbies.helpers({\n  players: function () {\n    return Players.find({\n      _id: {\n        $in: this.playerIds\n      }\n    }).fetch();\n  },\n  batch: function () {\n    return Batches.findOne({\n      _id: this.batchId\n    });\n  },\n  treatment: function () {\n    return Treatments.findOne({\n      _id: this.treatmentId\n    });\n  }\n});\nGameLobbies.schema = new SimpleSchema({\n  // index allows for an ordering of lobbies so we know which one\n  // to choose from next\n  index: {\n    type: SimpleSchema.Integer,\n    min: 0,\n    label: \"Position\"\n  },\n  // availableCount tells us how many slots are available in this lobby\n  // (== treatment.playerCount)\n  availableCount: {\n    type: SimpleSchema.Integer,\n    min: 0,\n    label: \"Available Slots Count\"\n  },\n  timeoutStartedAt: {\n    label: \"Time the first player arrived in the lobby\",\n    type: Date,\n    optional: true\n  },\n  timedOutAt: {\n    label: \"Time when the lobby timed out and was cancelled\",\n    type: Date,\n    optional: true,\n    index: 1\n  },\n  endReason: {\n    label: \"Ended Reason\",\n    type: String,\n    optional: true,\n    regEx: /[a-zA-Z0-9_]+/\n  },\n  // Queued players are players that have been associated with the lobby\n  // but are not confirmed for the game yet. playerIds is used for confirmed\n  // players\n  // There might be more queued player than availableCount as we\n  // allow overbooking to make games start faster.\n  queuedPlayerIds: {\n    type: Array,\n    defaultValue: [],\n    label: \"Queued Players\",\n    index: true\n  },\n  \"queuedPlayerIds.$\": {\n    type: String,\n    regEx: SimpleSchema.RegEx.Id,\n    label: \"Queued Player\"\n  }\n});\n\nif (Meteor.isDevelopment || Meteor.settings.public.debug_gameDebugMode) {\n  GameLobbies.schema.extend(DebugModeSchema);\n}\n\nGameLobbies.schema.extend(UserDataSchema);\nGameLobbies.schema.extend(TimestampSchema); // playerIds tells us how many players are ready to start (finished intro)\n// Once playerIds.length == availableCount, the game starts. Player that are\n// queued but haven't made it past the intro in time will be led to the outro\n// directly.\n\nGameLobbies.schema.extend(HasManyByRef(\"Players\"));\nGameLobbies.schema.extend(BelongsTo(\"Games\", false));\nGameLobbies.schema.extend(BelongsTo(\"Treatments\"));\nGameLobbies.schema.extend(BelongsTo(\"Batches\"));\nGameLobbies.schema.extend(BelongsTo(\"LobbyConfigs\")); // We are denormalizing the parent batch status in order to make clean queries\n\nGameLobbies.schema.extend(statusSchema);\nGameLobbies.attachSchema(GameLobbies.schema);","map":{"version":3,"sources":["packages/empirica:core/api/game-lobbies/game-lobbies.js"],"names":["module","export","GameLobbies","SimpleSchema","link","v","statusSchema","Batches","BelongsTo","HasManyByRef","TimestampSchema","DebugModeSchema","UserDataSchema","Players","Treatments","Mongo","Collection","helpers","players","find","_id","$in","playerIds","fetch","batch","findOne","batchId","treatment","treatmentId","schema","index","type","Integer","min","label","availableCount","timeoutStartedAt","Date","optional","timedOutAt","endReason","String","regEx","queuedPlayerIds","Array","defaultValue","RegEx","Id","Meteor","isDevelopment","settings","public","debug_gameDebugMode","extend","attachSchema"],"mappings":"AAAAA,MAAM,CAACC,MAAP,CAAc;AAACC,EAAAA,WAAW,EAAC,YAAU;AAAC,WAAOA,WAAP;AAAmB;AAA3C,CAAd;AAA4D,IAAIC,YAAJ;AAAiBH,MAAM,CAACI,IAAP,CAAY,cAAZ,EAA2B;AAAC,aAAQ,UAASC,CAAT,EAAW;AAACF,IAAAA,YAAY,GAACE,CAAb;AAAe;AAApC,CAA3B,EAAiE,CAAjE;AAAoE,IAAIC,YAAJ;AAAiBN,MAAM,CAACI,IAAP,CAAY,0BAAZ,EAAuC;AAACE,EAAAA,YAAY,EAAC,UAASD,CAAT,EAAW;AAACC,IAAAA,YAAY,GAACD,CAAb;AAAe;AAAzC,CAAvC,EAAkF,CAAlF;AAAqF,IAAIE,OAAJ;AAAYP,MAAM,CAACI,IAAP,CAAY,oBAAZ,EAAiC;AAACG,EAAAA,OAAO,EAAC,UAASF,CAAT,EAAW;AAACE,IAAAA,OAAO,GAACF,CAAR;AAAU;AAA/B,CAAjC,EAAkE,CAAlE;AAAqE,IAAIG,SAAJ,EAAcC,YAAd,EAA2BC,eAA3B;AAA2CV,MAAM,CAACI,IAAP,CAAY,oBAAZ,EAAiC;AAACI,EAAAA,SAAS,EAAC,UAASH,CAAT,EAAW;AAACG,IAAAA,SAAS,GAACH,CAAV;AAAY,GAAnC;AAAoCI,EAAAA,YAAY,EAAC,UAASJ,CAAT,EAAW;AAACI,IAAAA,YAAY,GAACJ,CAAb;AAAe,GAA5E;AAA6EK,EAAAA,eAAe,EAAC,UAASL,CAAT,EAAW;AAACK,IAAAA,eAAe,GAACL,CAAhB;AAAkB;AAA3H,CAAjC,EAA8J,CAA9J;AAAiK,IAAIM,eAAJ,EAAoBC,cAApB;AAAmCZ,MAAM,CAACI,IAAP,CAAY,uBAAZ,EAAoC;AAACO,EAAAA,eAAe,EAAC,UAASN,CAAT,EAAW;AAACM,IAAAA,eAAe,GAACN,CAAhB;AAAkB,GAA/C;AAAgDO,EAAAA,cAAc,EAAC,UAASP,CAAT,EAAW;AAACO,IAAAA,cAAc,GAACP,CAAf;AAAiB;AAA5F,CAApC,EAAkI,CAAlI;AAAqI,IAAIQ,OAAJ;AAAYb,MAAM,CAACI,IAAP,CAAY,oBAAZ,EAAiC;AAACS,EAAAA,OAAO,EAAC,UAASR,CAAT,EAAW;AAACQ,IAAAA,OAAO,GAACR,CAAR;AAAU;AAA/B,CAAjC,EAAkE,CAAlE;AAAqE,IAAIS,UAAJ;AAAed,MAAM,CAACI,IAAP,CAAY,0BAAZ,EAAuC;AAACU,EAAAA,UAAU,EAAC,UAAST,CAAT,EAAW;AAACS,IAAAA,UAAU,GAACT,CAAX;AAAa;AAArC,CAAvC,EAA8E,CAA9E;AAUrxB,IAAMH,WAAW,GAAG,IAAIa,KAAK,CAACC,UAAV,CAAqB,cAArB,CAApB;AAEPd,WAAW,CAACe,OAAZ,CAAoB;AAClBC,EAAAA,OADkB,cACR;AACR,WAAOL,OAAO,CAACM,IAAR,CAAa;AAAEC,MAAAA,GAAG,EAAE;AAAEC,QAAAA,GAAG,EAAE,KAAKC;AAAZ;AAAP,KAAb,EAA+CC,KAA/C,EAAP;AACD,GAHiB;AAIlBC,EAAAA,KAJkB,cAIV;AACN,WAAOjB,OAAO,CAACkB,OAAR,CAAgB;AAAEL,MAAAA,GAAG,EAAE,KAAKM;AAAZ,KAAhB,CAAP;AACD,GANiB;AAOlBC,EAAAA,SAPkB,cAON;AACV,WAAOb,UAAU,CAACW,OAAX,CAAmB;AAAEL,MAAAA,GAAG,EAAE,KAAKQ;AAAZ,KAAnB,CAAP;AACD;AATiB,CAApB;AAYA1B,WAAW,CAAC2B,MAAZ,GAAqB,IAAI1B,YAAJ,CAAiB;AACpC;AACA;AACA2B,EAAAA,KAAK,EAAE;AACLC,IAAAA,IAAI,EAAE5B,YAAY,CAAC6B,OADd;AAELC,IAAAA,GAAG,EAAE,CAFA;AAGLC,IAAAA,KAAK,EAAE;AAHF,GAH6B;AASpC;AACA;AACAC,EAAAA,cAAc,EAAE;AACdJ,IAAAA,IAAI,EAAE5B,YAAY,CAAC6B,OADL;AAEdC,IAAAA,GAAG,EAAE,CAFS;AAGdC,IAAAA,KAAK,EAAE;AAHO,GAXoB;AAiBpCE,EAAAA,gBAAgB,EAAE;AAChBF,IAAAA,KAAK,EAAE,4CADS;AAEhBH,IAAAA,IAAI,EAAEM,IAFU;AAGhBC,IAAAA,QAAQ,EAAE;AAHM,GAjBkB;AAuBpCC,EAAAA,UAAU,EAAE;AACVL,IAAAA,KAAK,EAAE,iDADG;AAEVH,IAAAA,IAAI,EAAEM,IAFI;AAGVC,IAAAA,QAAQ,EAAE,IAHA;AAIVR,IAAAA,KAAK,EAAE;AAJG,GAvBwB;AA8BpCU,EAAAA,SAAS,EAAE;AACTN,IAAAA,KAAK,EAAE,cADE;AAETH,IAAAA,IAAI,EAAEU,MAFG;AAGTH,IAAAA,QAAQ,EAAE,IAHD;AAITI,IAAAA,KAAK,EAAE;AAJE,GA9ByB;AAqCpC;AACA;AACA;AACA;AACA;AACAC,EAAAA,eAAe,EAAE;AACfZ,IAAAA,IAAI,EAAEa,KADS;AAEfC,IAAAA,YAAY,EAAE,EAFC;AAGfX,IAAAA,KAAK,kBAHU;AAIfJ,IAAAA,KAAK,EAAE;AAJQ,GA1CmB;AAgDpC,uBAAqB;AACnBC,IAAAA,IAAI,EAAEU,MADa;AAEnBC,IAAAA,KAAK,EAAEvC,YAAY,CAAC2C,KAAb,CAAmBC,EAFP;AAGnBb,IAAAA,KAAK;AAHc;AAhDe,CAAjB,CAArB;;AAuDA,IAAIc,MAAM,CAACC,aAAP,IAAwBD,MAAM,CAACE,QAAP,CAAgBC,MAAhB,CAAuBC,mBAAnD,EAAwE;AACtElD,EAAAA,WAAW,CAAC2B,MAAZ,CAAmBwB,MAAnB,CAA0B1C,eAA1B;AACD;;AAEDT,WAAW,CAAC2B,MAAZ,CAAmBwB,MAAnB,CAA0BzC,cAA1B;AACAV,WAAW,CAAC2B,MAAZ,CAAmBwB,MAAnB,CAA0B3C,eAA1B,E,CACA;AACA;AACA;AACA;;AACAR,WAAW,CAAC2B,MAAZ,CAAmBwB,MAAnB,CAA0B5C,YAAY,CAAC,SAAD,CAAtC;AACAP,WAAW,CAAC2B,MAAZ,CAAmBwB,MAAnB,CAA0B7C,SAAS,CAAC,OAAD,EAAU,KAAV,CAAnC;AACAN,WAAW,CAAC2B,MAAZ,CAAmBwB,MAAnB,CAA0B7C,SAAS,CAAC,YAAD,CAAnC;AACAN,WAAW,CAAC2B,MAAZ,CAAmBwB,MAAnB,CAA0B7C,SAAS,CAAC,SAAD,CAAnC;AACAN,WAAW,CAAC2B,MAAZ,CAAmBwB,MAAnB,CAA0B7C,SAAS,CAAC,cAAD,CAAnC,E,CACA;;AACAN,WAAW,CAAC2B,MAAZ,CAAmBwB,MAAnB,CAA0B/C,YAA1B;AACAJ,WAAW,CAACoD,YAAZ,CAAyBpD,WAAW,CAAC2B,MAArC","sourcesContent":["// game-lobbies.js\nimport SimpleSchema from \"simpl-schema\";\n\nimport { statusSchema } from \"../batches/status-schema\";\nimport { Batches } from \"../batches/batches\";\nimport { BelongsTo, HasManyByRef, TimestampSchema } from \"../default-schemas\";\nimport { DebugModeSchema, UserDataSchema } from \"../default-schemas.js\";\nimport { Players } from \"../players/players\";\nimport { Treatments } from \"../treatments/treatments\";\n\nexport const GameLobbies = new Mongo.Collection(\"game_lobbies\");\n\nGameLobbies.helpers({\n  players() {\n    return Players.find({ _id: { $in: this.playerIds } }).fetch();\n  },\n  batch() {\n    return Batches.findOne({ _id: this.batchId });\n  },\n  treatment() {\n    return Treatments.findOne({ _id: this.treatmentId });\n  }\n});\n\nGameLobbies.schema = new SimpleSchema({\n  // index allows for an ordering of lobbies so we know which one\n  // to choose from next\n  index: {\n    type: SimpleSchema.Integer,\n    min: 0,\n    label: \"Position\"\n  },\n\n  // availableCount tells us how many slots are available in this lobby\n  // (== treatment.playerCount)\n  availableCount: {\n    type: SimpleSchema.Integer,\n    min: 0,\n    label: \"Available Slots Count\"\n  },\n\n  timeoutStartedAt: {\n    label: \"Time the first player arrived in the lobby\",\n    type: Date,\n    optional: true\n  },\n\n  timedOutAt: {\n    label: \"Time when the lobby timed out and was cancelled\",\n    type: Date,\n    optional: true,\n    index: 1\n  },\n\n  endReason: {\n    label: \"Ended Reason\",\n    type: String,\n    optional: true,\n    regEx: /[a-zA-Z0-9_]+/\n  },\n\n  // Queued players are players that have been associated with the lobby\n  // but are not confirmed for the game yet. playerIds is used for confirmed\n  // players\n  // There might be more queued player than availableCount as we\n  // allow overbooking to make games start faster.\n  queuedPlayerIds: {\n    type: Array,\n    defaultValue: [],\n    label: `Queued Players`,\n    index: true\n  },\n  \"queuedPlayerIds.$\": {\n    type: String,\n    regEx: SimpleSchema.RegEx.Id,\n    label: `Queued Player`\n  }\n});\n\nif (Meteor.isDevelopment || Meteor.settings.public.debug_gameDebugMode) {\n  GameLobbies.schema.extend(DebugModeSchema);\n}\n\nGameLobbies.schema.extend(UserDataSchema);\nGameLobbies.schema.extend(TimestampSchema);\n// playerIds tells us how many players are ready to start (finished intro)\n// Once playerIds.length == availableCount, the game starts. Player that are\n// queued but haven't made it past the intro in time will be led to the outro\n// directly.\nGameLobbies.schema.extend(HasManyByRef(\"Players\"));\nGameLobbies.schema.extend(BelongsTo(\"Games\", false));\nGameLobbies.schema.extend(BelongsTo(\"Treatments\"));\nGameLobbies.schema.extend(BelongsTo(\"Batches\"));\nGameLobbies.schema.extend(BelongsTo(\"LobbyConfigs\"));\n// We are denormalizing the parent batch status in order to make clean queries\nGameLobbies.schema.extend(statusSchema);\nGameLobbies.attachSchema(GameLobbies.schema);\n"]},"sourceType":"module","hash":"edfaaf076199720f30e34cb2489f782c70eb9ae3"}
