{"metadata":{},"options":{"compact":false,"sourceMaps":true,"ast":true,"babelrc":false,"configFile":false,"parserOpts":{"sourceType":"module","sourceFileName":"/Users/stefpop/Desktop/repos/withBrandon/crossling_reference/experiments/from-scratch/client/intro/Quiz_rtl.jsx","plugins":["*","flow","jsx","asyncGenerators","bigInt","classPrivateMethods","classPrivateProperties","classProperties","doExpressions","dynamicImport","exportDefaultFrom","exportExtensions","exportNamespaceFrom","functionBind","functionSent","importMeta","nullishCoalescingOperator","numericSeparator","objectRestSpread","optionalCatchBinding","optionalChaining",["pipelineOperator",{"proposal":"minimal"}],"throwExpressions","classProperties","classPrivateProperties","jsx","nullishCoalescingOperator","nullishCoalescingOperator","optionalChaining","optionalChaining","optionalCatchBinding","optionalCatchBinding","classProperties","classPrivateProperties","classPrivateMethods","classProperties","classPrivateProperties","asyncGenerators","asyncGenerators","objectRestSpread","objectRestSpread"],"allowImportExportEverywhere":true,"allowReturnOutsideFunction":true,"allowUndeclaredExports":true,"strictMode":false},"caller":{"name":"meteor","arch":"web.browser.legacy"},"sourceFileName":"client/intro/Quiz_rtl.jsx","filename":"/Users/stefpop/Desktop/repos/withBrandon/crossling_reference/experiments/from-scratch/client/intro/Quiz_rtl.jsx","cloneInputAst":true,"passPerPreset":false,"envName":"development","cwd":"/Users/stefpop/Desktop/repos/withBrandon/crossling_reference/experiments/from-scratch","root":"/Users/stefpop/Desktop/repos/withBrandon/crossling_reference/experiments/from-scratch","plugins":[{"key":"base$0","visitor":{"_exploded":true,"_verified":true},"options":{}},{"key":"base$0$0","visitor":{"Program":{"enter":[null],"exit":[null]},"_exploded":true,"_verified":true},"options":{"avoidModernSyntax":true,"enforceStrictMode":false,"dynamicImport":true}},{"key":"transform-runtime","visitor":{"CallExpression":{"enter":[null]},"BinaryExpression":{"enter":[null]},"MemberExpression":{"enter":[null],"exit":[null]},"_exploded":true,"_verified":true,"Identifier":{"enter":[null]},"JSXIdentifier":{"enter":[null]}},"options":{"version":"7.12.5","helpers":true,"useESModules":false,"corejs":false}},{"key":"proposal-class-properties","visitor":{"PrivateName":{"enter":[null]},"ExportDefaultDeclaration":{"enter":[null]},"_exploded":true,"_verified":true,"ClassExpression":{"enter":[null]},"ClassDeclaration":{"enter":[null]}},"options":{"loose":true}},{"key":"base$0$3","visitor":{"FunctionExpression":{"exit":[null]},"_exploded":true,"_verified":true},"options":{}},{"key":"base$0$4","visitor":{"ForInStatement":{"enter":[null]},"_exploded":true,"_verified":true},"options":{}},{"key":"transform-react-jsx","visitor":{"_exploded":{},"_verified":{},"JSXNamespacedName":{"enter":[null]},"JSXSpreadChild":{"enter":[null]},"Program":{"enter":[null]},"JSXElement":{"exit":[null]},"JSXFragment":{"exit":[null]},"JSXAttribute":{"enter":[null]}},"options":{"pragma":"React.createElement","pragmaFrag":"React.Fragment","runtime":"classic","throwIfNamespace":true,"useBuiltIns":false}},{"key":"transform-react-display-name","visitor":{"ExportDefaultDeclaration":{"enter":[null]},"CallExpression":{"enter":[null]},"_exploded":true,"_verified":true},"options":{}},{"key":"transform-react-pure-annotations","visitor":{"CallExpression":{"enter":[null]},"_exploded":true,"_verified":true},"options":{}},{"key":"syntax-nullish-coalescing-operator","visitor":{"_exploded":true,"_verified":true},"options":{}},{"key":"proposal-nullish-coalescing-operator","visitor":{"_exploded":{},"_verified":{},"LogicalExpression":{"enter":[null]}},"options":{}},{"key":"syntax-optional-chaining","visitor":{"_exploded":true,"_verified":true},"options":{}},{"key":"proposal-optional-chaining","visitor":{"_exploded":{},"_verified":{},"OptionalCallExpression":{"enter":[null]},"OptionalMemberExpression":{"enter":[null]}},"options":{}},{"key":"syntax-optional-catch-binding","visitor":{"_exploded":true,"_verified":true},"options":{}},{"key":"proposal-optional-catch-binding","visitor":{"_exploded":{},"_verified":{},"CatchClause":{"enter":[null]}},"options":{}},{"key":"syntax-class-properties","visitor":{"_exploded":true,"_verified":true},"options":{}},{"key":"proposal-class-properties","visitor":{"PrivateName":{"enter":[null]},"ExportDefaultDeclaration":{"enter":[null]},"_exploded":true,"_verified":true,"ClassExpression":{"enter":[null]},"ClassDeclaration":{"enter":[null]}},"options":{}},{"key":"syntax-async-generators","visitor":{"_exploded":true,"_verified":true},"options":{}},{"key":"proposal-async-generator-functions","visitor":{"_exploded":{},"_verified":{},"Program":{"enter":[null]}},"options":{}},{"key":"syntax-object-rest-spread","visitor":{"_exploded":true,"_verified":true},"options":{}},{"key":"proposal-object-rest-spread","visitor":{"_exploded":{},"_verified":{},"VariableDeclarator":{"enter":[null]},"ExportNamedDeclaration":{"enter":[null]},"CatchClause":{"enter":[null]},"AssignmentExpression":{"enter":[null]},"ArrayPattern":{"enter":[null]},"ObjectExpression":{"enter":[null]},"FunctionDeclaration":{"enter":[null]},"FunctionExpression":{"enter":[null]},"ObjectMethod":{"enter":[null]},"ArrowFunctionExpression":{"enter":[null]},"ClassMethod":{"enter":[null]},"ClassPrivateMethod":{"enter":[null]},"ForInStatement":{"enter":[null]},"ForOfStatement":{"enter":[null]}},"options":{}},{"key":"transform-arrow-functions","visitor":{"ArrowFunctionExpression":{"enter":[null]},"_exploded":true,"_verified":true},"options":{}},{"key":"transform-block-scoped-functions","visitor":{"BlockStatement":{"enter":[null]},"SwitchCase":{"enter":[null]},"_exploded":true,"_verified":true},"options":{}},{"key":"transform-block-scoping","visitor":{"VariableDeclaration":{"enter":[null]},"CatchClause":{"enter":[null]},"_exploded":true,"BlockStatement":{"enter":[null]},"SwitchStatement":{"enter":[null]},"Program":{"enter":[null]},"_verified":true,"DoWhileStatement":{"enter":[null]},"ForInStatement":{"enter":[null]},"ForStatement":{"enter":[null]},"WhileStatement":{"enter":[null]},"ForOfStatement":{"enter":[null]}},"options":{}},{"key":"transform-classes","visitor":{"ExportDefaultDeclaration":{"enter":[null]},"ClassDeclaration":{"enter":[null]},"ClassExpression":{"enter":[null]},"_exploded":true,"_verified":true},"options":{"loose":true}},{"key":"transform-computed-properties","visitor":{"ObjectExpression":{"exit":[null]},"_exploded":true,"_verified":true},"options":{"loose":true}},{"key":"transform-destructuring","visitor":{"ExportNamedDeclaration":{"enter":[null]},"CatchClause":{"enter":[null]},"AssignmentExpression":{"enter":[null]},"VariableDeclaration":{"enter":[null]},"_exploded":true,"_verified":true,"ForInStatement":{"enter":[null]},"ForOfStatement":{"enter":[null]}},"options":{}},{"key":"transform-for-of","visitor":{"ForOfStatement":{"enter":[null]},"_exploded":true,"_verified":true},"options":{"loose":true}},{"key":"transform-literals","visitor":{"NumericLiteral":{"enter":[null]},"StringLiteral":{"enter":[null]},"_exploded":true,"_verified":true},"options":{}},{"key":"transform-object-super","visitor":{"ObjectExpression":{"enter":[null]},"_exploded":true,"_verified":true},"options":{}},{"key":"transform-parameters","visitor":{"_exploded":true,"_verified":true,"FunctionDeclaration":{"enter":[null]},"FunctionExpression":{"enter":[null]},"ObjectMethod":{"enter":[null]},"ArrowFunctionExpression":{"enter":[null]},"ClassMethod":{"enter":[null]},"ClassPrivateMethod":{"enter":[null]}},"options":{}},{"key":"transform-shorthand-properties","visitor":{"ObjectMethod":{"enter":[null]},"ObjectProperty":{"enter":[null]},"_exploded":true,"_verified":true},"options":{}},{"key":"transform-spread","visitor":{"ArrayExpression":{"enter":[null]},"CallExpression":{"enter":[null]},"NewExpression":{"enter":[null]},"_exploded":true,"_verified":true},"options":{}},{"key":"transform-sticky-regex","visitor":{"RegExpLiteral":{"enter":[null]},"_exploded":true,"_verified":true},"options":{}},{"key":"transform-template-literals","visitor":{"TaggedTemplateExpression":{"enter":[null]},"TemplateLiteral":{"enter":[null]},"_exploded":true,"_verified":true},"options":{"loose":true}},{"key":"transform-typeof-symbol","visitor":{"UnaryExpression":{"enter":[null]},"_exploded":true,"_verified":true,"BlockStatement":{"enter":[null]},"CatchClause":{"enter":[null]},"DoWhileStatement":{"enter":[null]},"ForInStatement":{"enter":[null]},"ForStatement":{"enter":[null]},"FunctionDeclaration":{"enter":[null]},"FunctionExpression":{"enter":[null]},"Program":{"enter":[null]},"ObjectMethod":{"enter":[null]},"SwitchStatement":{"enter":[null]},"WhileStatement":{"enter":[null]},"ArrowFunctionExpression":{"enter":[null]},"ClassExpression":{"enter":[null]},"ClassDeclaration":{"enter":[null]},"ForOfStatement":{"enter":[null]},"ClassMethod":{"enter":[null]},"ClassPrivateMethod":{"enter":[null]},"StaticBlock":{"enter":[null]},"TSModuleBlock":{"enter":[null]},"AssignmentPattern":{"enter":[null]},"ArrayPattern":{"enter":[null]},"ObjectPattern":{"enter":[null]}},"options":{}},{"key":"transform-unicode-regex","visitor":{"RegExpLiteral":{"enter":[null]},"_exploded":true,"_verified":true},"options":{}},{"key":"transform-property-literals","visitor":{"ObjectProperty":{"exit":[null]},"_exploded":true,"_verified":true},"options":{}},{"key":"transform-exponentiation-operator","visitor":{"AssignmentExpression":{"enter":[null]},"BinaryExpression":{"enter":[null]},"_exploded":true,"_verified":true},"options":{}},{"key":"regenerator-transform","visitor":{"_exploded":true,"_verified":true,"ObjectMethod":{"enter":[null],"exit":[null]},"ClassMethod":{"enter":[null],"exit":[null]},"ClassPrivateMethod":{"enter":[null],"exit":[null]},"FunctionDeclaration":{"exit":[null]},"FunctionExpression":{"exit":[null]},"ArrowFunctionExpression":{"exit":[null]}},"options":{}}],"presets":[],"generatorOpts":{"filename":"/Users/stefpop/Desktop/repos/withBrandon/crossling_reference/experiments/from-scratch/client/intro/Quiz_rtl.jsx","comments":true,"compact":false,"sourceMaps":true,"sourceFileName":"client/intro/Quiz_rtl.jsx"}},"code":"var _inheritsLoose;\n\nmodule.link(\"@babel/runtime/helpers/inheritsLoose\", {\n  default: function (v) {\n    _inheritsLoose = v;\n  }\n}, 0);\nmodule.export({\n  \"default\": function () {\n    return GroupQuiz;\n  }\n});\nvar React;\nmodule.link(\"react\", {\n  \"default\": function (v) {\n    React = v;\n  }\n}, 0);\nvar Centered, AlertToaster;\nmodule.link(\"meteor/empirica:core\", {\n  Centered: function (v) {\n    Centered = v;\n  },\n  AlertToaster: function (v) {\n    AlertToaster = v;\n  }\n}, 1);\nvar Radio, RadioGroup;\nmodule.link(\"@blueprintjs/core\", {\n  Radio: function (v) {\n    Radio = v;\n  },\n  RadioGroup: function (v) {\n    RadioGroup = v;\n  }\n}, 2);\nvar Checkbox;\nmodule.link(\"@blueprintjs/core\", {\n  Checkbox: function (v) {\n    Checkbox = v;\n  }\n}, 3);\nvar gameText;\nmodule.link(\"../gameText.js\", {\n  gameText: function (v) {\n    gameText = v;\n  }\n}, 4);\n\nvar GroupQuiz = /*#__PURE__*/function (_React$Component) {\n  _inheritsLoose(GroupQuiz, _React$Component);\n\n  function GroupQuiz() {\n    var _this;\n\n    for (var _len = arguments.length, args = new Array(_len), _key = 0; _key < _len; _key++) {\n      args[_key] = arguments[_key];\n    }\n\n    _this = _React$Component.call.apply(_React$Component, [this].concat(args)) || this;\n    _this.state = {\n      directorCanClick: \"\",\n      guesserWantsToClick: \"\",\n      targetRedCircle: \"\",\n      onlyDirector: \"\",\n      total72rounds: \"\",\n      sameLocations: \"\" // selectionControl: \"\",\n      // aftertask: \"\",\n      // chat: \"\"\n\n    };\n\n    _this.handleChange = function (event) {\n      var _this$setState;\n\n      var el = event.currentTarget;\n\n      _this.setState((_this$setState = {}, _this$setState[el.name] = el.value.trim().toLowerCase(), _this$setState));\n    };\n\n    _this.handleRadioChange = function (event) {\n      var _this$setState2;\n\n      var el = event.currentTarget;\n      console.log(\"el\", el);\n      console.log(\"ev\", event);\n\n      _this.setState((_this$setState2 = {}, _this$setState2[el.name] = el.value, _this$setState2));\n    };\n\n    _this.handleEnabledChange = function (event) {\n      var _this$setState3;\n\n      var el = event.currentTarget;\n\n      _this.setState((_this$setState3 = {}, _this$setState3[el.name] = !_this.state[el.name], _this$setState3));\n    };\n\n    _this.handleSubmit = function (event) {\n      event.preventDefault();\n      var game = _this.props.game;\n      var gameTextInLanguage = gameText.filter(function (row) {\n        return row.language == game.treatment.gameLanguage;\n      })[0]; //it should be this.state.nParticipants !== \"3\" but we don't have \"treatment\" in QUIZ\n\n      if (_this.state.directorCanClick !== \"false\" || _this.state.guesserWantsToClick !== \"true\" || _this.state.targetRedCircle !== \"false\" || _this.state.onlyDirector !== \"false\" || _this.state.total72rounds !== \"true\" || _this.state.sameLocations !== \"false\") {\n        AlertToaster.show({\n          message: gameTextInLanguage.QUIZ_MistakesMessage\n        });\n      } else {\n        _this.props.onNext();\n      }\n    };\n\n    return _this;\n  }\n\n  var _proto = GroupQuiz.prototype;\n\n  _proto.componentDidMount = function () {\n    function componentDidMount() {\n      var game = this.props.game;\n      document.querySelector(\"main\").scrollTo(0, 0);\n      this.state.num_players = game.treatment.playerCount;\n    }\n\n    return componentDidMount;\n  }();\n\n  _proto.render = function () {\n    function render() {\n      var _this$props = this.props,\n          hasPrev = _this$props.hasPrev,\n          onPrev = _this$props.onPrev,\n          game = _this$props.game,\n          treatment = _this$props.treatment;\n      var gameTextInLanguage = gameText.filter(function (row) {\n        return row.language == game.treatment.gameLanguage;\n      })[0];\n      return /*#__PURE__*/React.createElement(\"div\", {\n        style: {\n          textAlign: \"center\"\n        }\n      }, /*#__PURE__*/React.createElement(\"div\", {\n        className: \"quiz\"\n      }, /*#__PURE__*/React.createElement(\"h1\", {\n        className: \"bp3-heading\"\n      }, \" \", gameTextInLanguage.QUIZ_HeaderText, \" \"), /*#__PURE__*/React.createElement(\"form\", {\n        onSubmit: this.handleSubmit\n      }, /*#__PURE__*/React.createElement(\"div\", {\n        className: \"bp3-form-group\"\n      }, /*#__PURE__*/React.createElement(\"div\", {\n        className: \"bp3-form-content\"\n      }, /*#__PURE__*/React.createElement(\"div\", {\n        dir: \"rtl\"\n      }, gameTextInLanguage.QUIZ_Question1), /*#__PURE__*/React.createElement(RadioGroup, {\n        onChange: this.handleRadioChange,\n        selectedValue: this.state.directorCanClick,\n        name: \"directorCanClick\",\n        required: true\n      }, /*#__PURE__*/React.createElement(Radio, {\n        label: gameTextInLanguage.QUIZ_TrueButtonText,\n        value: \"true\"\n      }), /*#__PURE__*/React.createElement(Radio, {\n        label: gameTextInLanguage.QUIZ_FalseButtonText,\n        value: \"false\"\n      })))), /*#__PURE__*/React.createElement(\"div\", {\n        className: \"bp3-form-group\"\n      }, /*#__PURE__*/React.createElement(\"div\", {\n        className: \"bp3-form-content\"\n      }, /*#__PURE__*/React.createElement(\"div\", {\n        dir: \"rtl\"\n      }, gameTextInLanguage.QUIZ_Question2), /*#__PURE__*/React.createElement(RadioGroup, {\n        onChange: this.handleRadioChange,\n        selectedValue: this.state.guesserWantsToClick,\n        name: \"guesserWantsToClick\",\n        required: true\n      }, /*#__PURE__*/React.createElement(Radio, {\n        label: gameTextInLanguage.QUIZ_TrueButtonText,\n        value: \"true\"\n      }), /*#__PURE__*/React.createElement(Radio, {\n        label: gameTextInLanguage.QUIZ_FalseButtonText,\n        value: \"false\"\n      })))), /*#__PURE__*/React.createElement(\"div\", {\n        className: \"bp3-form-group\"\n      }, /*#__PURE__*/React.createElement(\"div\", {\n        className: \"bp3-form-content\"\n      }, /*#__PURE__*/React.createElement(\"div\", {\n        dir: \"rtl\"\n      }, gameTextInLanguage.QUIZ_Question3), /*#__PURE__*/React.createElement(RadioGroup, {\n        onChange: this.handleRadioChange,\n        selectedValue: this.state.targetRedCircle,\n        name: \"targetRedCircle\",\n        required: true\n      }, /*#__PURE__*/React.createElement(Radio, {\n        label: gameTextInLanguage.QUIZ_TrueButtonText,\n        value: \"true\"\n      }), /*#__PURE__*/React.createElement(Radio, {\n        label: gameTextInLanguage.QUIZ_FalseButtonText,\n        value: \"false\"\n      })))), /*#__PURE__*/React.createElement(\"div\", {\n        className: \"bp3-form-group\"\n      }, /*#__PURE__*/React.createElement(\"div\", {\n        className: \"bp3-form-content\"\n      }, /*#__PURE__*/React.createElement(\"div\", {\n        dir: \"rtl\"\n      }, gameTextInLanguage.QUIZ_Question4), /*#__PURE__*/React.createElement(RadioGroup, {\n        onChange: this.handleRadioChange,\n        selectedValue: this.state.onlyDirector,\n        name: \"onlyDirector\",\n        required: true\n      }, /*#__PURE__*/React.createElement(Radio, {\n        label: gameTextInLanguage.QUIZ_TrueButtonText,\n        value: \"true\"\n      }), /*#__PURE__*/React.createElement(Radio, {\n        label: gameTextInLanguage.QUIZ_FalseButtonText,\n        value: \"false\"\n      })))), /*#__PURE__*/React.createElement(\"div\", {\n        className: \"bp3-form-group\"\n      }, /*#__PURE__*/React.createElement(\"div\", {\n        className: \"bp3-form-content\"\n      }, /*#__PURE__*/React.createElement(\"div\", {\n        dir: \"rtl\"\n      }, gameTextInLanguage.QUIZ_Question5), /*#__PURE__*/React.createElement(RadioGroup, {\n        onChange: this.handleRadioChange,\n        selectedValue: this.state.total72rounds,\n        name: \"total72rounds\",\n        required: true\n      }, /*#__PURE__*/React.createElement(Radio, {\n        label: gameTextInLanguage.QUIZ_TrueButtonText,\n        value: \"true\"\n      }), /*#__PURE__*/React.createElement(Radio, {\n        label: gameTextInLanguage.QUIZ_FalseButtonText,\n        value: \"false\"\n      })))), /*#__PURE__*/React.createElement(\"div\", {\n        className: \"bp3-form-group\"\n      }, /*#__PURE__*/React.createElement(\"div\", {\n        className: \"bp3-form-content\"\n      }, /*#__PURE__*/React.createElement(\"div\", {\n        dir: \"rtl\"\n      }, gameTextInLanguage.QUIZ_Question6), /*#__PURE__*/React.createElement(RadioGroup, {\n        onChange: this.handleRadioChange,\n        selectedValue: this.state.sameLocations,\n        name: \"sameLocations\",\n        required: true\n      }, /*#__PURE__*/React.createElement(Radio, {\n        label: gameTextInLanguage.QUIZ_TrueButtonText,\n        value: \"true\"\n      }), /*#__PURE__*/React.createElement(Radio, {\n        label: gameTextInLanguage.QUIZ_FalseButtonText,\n        value: \"false\"\n      })))), /*#__PURE__*/React.createElement(\"div\", {\n        dir: \"rtl\"\n      }, /*#__PURE__*/React.createElement(\"button\", {\n        type: \"button\",\n        className: \"bp3-button bp3-intent-nope bp3-icon-double-chevron-left\",\n        onClick: onPrev,\n        disabled: !hasPrev\n      }, gameTextInLanguage.QUIZ_BackToInstructionsText), /*#__PURE__*/React.createElement(\"button\", {\n        type: \"submit\",\n        className: \"bp3-button bp3-intent-primary\"\n      }, gameTextInLanguage.QUIZ_StartGameText, /*#__PURE__*/React.createElement(\"span\", {\n        className: \"bp3-icon-standard bp3-icon-key-enter bp3-align-right\"\n      }))))));\n    }\n\n    return render;\n  }();\n\n  return GroupQuiz;\n}(React.Component);","map":{"version":3,"sources":["client/intro/Quiz_rtl.jsx"],"names":["_inheritsLoose","module","link","default","v","export","GroupQuiz","React","Centered","AlertToaster","Radio","RadioGroup","Checkbox","gameText","state","directorCanClick","guesserWantsToClick","targetRedCircle","onlyDirector","total72rounds","sameLocations","handleChange","event","el","currentTarget","setState","name","value","trim","toLowerCase","handleRadioChange","console","log","handleEnabledChange","handleSubmit","preventDefault","game","props","gameTextInLanguage","filter","row","language","treatment","gameLanguage","show","message","QUIZ_MistakesMessage","onNext","componentDidMount","document","querySelector","scrollTo","num_players","playerCount","render","hasPrev","onPrev","textAlign","QUIZ_HeaderText","QUIZ_Question1","QUIZ_TrueButtonText","QUIZ_FalseButtonText","QUIZ_Question2","QUIZ_Question3","QUIZ_Question4","QUIZ_Question5","QUIZ_Question6","QUIZ_BackToInstructionsText","QUIZ_StartGameText","Component"],"mappings":"AAAA,IAAIA,cAAJ;;AAAmBC,MAAM,CAACC,IAAP,CAAY,sCAAZ,EAAmD;AAACC,EAAAA,OAAO,EAAC,UAASC,CAAT,EAAW;AAACJ,IAAAA,cAAc,GAACI,CAAf;AAAiB;AAAtC,CAAnD,EAA2F,CAA3F;AAAnBH,MAAM,CAACI,MAAP,CAAc;AAAC,aAAQ,YAAU;AAAC,WAAOC,SAAP;AAAiB;AAArC,CAAd;AAAsD,IAAIC,KAAJ;AAAUN,MAAM,CAACC,IAAP,CAAY,OAAZ,EAAoB;AAAC,aAAQ,UAASE,CAAT,EAAW;AAACG,IAAAA,KAAK,GAACH,CAAN;AAAQ;AAA7B,CAApB,EAAmD,CAAnD;AAAsD,IAAII,QAAJ,EAAaC,YAAb;AAA0BR,MAAM,CAACC,IAAP,CAAY,sBAAZ,EAAmC;AAACM,EAAAA,QAAQ,EAAC,UAASJ,CAAT,EAAW;AAACI,IAAAA,QAAQ,GAACJ,CAAT;AAAW,GAAjC;AAAkCK,EAAAA,YAAY,EAAC,UAASL,CAAT,EAAW;AAACK,IAAAA,YAAY,GAACL,CAAb;AAAe;AAA1E,CAAnC,EAA+G,CAA/G;AAAkH,IAAIM,KAAJ,EAAUC,UAAV;AAAqBV,MAAM,CAACC,IAAP,CAAY,mBAAZ,EAAgC;AAACQ,EAAAA,KAAK,EAAC,UAASN,CAAT,EAAW;AAACM,IAAAA,KAAK,GAACN,CAAN;AAAQ,GAA3B;AAA4BO,EAAAA,UAAU,EAAC,UAASP,CAAT,EAAW;AAACO,IAAAA,UAAU,GAACP,CAAX;AAAa;AAAhE,CAAhC,EAAkG,CAAlG;AAAqG,IAAIQ,QAAJ;AAAaX,MAAM,CAACC,IAAP,CAAY,mBAAZ,EAAgC;AAACU,EAAAA,QAAQ,EAAC,UAASR,CAAT,EAAW;AAACQ,IAAAA,QAAQ,GAACR,CAAT;AAAW;AAAjC,CAAhC,EAAmE,CAAnE;AAAsE,IAAIS,QAAJ;AAAaZ,MAAM,CAACC,IAAP,CAAY,gBAAZ,EAA6B;AAACW,EAAAA,QAAQ,EAAC,UAAST,CAAT,EAAW;AAACS,IAAAA,QAAQ,GAACT,CAAT;AAAW;AAAjC,CAA7B,EAAgE,CAAhE;;IAUvcE,S;;;;;;;;;;;UACnBQ,K,GAAQ;AACNC,MAAAA,gBAAgB,EAAE,EADZ;AAENC,MAAAA,mBAAmB,EAAE,EAFf;AAGNC,MAAAA,eAAe,EAAE,EAHX;AAINC,MAAAA,YAAY,EAAE,EAJR;AAKNC,MAAAA,aAAa,EAAE,EALT;AAMNC,MAAAA,aAAa,EAAE,EANT,CAON;AACA;AACA;;AATM,K;;UAkBRC,Y,GAAe,UAACC,KAAD,EAAW;AAAA;;AACxB,UAAMC,EAAE,GAAGD,KAAK,CAACE,aAAjB;;AACA,YAAKC,QAAL,sCAAiBF,EAAE,CAACG,IAApB,IAA2BH,EAAE,CAACI,KAAH,CAASC,IAAT,GAAgBC,WAAhB,EAA3B;AACD,K;;UAEDC,iB,GAAoB,UAACR,KAAD,EAAW;AAAA;;AAC7B,UAAMC,EAAE,GAAGD,KAAK,CAACE,aAAjB;AACAO,MAAAA,OAAO,CAACC,GAAR,CAAY,IAAZ,EAAkBT,EAAlB;AACAQ,MAAAA,OAAO,CAACC,GAAR,CAAY,IAAZ,EAAkBV,KAAlB;;AACA,YAAKG,QAAL,wCAAiBF,EAAE,CAACG,IAApB,IAA2BH,EAAE,CAACI,KAA9B;AACD,K;;UAEDM,mB,GAAsB,UAACX,KAAD,EAAW;AAAA;;AAC/B,UAAMC,EAAE,GAAGD,KAAK,CAACE,aAAjB;;AACA,YAAKC,QAAL,wCAAiBF,EAAE,CAACG,IAApB,IAA2B,CAAC,MAAKZ,KAAL,CAAWS,EAAE,CAACG,IAAd,CAA5B;AACD,K;;UAEDQ,Y,GAAe,UAACZ,KAAD,EAAW;AACxBA,MAAAA,KAAK,CAACa,cAAN;AADwB,UAGhBC,IAHgB,GAGP,MAAKC,KAHE,CAGhBD,IAHgB;AAKxB,UAAME,kBAAkB,GAAGzB,QAAQ,CAAC0B,MAAT,CACzB,UAACC,GAAD;AAAA,eAASA,GAAG,CAACC,QAAJ,IAAgBL,IAAI,CAACM,SAAL,CAAeC,YAAxC;AAAA,OADyB,EAEzB,CAFyB,CAA3B,CALwB,CASxB;;AACA,UACE,MAAK7B,KAAL,CAAWC,gBAAX,KAAgC,OAAhC,IACA,MAAKD,KAAL,CAAWE,mBAAX,KAAmC,MADnC,IAEA,MAAKF,KAAL,CAAWG,eAAX,KAA+B,OAF/B,IAGA,MAAKH,KAAL,CAAWI,YAAX,KAA4B,OAH5B,IAIA,MAAKJ,KAAL,CAAWK,aAAX,KAA6B,MAJ7B,IAKA,MAAKL,KAAL,CAAWM,aAAX,KAA6B,OAN/B,EAOE;AACAX,QAAAA,YAAY,CAACmC,IAAb,CAAkB;AAChBC,UAAAA,OAAO,EAAEP,kBAAkB,CAACQ;AADZ,SAAlB;AAGD,OAXD,MAWO;AACL,cAAKT,KAAL,CAAWU,MAAX;AACD;AACF,K;;;;;;;SA/CDC,iB;AAAA,iCAAoB;AAAA,UACVZ,IADU,GACD,KAAKC,KADJ,CACVD,IADU;AAElBa,MAAAA,QAAQ,CAACC,aAAT,CAAuB,MAAvB,EAA+BC,QAA/B,CAAwC,CAAxC,EAA2C,CAA3C;AACA,WAAKrC,KAAL,CAAWsC,WAAX,GAAyBhB,IAAI,CAACM,SAAL,CAAeW,WAAxC;AACD;;;;;SA6CDC,M;AAAA,sBAAS;AAAA,wBACsC,KAAKjB,KAD3C;AAAA,UACCkB,OADD,eACCA,OADD;AAAA,UACUC,MADV,eACUA,MADV;AAAA,UACkBpB,IADlB,eACkBA,IADlB;AAAA,UACwBM,SADxB,eACwBA,SADxB;AAGP,UAAMJ,kBAAkB,GAAGzB,QAAQ,CAAC0B,MAAT,CACzB,UAACC,GAAD;AAAA,eAASA,GAAG,CAACC,QAAJ,IAAgBL,IAAI,CAACM,SAAL,CAAeC,YAAxC;AAAA,OADyB,EAEzB,CAFyB,CAA3B;AAIA,0BACE;AAAK,QAAA,KAAK,EAAE;AAAEc,UAAAA,SAAS,EAAE;AAAb;AAAZ,sBACE;AAAK,QAAA,SAAS,EAAC;AAAf,sBACE;AAAI,QAAA,SAAS,EAAE;AAAf,SACG,GADH,EAEGnB,kBAAkB,CAACoB,eAFtB,EAEuC,GAFvC,CADF,eAKE;AAAM,QAAA,QAAQ,EAAE,KAAKxB;AAArB,sBACE;AAAK,QAAA,SAAS,EAAC;AAAf,sBACE;AAAK,QAAA,SAAS,EAAC;AAAf,sBACE;AAAK,QAAA,GAAG,EAAC;AAAT,SAAgBI,kBAAkB,CAACqB,cAAnC,CADF,eAEE,oBAAC,UAAD;AACE,QAAA,QAAQ,EAAE,KAAK7B,iBADjB;AAEE,QAAA,aAAa,EAAE,KAAKhB,KAAL,CAAWC,gBAF5B;AAGE,QAAA,IAAI,EAAC,kBAHP;AAIE,QAAA,QAAQ;AAJV,sBAME,oBAAC,KAAD;AACE,QAAA,KAAK,EAAEuB,kBAAkB,CAACsB,mBAD5B;AAEE,QAAA,KAAK,EAAC;AAFR,QANF,eAUE,oBAAC,KAAD;AACE,QAAA,KAAK,EAAEtB,kBAAkB,CAACuB,oBAD5B;AAEE,QAAA,KAAK,EAAC;AAFR,QAVF,CAFF,CADF,CADF,eAsBE;AAAK,QAAA,SAAS,EAAC;AAAf,sBACE;AAAK,QAAA,SAAS,EAAC;AAAf,sBACE;AAAK,QAAA,GAAG,EAAC;AAAT,SAAgBvB,kBAAkB,CAACwB,cAAnC,CADF,eAEE,oBAAC,UAAD;AACE,QAAA,QAAQ,EAAE,KAAKhC,iBADjB;AAEE,QAAA,aAAa,EAAE,KAAKhB,KAAL,CAAWE,mBAF5B;AAGE,QAAA,IAAI,EAAC,qBAHP;AAIE,QAAA,QAAQ;AAJV,sBAME,oBAAC,KAAD;AACE,QAAA,KAAK,EAAEsB,kBAAkB,CAACsB,mBAD5B;AAEE,QAAA,KAAK,EAAC;AAFR,QANF,eAUE,oBAAC,KAAD;AACE,QAAA,KAAK,EAAEtB,kBAAkB,CAACuB,oBAD5B;AAEE,QAAA,KAAK,EAAC;AAFR,QAVF,CAFF,CADF,CAtBF,eA2CE;AAAK,QAAA,SAAS,EAAC;AAAf,sBACE;AAAK,QAAA,SAAS,EAAC;AAAf,sBACE;AAAK,QAAA,GAAG,EAAC;AAAT,SAAgBvB,kBAAkB,CAACyB,cAAnC,CADF,eAEE,oBAAC,UAAD;AACE,QAAA,QAAQ,EAAE,KAAKjC,iBADjB;AAEE,QAAA,aAAa,EAAE,KAAKhB,KAAL,CAAWG,eAF5B;AAGE,QAAA,IAAI,EAAC,iBAHP;AAIE,QAAA,QAAQ;AAJV,sBAME,oBAAC,KAAD;AACE,QAAA,KAAK,EAAEqB,kBAAkB,CAACsB,mBAD5B;AAEE,QAAA,KAAK,EAAC;AAFR,QANF,eAUE,oBAAC,KAAD;AACE,QAAA,KAAK,EAAEtB,kBAAkB,CAACuB,oBAD5B;AAEE,QAAA,KAAK,EAAC;AAFR,QAVF,CAFF,CADF,CA3CF,eAgEE;AAAK,QAAA,SAAS,EAAC;AAAf,sBACE;AAAK,QAAA,SAAS,EAAC;AAAf,sBACE;AAAK,QAAA,GAAG,EAAC;AAAT,SAAgBvB,kBAAkB,CAAC0B,cAAnC,CADF,eAEE,oBAAC,UAAD;AACE,QAAA,QAAQ,EAAE,KAAKlC,iBADjB;AAEE,QAAA,aAAa,EAAE,KAAKhB,KAAL,CAAWI,YAF5B;AAGE,QAAA,IAAI,EAAC,cAHP;AAIE,QAAA,QAAQ;AAJV,sBAME,oBAAC,KAAD;AACE,QAAA,KAAK,EAAEoB,kBAAkB,CAACsB,mBAD5B;AAEE,QAAA,KAAK,EAAC;AAFR,QANF,eAUE,oBAAC,KAAD;AACE,QAAA,KAAK,EAAEtB,kBAAkB,CAACuB,oBAD5B;AAEE,QAAA,KAAK,EAAC;AAFR,QAVF,CAFF,CADF,CAhEF,eAqFE;AAAK,QAAA,SAAS,EAAC;AAAf,sBACE;AAAK,QAAA,SAAS,EAAC;AAAf,sBACE;AAAK,QAAA,GAAG,EAAC;AAAT,SAAgBvB,kBAAkB,CAAC2B,cAAnC,CADF,eAEE,oBAAC,UAAD;AACE,QAAA,QAAQ,EAAE,KAAKnC,iBADjB;AAEE,QAAA,aAAa,EAAE,KAAKhB,KAAL,CAAWK,aAF5B;AAGE,QAAA,IAAI,EAAC,eAHP;AAIE,QAAA,QAAQ;AAJV,sBAME,oBAAC,KAAD;AACE,QAAA,KAAK,EAAEmB,kBAAkB,CAACsB,mBAD5B;AAEE,QAAA,KAAK,EAAC;AAFR,QANF,eAUE,oBAAC,KAAD;AACE,QAAA,KAAK,EAAEtB,kBAAkB,CAACuB,oBAD5B;AAEE,QAAA,KAAK,EAAC;AAFR,QAVF,CAFF,CADF,CArFF,eA0GE;AAAK,QAAA,SAAS,EAAC;AAAf,sBACE;AAAK,QAAA,SAAS,EAAC;AAAf,sBACE;AAAK,QAAA,GAAG,EAAC;AAAT,SAAgBvB,kBAAkB,CAAC4B,cAAnC,CADF,eAEE,oBAAC,UAAD;AACE,QAAA,QAAQ,EAAE,KAAKpC,iBADjB;AAEE,QAAA,aAAa,EAAE,KAAKhB,KAAL,CAAWM,aAF5B;AAGE,QAAA,IAAI,EAAC,eAHP;AAIE,QAAA,QAAQ;AAJV,sBAME,oBAAC,KAAD;AACE,QAAA,KAAK,EAAEkB,kBAAkB,CAACsB,mBAD5B;AAEE,QAAA,KAAK,EAAC;AAFR,QANF,eAUE,oBAAC,KAAD;AACE,QAAA,KAAK,EAAEtB,kBAAkB,CAACuB,oBAD5B;AAEE,QAAA,KAAK,EAAC;AAFR,QAVF,CAFF,CADF,CA1GF,eA8HE;AAAK,QAAA,GAAG,EAAC;AAAT,sBACE;AACE,QAAA,IAAI,EAAC,QADP;AAEE,QAAA,SAAS,EAAC,yDAFZ;AAGE,QAAA,OAAO,EAAEL,MAHX;AAIE,QAAA,QAAQ,EAAE,CAACD;AAJb,SAMGjB,kBAAkB,CAAC6B,2BANtB,CADF,eASE;AAAQ,QAAA,IAAI,EAAC,QAAb;AAAsB,QAAA,SAAS,EAAC;AAAhC,SACG7B,kBAAkB,CAAC8B,kBADtB,eAEE;AAAM,QAAA,SAAS,EAAC;AAAhB,QAFF,CATF,CA9HF,CALF,CADF,CADF;AAuJD;;;;;;EA5NoC7D,KAAK,CAAC8D,S","sourcesContent":["import React from \"react\";\n\nimport { Centered, AlertToaster } from \"meteor/empirica:core\";\n\nimport { Radio, RadioGroup } from \"@blueprintjs/core\";\n\nimport { Checkbox } from \"@blueprintjs/core\";\n\nimport { gameText } from \"../gameText.js\";\n\nexport default class GroupQuiz extends React.Component {\n  state = {\n    directorCanClick: \"\",\n    guesserWantsToClick: \"\",\n    targetRedCircle: \"\",\n    onlyDirector: \"\",\n    total72rounds: \"\",\n    sameLocations: \"\",\n    // selectionControl: \"\",\n    // aftertask: \"\",\n    // chat: \"\"\n  };\n\n  componentDidMount() {\n    const { game } = this.props;\n    document.querySelector(\"main\").scrollTo(0, 0);\n    this.state.num_players = game.treatment.playerCount;\n  }\n\n  handleChange = (event) => {\n    const el = event.currentTarget;\n    this.setState({ [el.name]: el.value.trim().toLowerCase() });\n  };\n\n  handleRadioChange = (event) => {\n    const el = event.currentTarget;\n    console.log(\"el\", el);\n    console.log(\"ev\", event);\n    this.setState({ [el.name]: el.value });\n  };\n\n  handleEnabledChange = (event) => {\n    const el = event.currentTarget;\n    this.setState({ [el.name]: !this.state[el.name] });\n  };\n\n  handleSubmit = (event) => {\n    event.preventDefault();\n\n    const { game } = this.props;\n\n    const gameTextInLanguage = gameText.filter(\n      (row) => row.language == game.treatment.gameLanguage\n    )[0];\n\n    //it should be this.state.nParticipants !== \"3\" but we don't have \"treatment\" in QUIZ\n    if (\n      this.state.directorCanClick !== \"false\" ||\n      this.state.guesserWantsToClick !== \"true\" ||\n      this.state.targetRedCircle !== \"false\" ||\n      this.state.onlyDirector !== \"false\" ||\n      this.state.total72rounds !== \"true\" ||\n      this.state.sameLocations !== \"false\"\n    ) {\n      AlertToaster.show({\n        message: gameTextInLanguage.QUIZ_MistakesMessage,\n      });\n    } else {\n      this.props.onNext();\n    }\n  };\n\n  render() {\n    const { hasPrev, onPrev, game, treatment } = this.props;\n\n    const gameTextInLanguage = gameText.filter(\n      (row) => row.language == game.treatment.gameLanguage\n    )[0];\n\n    return (\n      <div style={{ textAlign: \"center\" }}>\n        <div className=\"quiz\">\n          <h1 className={\"bp3-heading\"}>\n            {\" \"}\n            {gameTextInLanguage.QUIZ_HeaderText}{\" \"}\n          </h1>\n          <form onSubmit={this.handleSubmit}>\n            <div className=\"bp3-form-group\">\n              <div className=\"bp3-form-content\">\n                <div dir=\"rtl\">{gameTextInLanguage.QUIZ_Question1}</div>\n                <RadioGroup\n                  onChange={this.handleRadioChange}\n                  selectedValue={this.state.directorCanClick}\n                  name=\"directorCanClick\"\n                  required\n                >\n                  <Radio\n                    label={gameTextInLanguage.QUIZ_TrueButtonText}\n                    value=\"true\"\n                  />\n                  <Radio\n                    label={gameTextInLanguage.QUIZ_FalseButtonText}\n                    value=\"false\"\n                  />\n                </RadioGroup>\n              </div>\n            </div>\n\n            <div className=\"bp3-form-group\">\n              <div className=\"bp3-form-content\">\n                <div dir=\"rtl\">{gameTextInLanguage.QUIZ_Question2}</div>\n                <RadioGroup\n                  onChange={this.handleRadioChange}\n                  selectedValue={this.state.guesserWantsToClick}\n                  name=\"guesserWantsToClick\"\n                  required\n                >\n                  <Radio\n                    label={gameTextInLanguage.QUIZ_TrueButtonText}\n                    value=\"true\"\n                  />\n                  <Radio\n                    label={gameTextInLanguage.QUIZ_FalseButtonText}\n                    value=\"false\"\n                  />\n                </RadioGroup>\n              </div>\n            </div>\n\n            <div className=\"bp3-form-group\">\n              <div className=\"bp3-form-content\">\n                <div dir=\"rtl\">{gameTextInLanguage.QUIZ_Question3}</div>\n                <RadioGroup\n                  onChange={this.handleRadioChange}\n                  selectedValue={this.state.targetRedCircle}\n                  name=\"targetRedCircle\"\n                  required\n                >\n                  <Radio\n                    label={gameTextInLanguage.QUIZ_TrueButtonText}\n                    value=\"true\"\n                  />\n                  <Radio\n                    label={gameTextInLanguage.QUIZ_FalseButtonText}\n                    value=\"false\"\n                  />\n                </RadioGroup>\n              </div>\n            </div>\n\n            <div className=\"bp3-form-group\">\n              <div className=\"bp3-form-content\">\n                <div dir=\"rtl\">{gameTextInLanguage.QUIZ_Question4}</div>\n                <RadioGroup\n                  onChange={this.handleRadioChange}\n                  selectedValue={this.state.onlyDirector}\n                  name=\"onlyDirector\"\n                  required\n                >\n                  <Radio\n                    label={gameTextInLanguage.QUIZ_TrueButtonText}\n                    value=\"true\"\n                  />\n                  <Radio\n                    label={gameTextInLanguage.QUIZ_FalseButtonText}\n                    value=\"false\"\n                  />\n                </RadioGroup>\n              </div>\n            </div>\n\n            <div className=\"bp3-form-group\">\n              <div className=\"bp3-form-content\">\n                <div dir=\"rtl\">{gameTextInLanguage.QUIZ_Question5}</div>\n                <RadioGroup\n                  onChange={this.handleRadioChange}\n                  selectedValue={this.state.total72rounds}\n                  name=\"total72rounds\"\n                  required\n                >\n                  <Radio\n                    label={gameTextInLanguage.QUIZ_TrueButtonText}\n                    value=\"true\"\n                  />\n                  <Radio\n                    label={gameTextInLanguage.QUIZ_FalseButtonText}\n                    value=\"false\"\n                  />\n                </RadioGroup>\n              </div>\n            </div>\n\n            <div className=\"bp3-form-group\">\n              <div className=\"bp3-form-content\">\n                <div dir=\"rtl\">{gameTextInLanguage.QUIZ_Question6}</div>\n                <RadioGroup\n                  onChange={this.handleRadioChange}\n                  selectedValue={this.state.sameLocations}\n                  name=\"sameLocations\"\n                  required\n                >\n                  <Radio\n                    label={gameTextInLanguage.QUIZ_TrueButtonText}\n                    value=\"true\"\n                  />\n                  <Radio\n                    label={gameTextInLanguage.QUIZ_FalseButtonText}\n                    value=\"false\"\n                  />\n                </RadioGroup>\n              </div>\n            </div>\n            <div dir=\"rtl\">\n              <button\n                type=\"button\"\n                className=\"bp3-button bp3-intent-nope bp3-icon-double-chevron-left\"\n                onClick={onPrev}\n                disabled={!hasPrev}\n              >\n                {gameTextInLanguage.QUIZ_BackToInstructionsText}\n              </button>\n              <button type=\"submit\" className=\"bp3-button bp3-intent-primary\">\n                {gameTextInLanguage.QUIZ_StartGameText}\n                <span className=\"bp3-icon-standard bp3-icon-key-enter bp3-align-right\" />\n              </button>\n            </div>\n          </form>\n        </div>\n      </div>\n    );\n  }\n}\n"]},"sourceType":"module","hash":"ee3df2e9c6cc90d41a92f716a839c804735cfc3a"}
