{"metadata":{},"options":{"compact":false,"sourceMaps":true,"ast":true,"babelrc":false,"configFile":false,"parserOpts":{"sourceType":"module","sourceFileName":"/Users/stefpop/Desktop/repos/withBrandon/crossling_reference/experiments/from-scratch/packages/empirica:core/ui/containers/admin/AdminBatchGamesContainer.jsx","plugins":["*","flow","jsx","asyncGenerators","bigInt","classPrivateMethods","classPrivateProperties","classProperties","doExpressions","dynamicImport","exportDefaultFrom","exportExtensions","exportNamespaceFrom","functionBind","functionSent","importMeta","nullishCoalescingOperator","numericSeparator","objectRestSpread","optionalCatchBinding","optionalChaining",["pipelineOperator",{"proposal":"minimal"}],"throwExpressions","classProperties","classPrivateProperties","jsx","nullishCoalescingOperator","nullishCoalescingOperator","optionalChaining","optionalChaining","optionalCatchBinding","optionalCatchBinding","classProperties","classPrivateProperties","classPrivateMethods","classProperties","classPrivateProperties","asyncGenerators","asyncGenerators","objectRestSpread","objectRestSpread"],"allowImportExportEverywhere":true,"allowReturnOutsideFunction":true,"allowUndeclaredExports":true,"strictMode":false},"caller":{"name":"meteor","arch":"web.browser.legacy"},"sourceFileName":"packages/empirica:core/ui/containers/admin/AdminBatchGamesContainer.jsx","filename":"/Users/stefpop/Desktop/repos/withBrandon/crossling_reference/experiments/from-scratch/packages/empirica:core/ui/containers/admin/AdminBatchGamesContainer.jsx","cloneInputAst":true,"passPerPreset":false,"envName":"development","cwd":"/Users/stefpop/Desktop/repos/withBrandon/crossling_reference/experiments/from-scratch","root":"/Users/stefpop/Desktop/repos/withBrandon/crossling_reference/experiments/from-scratch","plugins":[{"key":"base$0","visitor":{"_exploded":true,"_verified":true},"options":{}},{"key":"base$0$0","visitor":{"Program":{"enter":[null],"exit":[null]},"_exploded":true,"_verified":true},"options":{"avoidModernSyntax":true,"enforceStrictMode":false,"dynamicImport":true}},{"key":"transform-runtime","visitor":{"CallExpression":{"enter":[null]},"BinaryExpression":{"enter":[null]},"MemberExpression":{"enter":[null],"exit":[null]},"_exploded":true,"_verified":true,"Identifier":{"enter":[null]},"JSXIdentifier":{"enter":[null]}},"options":{"version":"7.12.5","helpers":true,"useESModules":false,"corejs":false}},{"key":"proposal-class-properties","visitor":{"PrivateName":{"enter":[null]},"ExportDefaultDeclaration":{"enter":[null]},"_exploded":true,"_verified":true,"ClassExpression":{"enter":[null]},"ClassDeclaration":{"enter":[null]}},"options":{"loose":true}},{"key":"base$0$3","visitor":{"FunctionExpression":{"exit":[null]},"_exploded":true,"_verified":true},"options":{}},{"key":"base$0$4","visitor":{"ForInStatement":{"enter":[null]},"_exploded":true,"_verified":true},"options":{}},{"key":"transform-react-jsx","visitor":{"_exploded":{},"_verified":{},"JSXNamespacedName":{"enter":[null]},"JSXSpreadChild":{"enter":[null]},"Program":{"enter":[null]},"JSXElement":{"exit":[null]},"JSXFragment":{"exit":[null]},"JSXAttribute":{"enter":[null]}},"options":{"pragma":"React.createElement","pragmaFrag":"React.Fragment","runtime":"classic","throwIfNamespace":true,"useBuiltIns":false}},{"key":"transform-react-display-name","visitor":{"ExportDefaultDeclaration":{"enter":[null]},"CallExpression":{"enter":[null]},"_exploded":true,"_verified":true},"options":{}},{"key":"transform-react-pure-annotations","visitor":{"CallExpression":{"enter":[null]},"_exploded":true,"_verified":true},"options":{}},{"key":"syntax-nullish-coalescing-operator","visitor":{"_exploded":true,"_verified":true},"options":{}},{"key":"proposal-nullish-coalescing-operator","visitor":{"_exploded":{},"_verified":{},"LogicalExpression":{"enter":[null]}},"options":{}},{"key":"syntax-optional-chaining","visitor":{"_exploded":true,"_verified":true},"options":{}},{"key":"proposal-optional-chaining","visitor":{"_exploded":{},"_verified":{},"OptionalCallExpression":{"enter":[null]},"OptionalMemberExpression":{"enter":[null]}},"options":{}},{"key":"syntax-optional-catch-binding","visitor":{"_exploded":true,"_verified":true},"options":{}},{"key":"proposal-optional-catch-binding","visitor":{"_exploded":{},"_verified":{},"CatchClause":{"enter":[null]}},"options":{}},{"key":"syntax-class-properties","visitor":{"_exploded":true,"_verified":true},"options":{}},{"key":"proposal-class-properties","visitor":{"PrivateName":{"enter":[null]},"ExportDefaultDeclaration":{"enter":[null]},"_exploded":true,"_verified":true,"ClassExpression":{"enter":[null]},"ClassDeclaration":{"enter":[null]}},"options":{}},{"key":"syntax-async-generators","visitor":{"_exploded":true,"_verified":true},"options":{}},{"key":"proposal-async-generator-functions","visitor":{"_exploded":{},"_verified":{},"Program":{"enter":[null]}},"options":{}},{"key":"syntax-object-rest-spread","visitor":{"_exploded":true,"_verified":true},"options":{}},{"key":"proposal-object-rest-spread","visitor":{"_exploded":{},"_verified":{},"VariableDeclarator":{"enter":[null]},"ExportNamedDeclaration":{"enter":[null]},"CatchClause":{"enter":[null]},"AssignmentExpression":{"enter":[null]},"ArrayPattern":{"enter":[null]},"ObjectExpression":{"enter":[null]},"FunctionDeclaration":{"enter":[null]},"FunctionExpression":{"enter":[null]},"ObjectMethod":{"enter":[null]},"ArrowFunctionExpression":{"enter":[null]},"ClassMethod":{"enter":[null]},"ClassPrivateMethod":{"enter":[null]},"ForInStatement":{"enter":[null]},"ForOfStatement":{"enter":[null]}},"options":{}},{"key":"transform-arrow-functions","visitor":{"ArrowFunctionExpression":{"enter":[null]},"_exploded":true,"_verified":true},"options":{}},{"key":"transform-block-scoped-functions","visitor":{"BlockStatement":{"enter":[null]},"SwitchCase":{"enter":[null]},"_exploded":true,"_verified":true},"options":{}},{"key":"transform-block-scoping","visitor":{"VariableDeclaration":{"enter":[null]},"CatchClause":{"enter":[null]},"_exploded":true,"BlockStatement":{"enter":[null]},"SwitchStatement":{"enter":[null]},"Program":{"enter":[null]},"_verified":true,"DoWhileStatement":{"enter":[null]},"ForInStatement":{"enter":[null]},"ForStatement":{"enter":[null]},"WhileStatement":{"enter":[null]},"ForOfStatement":{"enter":[null]}},"options":{}},{"key":"transform-classes","visitor":{"ExportDefaultDeclaration":{"enter":[null]},"ClassDeclaration":{"enter":[null]},"ClassExpression":{"enter":[null]},"_exploded":true,"_verified":true},"options":{"loose":true}},{"key":"transform-computed-properties","visitor":{"ObjectExpression":{"exit":[null]},"_exploded":true,"_verified":true},"options":{"loose":true}},{"key":"transform-destructuring","visitor":{"ExportNamedDeclaration":{"enter":[null]},"CatchClause":{"enter":[null]},"AssignmentExpression":{"enter":[null]},"VariableDeclaration":{"enter":[null]},"_exploded":true,"_verified":true,"ForInStatement":{"enter":[null]},"ForOfStatement":{"enter":[null]}},"options":{}},{"key":"transform-for-of","visitor":{"ForOfStatement":{"enter":[null]},"_exploded":true,"_verified":true},"options":{"loose":true}},{"key":"transform-literals","visitor":{"NumericLiteral":{"enter":[null]},"StringLiteral":{"enter":[null]},"_exploded":true,"_verified":true},"options":{}},{"key":"transform-object-super","visitor":{"ObjectExpression":{"enter":[null]},"_exploded":true,"_verified":true},"options":{}},{"key":"transform-parameters","visitor":{"_exploded":true,"_verified":true,"FunctionDeclaration":{"enter":[null]},"FunctionExpression":{"enter":[null]},"ObjectMethod":{"enter":[null]},"ArrowFunctionExpression":{"enter":[null]},"ClassMethod":{"enter":[null]},"ClassPrivateMethod":{"enter":[null]}},"options":{}},{"key":"transform-shorthand-properties","visitor":{"ObjectMethod":{"enter":[null]},"ObjectProperty":{"enter":[null]},"_exploded":true,"_verified":true},"options":{}},{"key":"transform-spread","visitor":{"ArrayExpression":{"enter":[null]},"CallExpression":{"enter":[null]},"NewExpression":{"enter":[null]},"_exploded":true,"_verified":true},"options":{}},{"key":"transform-sticky-regex","visitor":{"RegExpLiteral":{"enter":[null]},"_exploded":true,"_verified":true},"options":{}},{"key":"transform-template-literals","visitor":{"TaggedTemplateExpression":{"enter":[null]},"TemplateLiteral":{"enter":[null]},"_exploded":true,"_verified":true},"options":{"loose":true}},{"key":"transform-typeof-symbol","visitor":{"UnaryExpression":{"enter":[null]},"_exploded":true,"_verified":true,"BlockStatement":{"enter":[null]},"CatchClause":{"enter":[null]},"DoWhileStatement":{"enter":[null]},"ForInStatement":{"enter":[null]},"ForStatement":{"enter":[null]},"FunctionDeclaration":{"enter":[null]},"FunctionExpression":{"enter":[null]},"Program":{"enter":[null]},"ObjectMethod":{"enter":[null]},"SwitchStatement":{"enter":[null]},"WhileStatement":{"enter":[null]},"ArrowFunctionExpression":{"enter":[null]},"ClassExpression":{"enter":[null]},"ClassDeclaration":{"enter":[null]},"ForOfStatement":{"enter":[null]},"ClassMethod":{"enter":[null]},"ClassPrivateMethod":{"enter":[null]},"StaticBlock":{"enter":[null]},"TSModuleBlock":{"enter":[null]},"AssignmentPattern":{"enter":[null]},"ArrayPattern":{"enter":[null]},"ObjectPattern":{"enter":[null]}},"options":{}},{"key":"transform-unicode-regex","visitor":{"RegExpLiteral":{"enter":[null]},"_exploded":true,"_verified":true},"options":{}},{"key":"transform-property-literals","visitor":{"ObjectProperty":{"exit":[null]},"_exploded":true,"_verified":true},"options":{}},{"key":"transform-exponentiation-operator","visitor":{"AssignmentExpression":{"enter":[null]},"BinaryExpression":{"enter":[null]},"_exploded":true,"_verified":true},"options":{}},{"key":"regenerator-transform","visitor":{"_exploded":true,"_verified":true,"ObjectMethod":{"enter":[null],"exit":[null]},"ClassMethod":{"enter":[null],"exit":[null]},"ClassPrivateMethod":{"enter":[null],"exit":[null]},"FunctionDeclaration":{"exit":[null]},"FunctionExpression":{"exit":[null]},"ArrowFunctionExpression":{"exit":[null]}},"options":{}}],"presets":[],"generatorOpts":{"filename":"/Users/stefpop/Desktop/repos/withBrandon/crossling_reference/experiments/from-scratch/packages/empirica:core/ui/containers/admin/AdminBatchGamesContainer.jsx","comments":true,"compact":false,"sourceMaps":true,"sourceFileName":"packages/empirica:core/ui/containers/admin/AdminBatchGamesContainer.jsx"}},"code":"var _objectSpread;\n\nmodule.link(\"@babel/runtime/helpers/objectSpread2\", {\n  default: function (v) {\n    _objectSpread = v;\n  }\n}, 0);\nvar withTracker;\nmodule.link(\"meteor/react-meteor-data\", {\n  withTracker: function (v) {\n    withTracker = v;\n  }\n}, 0);\nvar GameLobbies;\nmodule.link(\"../../../api/game-lobbies/game-lobbies\", {\n  GameLobbies: function (v) {\n    GameLobbies = v;\n  }\n}, 1);\nvar Games;\nmodule.link(\"../../../api/games/games\", {\n  Games: function (v) {\n    Games = v;\n  }\n}, 2);\nvar AdminBatchGames;\nmodule.link(\"../../components/admin/AdminBatchGames\", {\n  \"default\": function (v) {\n    AdminBatchGames = v;\n  }\n}, 3);\nmodule.exportDefault(withTracker(function (props) {\n  var batchId = props.batchId;\n  var batchLoading = !Meteor.subscribe(\"admin-batch\", {\n    batchId: batchId\n  }).ready();\n  return _objectSpread({\n    loading: batchLoading,\n    games: Games.find({\n      batchId: batchId\n    }).fetch(),\n    gameLobbies: GameLobbies.find({\n      batchId: batchId\n    }).fetch()\n  }, props);\n})(AdminBatchGames));","map":{"version":3,"sources":["packages/empirica:core/ui/containers/admin/AdminBatchGamesContainer.jsx"],"names":["_objectSpread","module","link","default","v","withTracker","GameLobbies","Games","AdminBatchGames","exportDefault","props","batchId","batchLoading","Meteor","subscribe","ready","loading","games","find","fetch","gameLobbies"],"mappings":"AAAA,IAAIA,aAAJ;;AAAkBC,MAAM,CAACC,IAAP,CAAY,sCAAZ,EAAmD;AAACC,EAAAA,OAAO,EAAC,UAASC,CAAT,EAAW;AAACJ,IAAAA,aAAa,GAACI,CAAd;AAAgB;AAArC,CAAnD,EAA0F,CAA1F;AAAlB,IAAIC,WAAJ;AAAgBJ,MAAM,CAACC,IAAP,CAAY,0BAAZ,EAAuC;AAACG,EAAAA,WAAW,EAAC,UAASD,CAAT,EAAW;AAACC,IAAAA,WAAW,GAACD,CAAZ;AAAc;AAAvC,CAAvC,EAAgF,CAAhF;AAAmF,IAAIE,WAAJ;AAAgBL,MAAM,CAACC,IAAP,CAAY,wCAAZ,EAAqD;AAACI,EAAAA,WAAW,EAAC,UAASF,CAAT,EAAW;AAACE,IAAAA,WAAW,GAACF,CAAZ;AAAc;AAAvC,CAArD,EAA8F,CAA9F;AAAiG,IAAIG,KAAJ;AAAUN,MAAM,CAACC,IAAP,CAAY,0BAAZ,EAAuC;AAACK,EAAAA,KAAK,EAAC,UAASH,CAAT,EAAW;AAACG,IAAAA,KAAK,GAACH,CAAN;AAAQ;AAA3B,CAAvC,EAAoE,CAApE;AAAuE,IAAII,eAAJ;AAAoBP,MAAM,CAACC,IAAP,CAAY,wCAAZ,EAAqD;AAAC,aAAQ,UAASE,CAAT,EAAW;AAACI,IAAAA,eAAe,GAACJ,CAAhB;AAAkB;AAAvC,CAArD,EAA8F,CAA9F;AAAzTH,MAAM,CAACQ,aAAP,CAKeJ,WAAW,CAAC,UAAAK,KAAK,EAAI;AAAA,MAC1BC,OAD0B,GACdD,KADc,CAC1BC,OAD0B;AAElC,MAAMC,YAAY,GAAG,CAACC,MAAM,CAACC,SAAP,CAAiB,aAAjB,EAAgC;AACpDH,IAAAA,OAAO,EAAPA;AADoD,GAAhC,EAEnBI,KAFmB,EAAtB;AAIA;AACEC,IAAAA,OAAO,EAAEJ,YADX;AAEEK,IAAAA,KAAK,EAAEV,KAAK,CAACW,IAAN,CAAW;AAAEP,MAAAA,OAAO,EAAPA;AAAF,KAAX,EAAwBQ,KAAxB,EAFT;AAGEC,IAAAA,WAAW,EAAEd,WAAW,CAACY,IAAZ,CAAiB;AAAEP,MAAAA,OAAO,EAAPA;AAAF,KAAjB,EAA8BQ,KAA9B;AAHf,KAIKT,KAJL;AAMD,CAZyB,CAAX,CAYZF,eAZY,CALf","sourcesContent":["import { withTracker } from \"meteor/react-meteor-data\";\nimport { GameLobbies } from \"../../../api/game-lobbies/game-lobbies\";\nimport { Games } from \"../../../api/games/games\";\nimport AdminBatchGames from \"../../components/admin/AdminBatchGames\";\n\nexport default withTracker(props => {\n  const { batchId } = props;\n  const batchLoading = !Meteor.subscribe(\"admin-batch\", {\n    batchId\n  }).ready();\n\n  return {\n    loading: batchLoading,\n    games: Games.find({ batchId }).fetch(),\n    gameLobbies: GameLobbies.find({ batchId }).fetch(),\n    ...props\n  };\n})(AdminBatchGames);\n"]},"sourceType":"module","hash":"f34d1ba96183940f00fea8e53982d9ef2152eff7"}
