{"metadata":{},"options":{"compact":false,"sourceMaps":true,"ast":true,"babelrc":false,"configFile":false,"parserOpts":{"sourceType":"module","sourceFileName":"/Users/stefpop/Desktop/repos/withBrandon/crossling_reference/experiments/from-scratch/packages/aldeed:schema-index/server.js","plugins":["*","flow","jsx","asyncGenerators","bigInt","classPrivateMethods","classPrivateProperties","classProperties","doExpressions","dynamicImport","exportDefaultFrom","exportExtensions","exportNamespaceFrom","functionBind","functionSent","importMeta","nullishCoalescingOperator","numericSeparator","objectRestSpread","optionalCatchBinding","optionalChaining",["pipelineOperator",{"proposal":"minimal"}],"throwExpressions","objectRestSpread","objectRestSpread","asyncGenerators","classProperties","classPrivateProperties","jsx","nullishCoalescingOperator","nullishCoalescingOperator","optionalChaining","optionalChaining","optionalCatchBinding","optionalCatchBinding","classProperties","classPrivateProperties","classPrivateMethods","classProperties","classPrivateProperties","asyncGenerators","asyncGenerators","objectRestSpread","objectRestSpread"],"allowImportExportEverywhere":true,"allowReturnOutsideFunction":true,"allowUndeclaredExports":true,"strictMode":false},"caller":{"name":"meteor","arch":"os.osx.x86_64"},"sourceFileName":"packages/aldeed:schema-index/server.js","filename":"/Users/stefpop/Desktop/repos/withBrandon/crossling_reference/experiments/from-scratch/packages/aldeed:schema-index/server.js","cloneInputAst":true,"passPerPreset":false,"envName":"development","cwd":"/Users/stefpop/Desktop/repos/withBrandon/crossling_reference/experiments/from-scratch","root":"/Users/stefpop/Desktop/repos/withBrandon/crossling_reference/experiments/from-scratch","plugins":[{"key":"base$0","visitor":{"_exploded":true,"_verified":true},"options":{}},{"key":"base$0$0","visitor":{"Program":{"enter":[null],"exit":[null]},"_exploded":true,"_verified":true},"options":{"avoidModernSyntax":false,"enforceStrictMode":false,"dynamicImport":true,"generateLetDeclarations":true}},{"key":"transform-runtime","visitor":{"CallExpression":{"enter":[null]},"BinaryExpression":{"enter":[null]},"MemberExpression":{"enter":[null],"exit":[null]},"_exploded":true,"_verified":true,"Identifier":{"enter":[null]},"JSXIdentifier":{"enter":[null]}},"options":{"version":"7.12.5","helpers":true,"useESModules":false,"corejs":false}},{"key":"syntax-object-rest-spread","visitor":{"_exploded":true,"_verified":true},"options":{}},{"key":"proposal-object-rest-spread","visitor":{"_exploded":{},"_verified":{},"VariableDeclarator":{"enter":[null]},"ExportNamedDeclaration":{"enter":[null]},"CatchClause":{"enter":[null]},"AssignmentExpression":{"enter":[null]},"ArrayPattern":{"enter":[null]},"ObjectExpression":{"enter":[null]},"FunctionDeclaration":{"enter":[null]},"FunctionExpression":{"enter":[null]},"ObjectMethod":{"enter":[null]},"ArrowFunctionExpression":{"enter":[null]},"ClassMethod":{"enter":[null]},"ClassPrivateMethod":{"enter":[null]},"ForInStatement":{"enter":[null]},"ForOfStatement":{"enter":[null]}},"options":{}},{"key":"transform-meteor-async-await","visitor":{"AwaitExpression":{"enter":[null]},"_exploded":true,"_verified":true,"FunctionDeclaration":{"exit":[null]},"FunctionExpression":{"exit":[null]},"ObjectMethod":{"exit":[null]},"ArrowFunctionExpression":{"exit":[null]},"ClassMethod":{"exit":[null]},"ClassPrivateMethod":{"exit":[null]}},"options":{"useNativeAsyncAwait":false}},{"key":"proposal-async-generator-functions","visitor":{"_exploded":{},"_verified":{},"Program":{"enter":[null]}},"options":{}},{"key":"proposal-class-properties","visitor":{"PrivateName":{"enter":[null]},"ExportDefaultDeclaration":{"enter":[null]},"_exploded":true,"_verified":true,"ClassExpression":{"enter":[null]},"ClassDeclaration":{"enter":[null]}},"options":{"loose":true}},{"key":"transform-react-jsx","visitor":{"_exploded":{},"_verified":{},"JSXNamespacedName":{"enter":[null]},"JSXSpreadChild":{"enter":[null]},"Program":{"enter":[null]},"JSXElement":{"exit":[null]},"JSXFragment":{"exit":[null]},"JSXAttribute":{"enter":[null]}},"options":{"pragma":"React.createElement","pragmaFrag":"React.Fragment","runtime":"classic","throwIfNamespace":true,"useBuiltIns":false}},{"key":"transform-react-display-name","visitor":{"ExportDefaultDeclaration":{"enter":[null]},"CallExpression":{"enter":[null]},"_exploded":true,"_verified":true},"options":{}},{"key":"transform-react-pure-annotations","visitor":{"CallExpression":{"enter":[null]},"_exploded":true,"_verified":true},"options":{}},{"key":"syntax-nullish-coalescing-operator","visitor":{"_exploded":true,"_verified":true},"options":{}},{"key":"proposal-nullish-coalescing-operator","visitor":{"_exploded":{},"_verified":{},"LogicalExpression":{"enter":[null]}},"options":{}},{"key":"syntax-optional-chaining","visitor":{"_exploded":true,"_verified":true},"options":{}},{"key":"proposal-optional-chaining","visitor":{"_exploded":{},"_verified":{},"OptionalCallExpression":{"enter":[null]},"OptionalMemberExpression":{"enter":[null]}},"options":{}},{"key":"syntax-optional-catch-binding","visitor":{"_exploded":true,"_verified":true},"options":{}},{"key":"proposal-optional-catch-binding","visitor":{"_exploded":{},"_verified":{},"CatchClause":{"enter":[null]}},"options":{}},{"key":"syntax-class-properties","visitor":{"_exploded":true,"_verified":true},"options":{}},{"key":"proposal-class-properties","visitor":{"PrivateName":{"enter":[null]},"ExportDefaultDeclaration":{"enter":[null]},"_exploded":true,"_verified":true,"ClassExpression":{"enter":[null]},"ClassDeclaration":{"enter":[null]}},"options":{}},{"key":"syntax-async-generators","visitor":{"_exploded":true,"_verified":true},"options":{}},{"key":"proposal-async-generator-functions","visitor":{"_exploded":{},"_verified":{},"Program":{"enter":[null]}},"options":{}},{"key":"syntax-object-rest-spread","visitor":{"_exploded":true,"_verified":true},"options":{}},{"key":"proposal-object-rest-spread","visitor":{"_exploded":{},"_verified":{},"VariableDeclarator":{"enter":[null]},"ExportNamedDeclaration":{"enter":[null]},"CatchClause":{"enter":[null]},"AssignmentExpression":{"enter":[null]},"ArrayPattern":{"enter":[null]},"ObjectExpression":{"enter":[null]},"FunctionDeclaration":{"enter":[null]},"FunctionExpression":{"enter":[null]},"ObjectMethod":{"enter":[null]},"ArrowFunctionExpression":{"enter":[null]},"ClassMethod":{"enter":[null]},"ClassPrivateMethod":{"enter":[null]},"ForInStatement":{"enter":[null]},"ForOfStatement":{"enter":[null]}},"options":{}},{"key":"transform-literals","visitor":{"NumericLiteral":{"enter":[null]},"StringLiteral":{"enter":[null]},"_exploded":true,"_verified":true},"options":{}},{"key":"transform-template-literals","visitor":{"TaggedTemplateExpression":{"enter":[null]},"TemplateLiteral":{"enter":[null]},"_exploded":true,"_verified":true},"options":{}},{"key":"transform-parameters","visitor":{"_exploded":true,"_verified":true,"FunctionDeclaration":{"enter":[null]},"FunctionExpression":{"enter":[null]},"ObjectMethod":{"enter":[null]},"ArrowFunctionExpression":{"enter":[null]},"ClassMethod":{"enter":[null]},"ClassPrivateMethod":{"enter":[null]}},"options":{}},{"key":"transform-exponentiation-operator","visitor":{"AssignmentExpression":{"enter":[null]},"BinaryExpression":{"enter":[null]},"_exploded":true,"_verified":true},"options":{}}],"presets":[],"generatorOpts":{"filename":"/Users/stefpop/Desktop/repos/withBrandon/crossling_reference/experiments/from-scratch/packages/aldeed:schema-index/server.js","comments":true,"compact":false,"sourceMaps":true,"sourceFileName":"packages/aldeed:schema-index/server.js"}},"code":"let Collection2;\nmodule.link(\"meteor/aldeed:collection2\", {\n  default(v) {\n    Collection2 = v;\n  }\n\n}, 0);\nlet Meteor;\nmodule.link(\"meteor/meteor\", {\n  Meteor(v) {\n    Meteor = v;\n  }\n\n}, 1);\nmodule.link(\"./common\");\nCollection2.on('schema.attached', (collection, ss) => {\n  function ensureIndex(index, name, unique, sparse) {\n    Meteor.startup(() => {\n      collection._collection._ensureIndex(index, {\n        background: true,\n        name,\n        unique,\n        sparse\n      });\n    });\n  }\n\n  function dropIndex(indexName) {\n    Meteor.startup(() => {\n      try {\n        collection._collection._dropIndex(indexName);\n      } catch (err) {// no index with that name, which is what we want\n      }\n    });\n  }\n\n  const propName = ss.version === 2 ? 'mergedSchema' : 'schema'; // Loop over fields definitions and ensure collection indexes (server side only)\n\n  const schema = ss[propName]();\n  Object.keys(schema).forEach(fieldName => {\n    const definition = schema[fieldName];\n\n    if ('index' in definition || definition.unique === true) {\n      const index = {}; // If they specified `unique: true` but not `index`,\n      // we assume `index: 1` to set up the unique index in mongo\n\n      let indexValue;\n\n      if ('index' in definition) {\n        indexValue = definition.index;\n        if (indexValue === true) indexValue = 1;\n      } else {\n        indexValue = 1;\n      }\n\n      const indexName = \"c2_\".concat(fieldName); // In the index object, we want object array keys without the \".$\" piece\n\n      const idxFieldName = fieldName.replace(/\\.\\$\\./g, '.');\n      index[idxFieldName] = indexValue;\n      const unique = !!definition.unique && (indexValue === 1 || indexValue === -1);\n      let sparse = definition.sparse || false; // If unique and optional, force sparse to prevent errors\n\n      if (!sparse && unique && definition.optional) sparse = true;\n\n      if (indexValue === false) {\n        dropIndex(indexName);\n      } else {\n        ensureIndex(index, indexName, unique, sparse);\n      }\n    }\n  });\n});","map":{"version":3,"sources":["packages/aldeed:schema-index/server.js"],"names":["Collection2","module","link","default","v","Meteor","on","collection","ss","ensureIndex","index","name","unique","sparse","startup","_collection","_ensureIndex","background","dropIndex","indexName","_dropIndex","err","propName","version","schema","Object","keys","forEach","fieldName","definition","indexValue","idxFieldName","replace","optional"],"mappings":"AAAA,IAAIA,WAAJ;AAAgBC,MAAM,CAACC,IAAP,CAAY,2BAAZ,EAAwC;AAACC,EAAAA,OAAO,CAACC,CAAD,EAAG;AAACJ,IAAAA,WAAW,GAACI,CAAZ;AAAc;;AAA1B,CAAxC,EAAoE,CAApE;AAAuE,IAAIC,MAAJ;AAAWJ,MAAM,CAACC,IAAP,CAAY,eAAZ,EAA4B;AAACG,EAAAA,MAAM,CAACD,CAAD,EAAG;AAACC,IAAAA,MAAM,GAACD,CAAP;AAAS;;AAApB,CAA5B,EAAkD,CAAlD;AAAqDH,MAAM,CAACC,IAAP,CAAY,UAAZ;AAKvJF,WAAW,CAACM,EAAZ,CAAe,iBAAf,EAAkC,CAACC,UAAD,EAAaC,EAAb,KAAoB;AACpD,WAASC,WAAT,CAAqBC,KAArB,EAA4BC,IAA5B,EAAkCC,MAAlC,EAA0CC,MAA1C,EAAkD;AAChDR,IAAAA,MAAM,CAACS,OAAP,CAAe,MAAM;AACnBP,MAAAA,UAAU,CAACQ,WAAX,CAAuBC,YAAvB,CAAoCN,KAApC,EAA2C;AACzCO,QAAAA,UAAU,EAAE,IAD6B;AAEzCN,QAAAA,IAFyC;AAGzCC,QAAAA,MAHyC;AAIzCC,QAAAA;AAJyC,OAA3C;AAMD,KAPD;AAQD;;AAED,WAASK,SAAT,CAAmBC,SAAnB,EAA8B;AAC5Bd,IAAAA,MAAM,CAACS,OAAP,CAAe,MAAM;AACnB,UAAI;AACFP,QAAAA,UAAU,CAACQ,WAAX,CAAuBK,UAAvB,CAAkCD,SAAlC;AACD,OAFD,CAEE,OAAOE,GAAP,EAAY,CACZ;AACD;AACF,KAND;AAOD;;AAED,QAAMC,QAAQ,GAAGd,EAAE,CAACe,OAAH,KAAe,CAAf,GAAmB,cAAnB,GAAoC,QAArD,CAtBoD,CAwBpD;;AACA,QAAMC,MAAM,GAAGhB,EAAE,CAACc,QAAD,CAAF,EAAf;AACAG,EAAAA,MAAM,CAACC,IAAP,CAAYF,MAAZ,EAAoBG,OAApB,CAA6BC,SAAD,IAAe;AACzC,UAAMC,UAAU,GAAGL,MAAM,CAACI,SAAD,CAAzB;;AACA,QAAI,WAAWC,UAAX,IAAyBA,UAAU,CAACjB,MAAX,KAAsB,IAAnD,EAAyD;AACvD,YAAMF,KAAK,GAAG,EAAd,CADuD,CAEvD;AACA;;AACA,UAAIoB,UAAJ;;AACA,UAAI,WAAWD,UAAf,EAA2B;AACzBC,QAAAA,UAAU,GAAGD,UAAU,CAACnB,KAAxB;AACA,YAAIoB,UAAU,KAAK,IAAnB,EAAyBA,UAAU,GAAG,CAAb;AAC1B,OAHD,MAGO;AACLA,QAAAA,UAAU,GAAG,CAAb;AACD;;AAED,YAAMX,SAAS,gBAASS,SAAT,CAAf,CAZuD,CAavD;;AACA,YAAMG,YAAY,GAAGH,SAAS,CAACI,OAAV,CAAkB,SAAlB,EAA6B,GAA7B,CAArB;AACAtB,MAAAA,KAAK,CAACqB,YAAD,CAAL,GAAsBD,UAAtB;AACA,YAAMlB,MAAM,GAAG,CAAC,CAACiB,UAAU,CAACjB,MAAb,KAAwBkB,UAAU,KAAK,CAAf,IAAoBA,UAAU,KAAK,CAAC,CAA5D,CAAf;AACA,UAAIjB,MAAM,GAAGgB,UAAU,CAAChB,MAAX,IAAqB,KAAlC,CAjBuD,CAmBvD;;AACA,UAAI,CAACA,MAAD,IAAWD,MAAX,IAAqBiB,UAAU,CAACI,QAApC,EAA8CpB,MAAM,GAAG,IAAT;;AAE9C,UAAIiB,UAAU,KAAK,KAAnB,EAA0B;AACxBZ,QAAAA,SAAS,CAACC,SAAD,CAAT;AACD,OAFD,MAEO;AACLV,QAAAA,WAAW,CAACC,KAAD,EAAQS,SAAR,EAAmBP,MAAnB,EAA2BC,MAA3B,CAAX;AACD;AACF;AACF,GA9BD;AA+BD,CAzDD","sourcesContent":["import Collection2 from 'meteor/aldeed:collection2';\nimport { Meteor } from 'meteor/meteor';\n\nimport './common';\n\nCollection2.on('schema.attached', (collection, ss) => {\n  function ensureIndex(index, name, unique, sparse) {\n    Meteor.startup(() => {\n      collection._collection._ensureIndex(index, {\n        background: true,\n        name,\n        unique,\n        sparse,\n      });\n    });\n  }\n\n  function dropIndex(indexName) {\n    Meteor.startup(() => {\n      try {\n        collection._collection._dropIndex(indexName);\n      } catch (err) {\n        // no index with that name, which is what we want\n      }\n    });\n  }\n\n  const propName = ss.version === 2 ? 'mergedSchema' : 'schema';\n\n  // Loop over fields definitions and ensure collection indexes (server side only)\n  const schema = ss[propName]();\n  Object.keys(schema).forEach((fieldName) => {\n    const definition = schema[fieldName];\n    if ('index' in definition || definition.unique === true) {\n      const index = {};\n      // If they specified `unique: true` but not `index`,\n      // we assume `index: 1` to set up the unique index in mongo\n      let indexValue;\n      if ('index' in definition) {\n        indexValue = definition.index;\n        if (indexValue === true) indexValue = 1;\n      } else {\n        indexValue = 1;\n      }\n\n      const indexName = `c2_${fieldName}`;\n      // In the index object, we want object array keys without the \".$\" piece\n      const idxFieldName = fieldName.replace(/\\.\\$\\./g, '.');\n      index[idxFieldName] = indexValue;\n      const unique = !!definition.unique && (indexValue === 1 || indexValue === -1);\n      let sparse = definition.sparse || false;\n\n      // If unique and optional, force sparse to prevent errors\n      if (!sparse && unique && definition.optional) sparse = true;\n\n      if (indexValue === false) {\n        dropIndex(indexName);\n      } else {\n        ensureIndex(index, indexName, unique, sparse);\n      }\n    }\n  });\n});\n"]},"sourceType":"module","hash":"f4104d280d67b740f721b7067f02c40e91f1ecec"}
