colorNoise,sizeNoise,alpha,speakerProb,language
0.5,0.5,1,0.08051086609909748,English
0.5,0.5,2.5,0.07612608560507099,English
0.5,0.5,5,0.06851715476529924,English
0.5,0.5,10,0.05298538940427133,English
0.5,0.5,15,0.03857019324547177,English
0.5,0.5,20,0.026626744729800228,English
0.5,0.6,1,0.09098088904471999,English
0.5,0.6,2.5,0.1016175614733047,English
0.5,0.6,5,0.11580671959942793,English
0.5,0.6,10,0.1260198629758026,English
0.5,0.6,15,0.11355022255560224,English
0.5,0.6,20,0.08920130943457812,English
0.5,0.7,1,0.10128786380209036,English
0.5,0.7,2.5,0.12612099851307193,English
0.5,0.7,5,0.156557042827407,English
0.5,0.7,10,0.17026364613348074,English
0.5,0.7,15,0.14229829417912837,English
0.5,0.7,20,0.10348265042637136,English
0.5,0.8,1,0.11201511805091817,English
0.5,0.8,2.5,0.1477894146736362,English
0.5,0.8,5,0.18492845395460145,English
0.5,0.8,10,0.190478099960073,English
0.5,0.8,15,0.15026460141643572,English
0.5,0.8,20,0.10583572357876361,English
0.5,0.9,1,0.12389495974835203,English
0.5,0.9,2.5,0.1648686186155423,English
0.5,0.9,5,0.20370979069675593,English
0.5,0.9,10,0.20002856487917695,English
0.5,0.9,15,0.15271131831911924,English
0.5,0.9,20,0.10631842512915232,English
0.5,1,1,0.1380186275984528,English
0.5,1,2.5,0.17644501081692707,English
0.5,1,5,0.21693379293768994,English
0.5,1,10,0.20483717753295988,English
0.5,1,15,0.15357932758173162,English
0.5,1,20,0.10644295802297313,English
0.6,0.5,1,0.10366494293330066,English
0.6,0.5,2.5,0.12365185201541387,English
0.6,0.5,5,0.12083044048966003,English
0.6,0.5,10,0.059153505520156774,English
0.6,0.5,15,0.020299133757371305,English
0.6,0.5,20,0.0062119319274265596,English
0.6,0.6,1,0.11526658942775878,English
0.6,0.6,2.5,0.15850949572105566,English
0.6,0.6,5,0.19384749929538989,English
0.6,0.6,10,0.16266802250735177,English
0.6,0.6,15,0.1046473765831991,English
0.6,0.6,20,0.060539729558831135,English
0.6,0.7,1,0.12637746096915634,English
0.6,0.7,2.5,0.1897068150159023,English
0.6,0.7,5,0.2599675920910205,English
0.6,0.7,10,0.3041946072706109,English
0.6,0.7,15,0.30265449288067997,English
0.6,0.7,20,0.2833579913443966,English
0.6,0.8,1,0.13766466415275486,English
0.6,0.8,2.5,0.21553633958450244,English
0.6,0.8,5,0.3109708890671206,English
0.6,0.8,10,0.43239289782935814,English
0.6,0.8,15,0.5236702956750129,English
0.6,0.8,20,0.6003283697141909,English
0.6,0.9,1,0.14986425500517211,English
0.6,0.9,2.5,0.2348050838033038,English
0.6,0.9,5,0.34747557729277695,English
0.6,0.9,10,0.5183362550835099,English
0.6,0.9,15,0.6542471754550875,English
0.6,0.9,20,0.761972598679216,English
0.6,1,1,0.16394940005634384,English
0.6,1,2.5,0.2473775958148228,English
0.6,1,5,0.37306643341741813,English
0.6,1,10,0.5651226906842859,English
0.6,1,15,0.7035905732864659,English
0.6,1,20,0.8014718130964938,English
0.7,0.5,1,0.12505622467799357,English
0.7,0.5,2.5,0.1340984200383948,English
0.7,0.5,5,0.06970836174740834,English
0.7,0.5,10,0.008006708068430228,English
0.7,0.5,15,0.000748263830784691,English
0.7,0.5,20,0.00006827027050423329,English
0.7,0.6,1,0.13739983283916962,English
0.7,0.6,2.5,0.16979217672787722,English
0.7,0.6,5,0.11671577052322787,English
0.7,0.6,10,0.02530116711182791,English
0.7,0.6,15,0.004351843121422254,English
0.7,0.6,20,0.0007190395925463122,English
0.7,0.7,1,0.1488950413525605,English
0.7,0.7,2.5,0.20131613035595838,English
0.7,0.7,5,0.16877656584898304,English
0.7,0.7,10,0.06123263450560834,English
0.7,0.7,15,0.017400667399175212,English
0.7,0.7,20,0.004644899498558372,English
0.7,0.8,1,0.16026188487839363,English
0.7,0.8,2.5,0.22750735495957888,English
0.7,0.8,5,0.22022626899301842,English
0.7,0.8,10,0.1207679029221688,English
0.7,0.8,15,0.052469128729288377,English
0.7,0.8,20,0.021011546570094963,English
0.7,0.9,1,0.17220550610044555,English
0.7,0.9,2.5,0.24777399568639893,English
0.7,0.9,5,0.26736547144085687,English
0.7,0.9,10,0.20188596772266534,English
0.7,0.9,15,0.12495248934996413,English
0.7,0.9,20,0.07111413804760934,English
0.7,1,1,0.18554980984030353,English
0.7,1,2.5,0.26230041953340216,English
0.7,1,5,0.30847488624108804,English
0.7,1,10,0.2949822263811356,English
0.7,1,15,0.2406359644783739,English
0.7,1,20,0.18348107180500098,English
0.8,0.5,1,0.14244447078017874,English
0.8,0.5,2.5,0.11203186874780759,English
0.8,0.5,5,0.02860544685101924,English
0.8,0.5,10,0.000972973299047839,English
0.8,0.5,15,0.000030512461187429522,English
0.8,0.5,20,9.536666837746285e-7,English
0.8,0.6,1,0.15523805005164606,English
0.8,0.6,2.5,0.14223123932461018,English
0.8,0.6,5,0.04967086492146995,English
0.8,0.6,10,0.003145844249272003,English
0.8,0.6,15,0.00017848958954113872,English
0.8,0.6,20,0.000010056245792792071,English
0.8,0.7,1,0.1668465085240032,English
0.8,0.7,2.5,0.16943895454077593,English
0.8,0.7,5,0.07557505631590697,English
0.8,0.7,10,0.007950900860146345,English
0.8,0.7,15,0.0007252294761035819,English
0.8,0.7,20,0.00006527560382381235,English
0.8,0.8,1,0.17800871335111393,English
0.8,0.8,2.5,0.19289039744621617,English
0.8,0.8,5,0.10462888996828094,English
0.8,0.8,10,0.016837122558776847,English
0.8,0.8,15,0.002275312840829053,English
0.8,0.8,20,0.0003005920215832469,English
0.8,0.9,1,0.18937708093507122,English
0.8,0.9,2.5,0.2122628209612896,English
0.8,0.9,5,0.13511674086764464,English
0.8,0.9,10,0.031193696482320822,English
0.8,0.9,15,0.005889642431066943,English
0.8,0.9,20,0.0010739815690243386,English
0.8,1,1,0.20162721249165277,English
0.8,1,2.5,0.22768882468012872,English
0.8,1,5,0.16557580816293865,English
0.8,1,10,0.0520251162963814,English
0.8,1,15,0.013136170390693811,English
0.8,1,20,0.003159256180617629,English
0.9,0.5,1,0.1540508565177925,English
0.9,0.5,2.5,0.08127070497906973,English
0.9,0.5,5,0.01088092428624968,English
0.9,0.5,10,0.0001259171132230472,English
0.9,0.5,15,0.000001413938263041469,English
0.9,0.5,20,1.5870052452790352e-8,English
0.9,0.6,1,0.16708654264877193,English
0.9,0.6,2.5,0.10396571329184214,English
0.9,0.6,5,0.019261663042276653,English
0.9,0.6,10,0.00040858437369278194,English
0.9,0.6,15,0.000008273855042228688,English
0.9,0.6,20,1.673510748417932e-7,English
0.9,0.7,1,0.17867676502563884,English
0.9,0.7,2.5,0.12492799218802865,English
0.9,0.7,5,0.03004415934513918,English
0.9,0.7,10,0.0010394876557399638,English
0.9,0.7,15,0.00003364692489080003,English
0.9,0.7,20,0.000001086386138732542,English
0.9,0.8,1,0.1895466259216526,English
0.9,0.8,2.5,0.1436429855128971,English
0.9,0.8,5,0.04281425533798856,English
0.9,0.8,10,0.0022253826804863996,English
0.9,0.8,15,0.00010577852802894418,English
0.9,0.8,20,0.00000500434298198841,English
0.9,0.9,1,0.2002843633891448,English
0.9,0.9,2.5,0.1599019392925411,English
0.9,0.9,5,0.0570545224120689,English
0.9,0.9,10,0.004191913221942145,English
0.9,0.9,15,0.0002749891015162664,English
0.9,0.9,20,0.000017896300499205027,English
0.9,1,1,0.21143586615344134,English
0.9,1,2.5,0.17375073415818523,English
0.9,1,5,0.07223376965252941,English
0.9,1,10,0.007157550749372028,English
0.9,1,15,0.0006183658356386593,English
0.9,1,20,0.000052766162613199086,English
1,0.5,1,0.15886644577254122,English
1,0.5,2.5,0.054774480292720036,English
1,0.5,5,0.004069444356230644,English
1,0.5,10,0.000016934019735547266,English
1,0.5,15,6.969169274976963e-8,English
1,0.5,20,2.867971983892185e-10,English
1,0.6,1,0.17197152159269422,English
1,0.6,2.5,0.07065518328609771,English
1,0.6,5,0.007271339742815053,English
1,0.6,10,0.00005498242243397587,English
1,0.6,15,4.0781955369775766e-7,English
1,0.6,20,3.0243033013124525e-9,English
1,0.7,1,0.18349513924301167,English
1,0.7,2.5,0.08562086462459412,English
1,0.7,5,0.011474260402057065,English
1,0.7,10,0.00014004414494459078,English
1,0.7,15,0.0000016585662778823697,English
1,0.7,20,1.9632802656182615e-8,English
1,0.8,1,0.1941229837099462,English
1,0.8,2.5,0.09931485576686505,English
1,0.8,5,0.01657200736770163,English
1,0.8,10,0.0003003926886875883,English
1,0.8,15,0.000005214945967789016,English
1,0.8,20,9.043765822427079e-8,English
1,0.9,1,0.204376087287427,English
1,0.9,2.5,0.11158573818436264,English
1,0.9,5,0.022410970422085424,English
1,0.9,10,0.0005675071109629423,English
1,0.9,15,0.000013561300542003142,English
1,0.9,20,3.234275354296654e-7,English
1,1,1,0.21469564293092658,English
1,1,2.5,0.12243100817872801,English
1,1,5,0.028818241320253103,English
1,1,10,0.0009730267863398351,English
1,1,15,0.000030512473630785818,English
1,1,20,9.53666686658811e-7,English
0.5,0.5,1,0.16102173219819488,"Spanish
-split"
0.5,0.5,2.5,0.15225217121014198,"Spanish
-split"
0.5,0.5,5,0.13703430953059847,"Spanish
-split"
0.5,0.5,10,0.10597077880854268,"Spanish
-split"
0.5,0.5,15,0.07714038649094315,"Spanish
-split"
0.5,0.5,20,0.05325348945960037,"Spanish
-split"
0.5,0.6,1,0.1821972241743355,"Spanish
-split"
0.5,0.6,2.5,0.20298657250772212,"Spanish
-split"
0.5,0.6,5,0.23023766196571585,"Spanish
-split"
0.5,0.6,10,0.2627426436809023,"Spanish
-split"
0.5,0.6,15,0.2804589312037286,"Spanish
-split"
0.5,0.6,20,0.2932455758364596,"Spanish
-split"
0.5,0.7,1,0.20365754845884992,"Spanish
-split"
0.5,0.7,2.5,0.25097530974610954,"Spanish
-split"
0.5,0.7,5,0.30703564896871555,"Spanish
-split"
0.5,0.7,10,0.37548846326600427,"Spanish
-split"
0.5,0.7,15,0.42070383132666095,"Spanish
-split"
0.5,0.7,20,0.45128426236155383,"Spanish
-split"
0.5,0.8,1,0.22687279296839788,"Spanish
-split"
0.5,0.8,2.5,0.2921219211085657,"Spanish
-split"
0.5,0.8,5,0.35748372875531326,"Spanish
-split"
0.5,0.8,10,0.4336020808808161,"Spanish
-split"
0.5,0.8,15,0.471746496163904,"Spanish
-split"
0.5,0.8,20,0.4885521168706269,"Spanish
-split"
0.5,0.9,1,0.25385451938195386,"Spanish
-split"
0.5,0.9,2.5,0.32267846651397025,"Spanish
-split"
0.5,0.9,5,0.38917482423501776,"Spanish
-split"
0.5,0.9,10,0.4625579703967234,"Spanish
-split"
0.5,0.9,15,0.48874433872786754,"Spanish
-split"
0.5,0.9,20,0.4967452366948975,"Spanish
-split"
0.5,1,1,0.28788898064085544,"Spanish
-split"
0.5,1,2.5,0.3410742160426769,"Spanish
-split"
0.5,1,5,0.41080733591638013,"Spanish
-split"
0.5,1,10,0.47749145137804033,"Spanish
-split"
0.5,1,15,0.49493452026002643,"Spanish
-split"
0.5,1,20,0.4988914129233949,"Spanish
-split"
0.6,0.5,1,0.2212053027613835,"Spanish
-split"
0.6,0.5,2.5,0.2864207869386433,"Spanish
-split"
0.6,0.5,5,0.3245743234841603,"Spanish
-split"
0.6,0.5,10,0.2637259083583688,"Spanish
-split"
0.6,0.5,15,0.1819258226379568,"Spanish
-split"
0.6,0.5,20,0.11915539824341127,"Spanish
-split"
0.6,0.6,1,0.2452110443826075,"Spanish
-split"
0.6,0.6,2.5,0.3555907736738235,"Spanish
-split"
0.6,0.6,5,0.4699186442451265,"Spanish
-split"
0.6,0.6,10,0.5399788901666869,"Spanish
-split"
0.6,0.6,15,0.5659501320110044,"Spanish
-split"
0.6,0.6,20,0.5879623772297375,"Spanish
-split"
0.6,0.7,1,0.2682508355898316,"Spanish
-split"
0.6,0.7,2.5,0.4119534922287407,"Spanish
-split"
0.6,0.7,5,0.5778362494852762,"Spanish
-split"
0.6,0.7,10,0.7462512280749086,"Spanish
-split"
0.6,0.7,15,0.8408606624880041,"Spanish
-split"
0.6,0.7,20,0.902510018633807,"Spanish
-split"
0.6,0.8,1,0.29166226353701197,"Spanish
-split"
0.6,0.8,2.5,0.4543208111954719,"Spanish
-split"
0.6,0.8,5,0.6496107026048696,"Spanish
-split"
0.6,0.8,10,0.8577080511458975,"Spanish
-split"
0.6,0.8,15,0.9423885530945051,"Spanish
-split"
0.6,0.8,20,0.9769834666640359,"Spanish
-split"
0.6,0.9,1,0.3168327703492357,"Spanish
-split"
0.6,0.9,2.5,0.4831352125907264,"Spanish
-split"
0.6,0.9,5,0.6959880061243878,"Spanish
-split"
0.6,0.9,10,0.9122988685646205,"Spanish
-split"
0.6,0.9,15,0.9758636169165811,"Spanish
-split"
0.6,0.9,20,0.9932944150938154,"Spanish
-split"
0.6,1,1,0.34546677676902665,"Spanish
-split"
0.6,1,2.5,0.5005170988084726,"Spanish
-split"
0.6,1,5,0.7260086009285849,"Spanish
-split"
0.6,1,10,0.9387043334750026,"Spanish
-split"
0.6,1,15,0.9876136684079903,"Spanish
-split"
0.6,1,20,0.9974828541648606,"Spanish
-split"
0.7,0.5,1,0.2858762269578314,"Spanish
-split"
0.7,0.5,2.5,0.37865340516166807,"Spanish
-split"
0.7,0.5,5,0.3703044165735587,"Spanish
-split"
0.7,0.5,10,0.26881253866448634,"Spanish
-split"
0.7,0.5,15,0.1824231202492598,"Spanish
-split"
0.7,0.5,20,0.1192028794922319,"Spanish
-split"
0.7,0.6,1,0.31205385747215447,"Spanish
-split"
0.7,0.6,2.5,0.4543329537941258,"Spanish
-split"
0.7,0.6,5,0.5170168328951915,"Spanish
-split"
0.7,0.6,10,0.5443012327535094,"Spanish
-split"
0.7,0.6,15,0.5662934426139153,"Spanish
-split"
0.7,0.6,20,0.5879896079259441,"Spanish
-split"
0.7,0.7,1,0.3356612392222812,"Spanish
-split"
0.7,0.7,2.5,0.5130536958739831,"Spanish
-split"
0.7,0.7,5,0.6305034566777005,"Spanish
-split"
0.7,0.7,10,0.7526651640940277,"Spanish
-split"
0.7,0.7,15,0.8415270305349679,"Spanish
-split"
0.7,0.7,20,0.902576135103219,"Spanish
-split"
0.7,0.8,1,0.35800504088612295,"Spanish
-split"
0.7,0.8,2.5,0.5566185818474436,"Spanish
-split"
0.7,0.8,5,0.7120877192598465,"Spanish
-split"
0.7,0.8,10,0.8671710172662745,"Spanish
-split"
0.7,0.8,15,0.9434926043463064,"Spanish
-split"
0.7,0.8,20,0.9771042294206128,"Spanish
-split"
0.7,0.9,1,0.3801444596185065,"Spanish
-split"
0.7,0.9,2.5,0.5876110756738862,"Spanish
-split"
0.7,0.9,5,0.7694913065934228,"Spanish
-split"
0.7,0.9,10,0.9249890931589799,"Spanish
-split"
0.7,0.9,15,0.9774871066488012,"Spanish
-split"
0.7,0.9,20,0.9934904546893363,"Spanish
-split"
0.7,1,1,0.4030445728971977,"Spanish
-split"
0.7,1,2.5,0.6089292500684391,"Spanish
-split"
0.7,1,5,0.8099048556887511,"Spanish
-split"
0.7,1,10,0.9547833135882378,"Spanish
-split"
0.7,1,15,0.9898660487745334,"Spanish
-split"
0.7,1,20,0.9977827822454023,"Spanish
-split"
0.8,0.5,1,0.35150353198998746,"Spanish
-split"
0.8,0.5,2.5,0.4210873297201139,"Spanish
-split"
0.8,0.5,5,0.37690653639210586,"Spanish
-split"
0.8,0.5,10,0.26894019202156216,"Spanish
-split"
0.8,0.5,15,0.182425521486692,"Spanish
-split"
0.8,0.5,20,0.1192029220180421,"Spanish
-split"
0.8,0.6,1,0.3793767113232283,"Spanish
-split"
0.8,0.6,2.5,0.49637798122662086,"Spanish
-split"
0.8,0.6,5,0.5218734963619265,"Spanish
-split"
0.8,0.6,10,0.5443405662480223,"Spanish
-split"
0.8,0.6,15,0.5662937645327095,"Spanish
-split"
0.8,0.6,20,0.5879896107099675,"Spanish
-split"
0.8,0.7,1,0.4030131582103119,"Spanish
-split"
0.8,0.7,2.5,0.5551241501546093,"Spanish
-split"
0.8,0.7,5,0.6353820640272518,"Spanish
-split"
0.8,0.7,10,0.7527048116653988,"Spanish
-split"
0.8,0.7,15,0.8415273384492475,"Spanish
-split"
0.8,0.7,20,0.9025761374404786,"Spanish
-split"
0.8,0.8,1,0.4238139984766144,"Spanish
-split"
0.8,0.8,2.5,0.6003408420165438,"Spanish
-split"
0.8,0.8,5,0.7184113082488797,"Spanish
-split"
0.8,0.8,10,0.8672453036076493,"Spanish
-split"
0.8,0.8,15,0.9434933552426038,"Spanish
-split"
0.8,0.8,20,0.9771042366285914,"Spanish
-split"
0.8,0.9,1,0.44277053214477596,"Spanish
-split"
0.8,0.9,2.5,0.6349491818352202,"Spanish
-split"
0.8,0.9,5,0.7779532614939729,"Spanish
-split"
0.8,0.9,10,0.925115529769172,"Spanish
-split"
0.8,0.9,15,0.9774886771197114,"Spanish
-split"
0.8,0.9,20,0.9934904733895408,"Spanish
-split"
0.8,1,1,0.4606223690253688,"Spanish
-split"
0.8,1,2.5,0.6614772674767069,"Spanish
-split"
0.8,1,5,0.820813096543167,"Spanish
-split"
0.8,1,10,0.9549819920142824,"Spanish
-split"
0.8,1,15,0.9898690395981656,"Spanish
-split"
0.8,1,20,0.9977828258458805,"Spanish
-split"
0.9,0.5,1,0.4151715340289526,"Spanish
-split"
0.9,0.5,2.5,0.4354756923515686,"Spanish
-split"
0.9,0.5,5,0.37752626514661275,"Spanish
-split"
0.9,0.5,10,0.2689414206730554,"Spanish
-split"
0.9,0.5,15,0.182425523806324,"Spanish
-split"
0.9,0.5,20,0.11920292202211738,"Spanish
-split"
0.9,0.6,1,0.44422777481915227,"Spanish
-split"
0.9,0.6,2.5,0.5092214763322538,"Spanish
-split"
0.9,0.6,5,0.5222078656980252,"Spanish
-split"
0.9,0.6,10,0.5443407991345965,"Spanish
-split"
0.9,0.6,15,0.5662937647266144,"Spanish
-split"
0.9,0.6,20,0.5879896107101377,"Spanish
-split"
0.9,0.7,1,0.4677301018607767,"Spanish
-split"
0.9,0.7,2.5,0.5674195603726004,"Spanish
-split"
0.9,0.7,5,0.635649061126043,"Spanish
-split"
0.9,0.7,10,0.752704908376486,"Spanish
-split"
0.9,0.7,15,0.8415273384834947,"Spanish
-split"
0.9,0.7,20,0.9025761374404898,"Spanish
-split"
0.9,0.8,1,0.48724146951339475,"Spanish
-split"
0.9,0.8,2.5,0.6133788635828115,"Spanish
-split"
0.9,0.8,5,0.7187733090427982,"Spanish
-split"
0.9,0.8,10,0.867245521297494,"Spanish
-split"
0.9,0.8,15,0.9434933553611711,"Spanish
-split"
0.9,0.8,20,0.9771042366286521,"Spanish
-split"
0.9,0.9,1,0.5038180823034114,"Spanish
-split"
0.9,0.9,2.5,0.6499465636961714,"Spanish
-split"
0.9,0.9,5,0.7784987650484401,"Spanish
-split"
0.9,0.9,10,0.9251159986990287,"Spanish
-split"
0.9,0.9,15,0.9774886774725997,"Spanish
-split"
0.9,0.9,20,0.9934904733897967,"Spanish
-split"
0.9,1,1,0.5182001651535398,"Spanish
-split"
0.9,1,2.5,0.6793527417899221,"Spanish
-split"
0.9,1,5,0.8216007579517809,"Spanish
-split"
0.9,1,10,0.9549829024821943,"Spanish
-split"
0.9,1,15,0.9898690405200485,"Spanish
-split"
0.9,1,20,0.997782825846788,"Spanish
-split"
1,0.5,1,0.47502081252106,"Spanish
-split"
1,0.5,2.5,0.4378234991142018,"Spanish
-split"
1,0.5,5,0.3775406687981455,"Spanish
-split"
1,0.5,10,0.2689414213699952,"Spanish
-split"
1,0.5,15,0.18242552380635577,"Spanish
-split"
1,0.5,20,0.11920292202211738,"Spanish
-split"
1,0.6,1,0.5044456417585838,"Spanish
-split"
1,0.6,2.5,0.5111125670342184,"Spanish
-split"
1,0.6,5,0.5222141612372273,"Spanish
-split"
1,0.6,10,0.544340799242198,"Spanish
-split"
1,0.6,15,0.5662937647266165,"Spanish
-split"
1,0.6,20,0.5879896107101377,"Spanish
-split"
1,0.7,1,0.5277985779717558,"Spanish
-split"
1,0.7,2.5,0.5691227109394847,"Spanish
-split"
1,0.7,5,0.6356528521508895,"Spanish
-split"
1,0.7,10,0.7527049083940003,"Spanish
-split"
1,0.7,15,0.8415273384834947,"Spanish
-split"
1,0.7,20,0.9025761374404898,"Spanish
-split"
1,0.8,1,0.546783271984425,"Spanish
-split"
1,0.8,2.5,0.6151956161797483,"Spanish
-split"
1,0.8,5,0.7187784461934812,"Spanish
-split"
1,0.8,10,0.8672455213393928,"Spanish
-split"
1,0.8,15,0.9434933553611711,"Spanish
-split"
1,0.8,20,0.9771042366286521,"Spanish
-split"
1,0.9,1,0.5625205385221133,"Spanish
-split"
1,0.9,2.5,0.6521480655644881,"Spanish
-split"
1,0.9,5,0.7785074203214031,"Spanish
-split"
1,0.9,10,0.9251159988132727,"Spanish
-split"
1,0.9,15,0.9774886774726006,"Spanish
-split"
1,0.9,20,0.9934904733897967,"Spanish
-split"
1,1,1,0.575777961281711,"Spanish
-split"
1,1,2.5,0.6821484320853539,"Spanish
-split"
1,1,5,0.8216146718327604,"Spanish
-split"
1,1,10,0.9549829027560808,"Spanish
-split"
1,1,15,0.989869040520053,"Spanish
-split"
1,1,20,0.997782825846788,"Spanish
-split"
0.5,0.5,1,0.19926606922936252,"Spanish
-postnom.
-conj."
0.5,0.5,2.5,0.1855819603836214,"Spanish
-postnom.
-conj."
0.5,0.5,5,0.1629023219648356,"Spanish
-postnom.
-conj."
0.5,0.5,10,0.12022074474677012,"Spanish
-postnom.
-conj."
0.5,0.5,15,0.08417657419706119,"Spanish
-postnom.
-conj."
0.5,0.5,20,0.05642747523532968,"Spanish
-postnom.
-conj."
0.5,0.6,1,0.22075524058513118,"Spanish
-postnom.
-conj."
0.5,0.6,2.5,0.23634643900165006,"Spanish
-postnom.
-conj."
0.5,0.6,5,0.2532146820251937,"Spanish
-postnom.
-conj."
0.5,0.6,10,0.2539030782971854,"Spanish
-postnom.
-conj."
0.5,0.6,15,0.22331551703599556,"Spanish
-postnom.
-conj."
0.5,0.6,20,0.17945826467312187,"Spanish
-postnom.
-conj."
0.5,0.7,1,0.24186558214946582,"Spanish
-postnom.
-conj."
0.5,0.7,2.5,0.2810452929515722,"Spanish
-postnom.
-conj."
0.5,0.7,5,0.3149198750529339,"Spanish
-postnom.
-conj."
0.5,0.7,10,0.29899663298028756,"Spanish
-postnom.
-conj."
0.5,0.7,15,0.23174213262579435,"Spanish
-postnom.
-conj."
0.5,0.7,20,0.15975258138255802,"Spanish
-postnom.
-conj."
0.5,0.8,1,0.2638793600448837,"Spanish
-postnom.
-conj."
0.5,0.8,2.5,0.31735168547480697,"Spanish
-postnom.
-conj."
0.5,0.8,5,0.3476783960390057,"Spanish
-postnom.
-conj."
0.5,0.8,10,0.2990010731554507,"Spanish
-postnom.
-conj."
0.5,0.8,15,0.2089313914193062,"Spanish
-postnom.
-conj."
0.5,0.8,20,0.1342663051870066,"Spanish
-postnom.
-conj."
0.5,0.9,1,0.2883039420955593,"Spanish
-postnom.
-conj."
0.5,0.9,2.5,0.34344870773517666,"Spanish
-postnom.
-conj."
0.5,0.9,5,0.36368984692447826,"Spanish
-postnom.
-conj."
0.5,0.9,10,0.28924122602373503,"Spanish
-postnom.
-conj."
0.5,0.9,15,0.19228777143693315,"Spanish
-postnom.
-conj."
0.5,0.9,20,0.12230172839434075,"Spanish
-postnom.
-conj."
0.5,1,1,0.3172969594953076,"Spanish
-postnom.
-conj."
0.5,1,2.5,0.3591078546003027,"Spanish
-postnom.
-conj."
0.5,1,5,0.3722814236158817,"Spanish
-postnom.
-conj."
0.5,1,10,0.2796102717894523,"Spanish
-postnom.
-conj."
0.5,1,15,0.1822790564053128,"Spanish
-postnom.
-conj."
0.5,1,20,0.11663089476818662,"Spanish
-postnom.
-conj."
0.6,0.5,1,0.2583315700538031,"Spanish
-postnom.
-conj."
0.6,0.5,2.5,0.3210140337840944,"Spanish
-postnom.
-conj."
0.6,0.5,5,0.36714170487994036,"Spanish
-postnom.
-conj."
0.6,0.5,10,0.29966756338782363,"Spanish
-postnom.
-conj."
0.6,0.5,15,0.19753898145719914,"Spanish
-postnom.
-conj."
0.6,0.5,20,0.12451011740362572,"Spanish
-postnom.
-conj."
0.6,0.6,1,0.2811439527385097,"Spanish
-postnom.
-conj."
0.6,0.6,2.5,0.38456563073479555,"Spanish
-postnom.
-conj."
0.6,0.6,5,0.49541254813858365,"Spanish
-postnom.
-conj."
0.6,0.6,10,0.5411437896555633,"Spanish
-postnom.
-conj."
0.6,0.6,15,0.5276740813395311,"Spanish
-postnom.
-conj."
0.6,0.6,20,0.5144753145742398,"Spanish
-postnom.
-conj."
0.6,0.7,1,0.30303958264430436,"Spanish
-postnom.
-conj."
0.6,0.7,2.5,0.43466747834464003,"Spanish
-postnom.
-conj."
0.6,0.7,5,0.5762302640749077,"Spanish
-postnom.
-conj."
0.6,0.7,10,0.703414082215454,"Spanish
-postnom.
-conj."
0.6,0.7,15,0.7784018656316294,"Spanish
-postnom.
-conj."
0.6,0.7,20,0.835801707716119,"Spanish
-postnom.
-conj."
0.6,0.8,1,0.32544625262256677,"Spanish
-postnom.
-conj."
0.6,0.8,2.5,0.471209814358873,"Spanish
-postnom.
-conj."
0.6,0.8,5,0.6198219947102007,"Spanish
-postnom.
-conj."
0.6,0.8,10,0.779058316559303,"Spanish
-postnom.
-conj."
0.6,0.8,15,0.8743975626808396,"Spanish
-postnom.
-conj."
0.6,0.8,20,0.9322229961701815,"Spanish
-postnom.
-conj."
0.6,0.9,1,0.3498440885003823,"Spanish
-postnom.
-conj."
0.6,0.9,2.5,0.49464544259079124,"Spanish
-postnom.
-conj."
0.6,0.9,5,0.6413297272871277,"Spanish
-postnom.
-conj."
0.6,0.9,10,0.8023123884540712,"Spanish
-postnom.
-conj."
0.6,0.9,15,0.8891283112646335,"Spanish
-postnom.
-conj."
0.6,0.9,20,0.9378058412424932,"Spanish
-postnom.
-conj."
0.6,1,1,0.37811850497668753,"Spanish
-postnom.
-conj."
0.6,1,2.5,0.5067166602997574,"Spanish
-postnom.
-conj."
0.6,1,5,0.6511760686845058,"Spanish
-postnom.
-conj."
0.6,1,10,0.7999799483646217,"Spanish
-postnom.
-conj."
0.6,1,15,0.8726325896541087,"Spanish
-postnom.
-conj."
0.6,1,20,0.9147209259575321,"Spanish
-postnom.
-conj."
0.7,0.5,1,0.3181182877845449,"Spanish
-postnom.
-conj."
0.7,0.5,2.5,0.41617941039762085,"Spanish
-postnom.
-conj."
0.7,0.5,5,0.4036799931167196,"Spanish
-postnom.
-conj."
0.7,0.5,10,0.2744018284896908,"Spanish
-postnom.
-conj."
0.7,0.5,15,0.1830284769274124,"Spanish
-postnom.
-conj."
0.7,0.5,20,0.11926285512784394,"Spanish
-postnom.
-conj."
0.7,0.6,1,0.34055754731070564,"Spanish
-postnom.
-conj."
0.7,0.6,2.5,0.4767274625478538,"Spanish
-postnom.
-conj."
0.7,0.6,5,0.5131639143566229,"Spanish
-postnom.
-conj."
0.7,0.6,10,0.46035567756331547,"Spanish
-postnom.
-conj."
0.7,0.6,15,0.4273195603233688,"Spanish
-postnom.
-conj."
0.7,0.6,20,0.4017571103929072,"Spanish
-postnom.
-conj."
0.7,0.7,1,0.36164324148271887,"Spanish
-postnom.
-conj."
0.7,0.7,2.5,0.5216513421411156,"Spanish
-postnom.
-conj."
0.7,0.7,5,0.5925988274124041,"Spanish
-postnom.
-conj."
0.7,0.7,10,0.6154148885935218,"Spanish
-postnom.
-conj."
0.7,0.7,15,0.6530969241902685,"Spanish
-postnom.
-conj."
0.7,0.7,20,0.6964428127584354,"Spanish
-postnom.
-conj."
0.7,0.8,1,0.3828646257116669,"Spanish
-postnom.
-conj."
0.7,0.8,2.5,0.5529681160299935,"Spanish
-postnom.
-conj."
0.7,0.8,5,0.6472923549867391,"Spanish
-postnom.
-conj."
0.7,0.8,10,0.725418705524683,"Spanish
-postnom.
-conj."
0.7,0.8,15,0.7974220061631669,"Spanish
-postnom.
-conj."
0.7,0.8,20,0.8588529711270834,"Spanish
-postnom.
-conj."
0.7,0.9,1,0.4055983836591691,"Spanish
-postnom.
-conj."
0.7,0.9,2.5,0.5725514939899016,"Spanish
-postnom.
-conj."
0.7,0.9,5,0.6842202056341091,"Spanish
-postnom.
-conj."
0.7,0.9,10,0.7982040100943527,"Spanish
-postnom.
-conj."
0.7,0.9,15,0.8779534080185102,"Spanish
-postnom.
-conj."
0.7,0.9,20,0.9309433099734273,"Spanish
-postnom.
-conj."
0.7,1,1,0.43140856263945976,"Spanish
-postnom.
-conj."
0.7,1,2.5,0.5827160746816031,"Spanish
-postnom.
-conj."
0.7,1,5,0.7089960926652943,"Spanish
-postnom.
-conj."
0.7,1,10,0.8449411936731487,"Spanish
-postnom.
-conj."
0.7,1,15,0.922101642515441,"Spanish
-postnom.
-conj."
0.7,1,20,0.9631255099358964,"Spanish
-postnom.
-conj."
0.8,0.5,1,0.3751077258925347,"Spanish
-postnom.
-conj."
0.8,0.5,2.5,0.4556298697827277,"Spanish
-postnom.
-conj."
0.8,0.5,5,0.3920466425898197,"Spanish
-postnom.
-conj."
0.8,0.5,10,0.26963724793655003,"Spanish
-postnom.
-conj."
0.8,0.5,15,0.18245039485958148,"Spanish
-postnom.
-conj."
0.8,0.5,20,0.11920376164763903,"Spanish
-postnom.
-conj."
0.8,0.6,1,0.39548143955559667,"Spanish
-postnom.
-conj."
0.8,0.6,2.5,0.5037009426103343,"Spanish
-postnom.
-conj."
0.8,0.6,5,0.46887802316349003,"Spanish
-postnom.
-conj."
0.8,0.6,10,0.3960407277677484,"Spanish
-postnom.
-conj."
0.8,0.6,15,0.34473894658010407,"Spanish
-postnom.
-conj."
0.8,0.6,20,0.298006347620592,"Spanish
-postnom.
-conj."
0.8,0.7,1,0.4143586186444677,"Spanish
-postnom.
-conj."
0.8,0.7,2.5,0.538900070327643,"Spanish
-postnom.
-conj."
0.8,0.7,5,0.5282550219720685,"Spanish
-postnom.
-conj."
0.8,0.7,10,0.5028573727613181,"Spanish
-postnom.
-conj."
0.8,0.7,15,0.5005117566655072,"Spanish
-postnom.
-conj."
0.8,0.7,20,0.5004319435652096,"Spanish
-postnom.
-conj."
0.8,0.8,1,0.4331613697618737,"Spanish
-postnom.
-conj."
0.8,0.8,2.5,0.563667194224414,"Spanish
-postnom.
-conj."
0.8,0.8,5,0.5738957379993133,"Spanish
-postnom.
-conj."
0.8,0.8,10,0.5869759622635828,"Spanish
-postnom.
-conj."
0.8,0.8,15,0.623520680076312,"Spanish
-postnom.
-conj."
0.8,0.8,20,0.6616761535104538,"Spanish
-postnom.
-conj."
0.8,0.9,1,0.45308830533404526,"Spanish
-postnom.
-conj."
0.8,0.9,2.5,0.5798812426861162,"Spanish
-postnom.
-conj."
0.8,0.9,5,0.6090724830050125,"Spanish
-postnom.
-conj."
0.8,0.9,10,0.6516788141493837,"Spanish
-postnom.
-conj."
0.8,0.9,15,0.7125729182061981,"Spanish
-postnom.
-conj."
0.8,0.9,20,0.7697993433117529,"Spanish
-postnom.
-conj."
0.8,1,1,0.4753720313156715,"Spanish
-postnom.
-conj."
0.8,1,2.5,0.5893929729527411,"Spanish
-postnom.
-conj."
0.8,1,5,0.6363006956006221,"Spanish
-postnom.
-conj."
0.8,1,10,0.7013934417782041,"Spanish
-postnom.
-conj."
0.8,1,15,0.775461174626621,"Spanish
-postnom.
-conj."
0.8,1,20,0.8384976585111854,"Spanish
-postnom.
-conj."
0.9,0.5,1,0.42609583428918335,"Spanish
-postnom.
-conj."
0.9,0.5,2.5,0.46317361984295263,"Spanish
-postnom.
-conj."
0.9,0.5,5,0.38365749539729443,"Spanish
-postnom.
-conj."
0.9,0.5,10,0.2690328123249002,"Spanish
-postnom.
-conj."
0.9,0.5,15,0.1824266791186164,"Spanish
-postnom.
-conj."
0.9,0.5,20,0.11920293599971685,"Spanish
-postnom.
-conj."
0.9,0.6,1,0.44278640405618597,"Spanish
-postnom.
-conj."
0.9,0.6,2.5,0.49397809036269796,"Spanish
-postnom.
-conj."
0.9,0.6,5,0.4245228907302227,"Spanish
-postnom.
-conj."
0.9,0.6,10,0.33376800043123056,"Spanish
-postnom.
-conj."
0.9,0.6,15,0.2614591302142599,"Spanish
-postnom.
-conj."
0.9,0.6,20,0.20027665525605823,"Spanish
-postnom.
-conj."
0.9,0.7,1,0.45834771591475326,"Spanish
-postnom.
-conj."
0.9,0.7,2.5,0.5169415140530964,"Spanish
-postnom.
-conj."
0.9,0.7,5,0.45647987045355004,"Spanish
-postnom.
-conj."
0.9,0.7,10,0.38594962993899035,"Spanish
-postnom.
-conj."
0.9,0.7,15,0.3318705440001782,"Spanish
-postnom.
-conj."
0.9,0.7,20,0.2823006950495807,"Spanish
-postnom.
-conj."
0.9,0.8,1,0.4739376945538685,"Spanish
-postnom.
-conj."
0.9,0.8,2.5,0.5336623569773873,"Spanish
-postnom.
-conj."
0.9,0.8,5,0.48221492898979423,"Spanish
-postnom.
-conj."
0.9,0.8,10,0.4280036009572402,"Spanish
-postnom.
-conj."
0.9,0.8,15,0.39160605433851825,"Spanish
-postnom.
-conj."
0.9,0.8,20,0.35717628198900864,"Spanish
-postnom.
-conj."
0.9,0.9,1,0.4904832727330433,"Spanish
-postnom.
-conj."
0.9,0.9,2.5,0.5452815820647485,"Spanish
-postnom.
-conj."
0.9,0.9,5,0.5033902925458177,"Spanish
-postnom.
-conj."
0.9,0.9,10,0.4622575795378433,"Spanish
-postnom.
-conj."
0.9,0.9,15,0.44133448664028385,"Spanish
-postnom.
-conj."
0.9,0.9,20,0.42194996341797664,"Spanish
-postnom.
-conj."
0.9,1,1,0.5088796963074744,"Spanish
-postnom.
-conj."
0.9,1,2.5,0.5528613881811015,"Spanish
-postnom.
-conj."
0.9,1,5,0.5210650635209279,"Spanish
-postnom.
-conj."
0.9,1,10,0.49056722786319923,"Spanish
-postnom.
-conj."
0.9,1,15,0.48257965815438403,"Spanish
-postnom.
-conj."
0.9,1,20,0.47657896833664726,"Spanish
-postnom.
-conj."
1,0.5,1,0.4686626278514934,"Spanish
-postnom.
-conj."
1,0.5,2.5,0.4594028454395887,"Spanish
-postnom.
-conj."
1,0.5,5,0.37994302873339525,"Spanish
-postnom.
-conj."
1,0.5,10,0.2689537733816087,"Spanish
-postnom.
-conj."
1,0.5,15,0.18242558077852386,"Spanish
-postnom.
-conj."
1,0.5,20,0.11920292227472644,"Spanish
-postnom.
-conj."
1,0.6,1,0.48009312971446294,"Spanish
-postnom.
-conj."
1,0.6,2.5,0.46959952050256754,"Spanish
-postnom.
-conj."
1,0.6,5,0.38198502896081293,"Spanish
-postnom.
-conj."
1,0.6,10,0.2689816100835436,"Spanish
-postnom.
-conj."
1,0.6,15,0.1824258572286904,"Spanish
-postnom.
-conj."
1,0.6,20,0.11920292468591503,"Spanish
-postnom.
-conj."
1,0.7,1,0.4915102929672811,"Spanish
-postnom.
-conj."
1,0.7,2.5,0.4783077793210816,"Spanish
-postnom.
-conj."
1,0.7,5,0.3845842990188557,"Spanish
-postnom.
-conj."
1,0.7,10,0.269043787114994,"Spanish
-postnom.
-conj."
1,0.7,15,0.1824268798055534,"Spanish
-postnom.
-conj."
1,0.7,20,0.11920293931463243,"Spanish
-postnom.
-conj."
1,0.8,1,0.5035115392335314,"Spanish
-postnom.
-conj."
1,0.8,2.5,0.4853416392680675,"Spanish
-postnom.
-conj."
1,0.8,5,0.38767488033555486,"Spanish
-postnom.
-conj."
1,0.8,10,0.2691609599702395,"Spanish
-postnom.
-conj."
1,0.8,15,0.1824297873908392,"Spanish
-postnom.
-conj."
1,0.8,20,0.11920300167933545,"Spanish
-postnom.
-conj."
1,0.9,1,0.5166220579561304,"Spanish
-postnom.
-conj."
1,0.9,2.5,0.4906794737504321,"Spanish
-postnom.
-conj."
1,0.9,5,0.39115782421817824,"Spanish
-postnom.
-conj."
1,0.9,10,0.2693560663659084,"Spanish
-postnom.
-conj."
1,0.9,15,0.18243661102917308,"Spanish
-postnom.
-conj."
1,0.9,20,0.11920320689605356,"Spanish
-postnom.
-conj."
1,1,1,0.5313761846116332,"Spanish
-postnom.
-conj."
1,1,2.5,0.4944841775388138,"Spanish
-postnom.
-conj."
1,1,5,0.394918283791182,"Spanish
-postnom.
-conj."
1,1,10,0.26965206628182753,"Spanish
-postnom.
-conj."
1,1,15,0.18245046926470423,"Spanish
-postnom.
-conj."
1,1,20,0.11920376200814743,"Spanish
-postnom.
-conj."
0.5,0.5,1,0.11875520313026502,"Spanish
-postnom."
0.5,0.5,2.5,0.10945587477855043,"Spanish
-postnom."
0.5,0.5,5,0.09438516719953635,"Spanish
-postnom."
0.5,0.5,10,0.06723535534249879,"Spanish
-postnom."
0.5,0.5,15,0.04560638095158942,"Spanish
-postnom."
0.5,0.5,20,0.029800730505529446,"Spanish
-postnom."
0.5,0.6,1,0.13075698023597615,"Spanish
-postnom."
0.5,0.6,2.5,0.13748789820547025,"Spanish
-postnom."
0.5,0.6,5,0.14350810277756346,"Spanish
-postnom."
0.5,0.6,10,0.1390406212315454,"Spanish
-postnom."
0.5,0.6,15,0.12123602934317713,"Spanish
-postnom."
0.5,0.6,20,0.09885124213308469,"Spanish
-postnom."
0.5,0.7,1,0.1427259542303181,"Spanish
-postnom."
0.5,0.7,2.5,0.16153594317047065,"Spanish
-postnom."
0.5,0.7,5,0.17261709384800916,"Spanish
-postnom."
0.5,0.7,10,0.1473346342929166,"Spanish
-postnom."
0.5,0.7,15,0.10157501346300063,"Spanish
-postnom."
0.5,0.7,20,0.0619896245260728,"Spanish
-postnom."
0.5,0.8,1,0.15540156151136292,"Spanish
-postnom."
0.5,0.8,2.5,0.18063030964076252,"Spanish
-postnom."
0.5,0.8,5,0.18379618205920145,"Spanish
-postnom."
0.5,0.8,10,0.12797516658648814,"Spanish
-postnom."
0.5,0.8,15,0.06759218396782263,"Spanish
-postnom."
0.5,0.8,20,0.03152103035725159,"Spanish
-postnom."
0.5,0.9,1,0.16965334621301092,"Spanish
-postnom."
0.5,0.9,2.5,0.19402229195391993,"Spanish
-postnom."
0.5,0.9,5,0.18576902112612298,"Spanish
-postnom."
0.5,0.9,10,0.10729962533182202,"Spanish
-postnom."
0.5,0.9,15,0.046022510563743575,"Spanish
-postnom."
0.5,0.9,20,0.017795145290314746,"Spanish
-postnom."
0.5,1,1,0.18673879825352796,"Spanish
-postnom."
0.5,1,2.5,0.20176735224120412,"Spanish
-postnom."
0.5,1,5,0.18448179989973815,"Spanish
-postnom."
0.5,1,10,0.09117015728203681,"Spanish
-postnom."
0.5,1,15,0.033570114569356664,"Spanish
-postnom."
0.5,1,20,0.011369156289572314,"Spanish
-postnom."
0.6,0.5,1,0.15133406416600143,"Spanish
-postnom."
0.6,0.5,2.5,0.1881572364149387,"Spanish
-postnom."
0.6,0.5,5,0.2306578445014638,"Spanish
-postnom."
0.6,0.5,10,0.2305366932404146,"Spanish
-postnom."
0.6,0.5,15,0.17433209607355601,"Spanish
-postnom."
0.6,0.5,20,0.11765609021374941,"Spanish
-postnom."
0.6,0.6,1,0.16398927332238397,"Spanish
-postnom."
0.6,0.6,2.5,0.22498634813296067,"Spanish
-postnom."
0.6,0.6,5,0.3137935685264482,"Spanish
-postnom."
0.6,0.6,10,0.4175037961830581,"Spanish
-postnom."
0.6,0.6,15,0.46338057935049437,"Spanish
-postnom."
0.6,0.6,20,0.4841516880073178,"Spanish
-postnom."
0.6,0.7,1,0.1765638203532924,"Spanish
-postnom."
0.6,0.7,2.5,0.2543443167458749,"Spanish
-postnom."
0.6,0.7,5,0.35987065442311095,"Spanish
-postnom."
0.6,0.7,10,0.5130554600749077,"Spanish
-postnom."
0.6,0.7,15,0.6400610713970979,"Spanish
-postnom."
0.6,0.7,20,0.7439622079357153,"Spanish
-postnom."
0.6,0.8,1,0.18993995323304017,"Spanish
-postnom."
0.6,0.8,2.5,0.27592642736606077,"Spanish
-postnom."
0.6,0.8,5,0.37748268295130183,"Spanish
-postnom."
0.6,0.8,10,0.5253328510176263,"Spanish
-postnom."
0.6,0.8,15,0.6446537211578562,"Spanish
-postnom."
0.6,0.8,20,0.7376527986458703,"Spanish
-postnom."
0.6,0.9,1,0.20512174433140637,"Spanish
-postnom."
0.6,0.9,2.5,0.28949966039986974,"Spanish
-postnom."
0.6,0.9,5,0.38015559181547603,"Spanish
-postnom."
0.6,0.9,10,0.49718545837206346,"Spanish
-postnom."
0.6,0.9,15,0.5721505665428601,"Spanish
-postnom."
0.6,0.9,20,0.623732124770021,"Spanish
-postnom."
0.6,1,1,0.22353764206642043,"Spanish
-postnom."
0.6,1,2.5,0.2956830545531114,"Spanish
-postnom."
0.6,1,5,0.3767985649952379,"Spanish
-postnom."
0.6,1,10,0.45682561439782116,"Spanish
-postnom."
0.6,1,15,0.4859916624527457,"Spanish
-postnom."
0.6,1,20,0.49562273214177094,"Spanish
-postnom."
0.7,0.5,1,0.1851336572816795,"Spanish
-postnom."
0.7,0.5,2.5,0.2630328500619294,"Spanish
-postnom."
0.7,0.5,5,0.318437289952817,"Spanish
-postnom."
0.7,0.5,10,0.2645644127273853,"Spanish
-postnom."
0.7,0.5,15,0.1821517827717654,"Spanish
-postnom."
0.7,0.5,20,0.11918663883666479,"Spanish
-postnom."
0.7,0.6,1,0.19722154740006487,"Spanish
-postnom."
0.7,0.6,2.5,0.30020993773456645,"Spanish
-postnom."
0.7,0.6,5,0.4022223746633353,"Spanish
-postnom."
0.7,0.6,10,0.44085535065069914,"Spanish
-postnom."
0.7,0.6,15,0.4244905179737494,"Spanish
-postnom."
0.7,0.6,20,0.4013558785694533,"Spanish
-postnom."
0.7,0.7,1,0.20929597630883126,"Spanish
-postnom."
0.7,0.7,2.5,0.3280852970271145,"Spanish
-postnom."
0.7,0.7,5,0.4552481339585823,"Spanish
-postnom."
0.7,0.7,10,0.5793325467781387,"Spanish
-postnom."
0.7,0.7,15,0.6454889146859396,"Spanish
-postnom."
0.7,0.7,20,0.694917281668545,"Spanish
-postnom."
0.7,0.8,1,0.2223253470021792,"Spanish
-postnom."
0.7,0.8,2.5,0.3473794669685944,"Spanish
-postnom."
0.7,0.8,5,0.4842205697741018,"Spanish
-postnom."
0.7,0.8,10,0.6670607948082631,"Spanish
-postnom."
0.7,0.8,15,0.7810183409617673,"Spanish
-postnom."
0.7,0.8,20,0.8545418675011265,"Spanish
-postnom."
0.7,0.9,1,0.23738679603866963,"Spanish
-postnom."
0.7,0.9,2.5,0.3584544945018564,"Spanish
-postnom."
0.7,0.9,5,0.4979877637335387,"Spanish
-postnom."
0.7,0.9,10,0.7138266193690055,"Spanish
-postnom."
0.7,0.9,15,0.8479867679844337,"Spanish
-postnom."
0.7,0.9,20,0.9211250671061991,"Spanish
-postnom."
0.7,1,1,0.2559990179523117,"Spanish
-postnom."
0.7,1,2.5,0.3622093201751086,"Spanish
-postnom."
0.7,1,5,0.5032580211282632,"Spanish
-postnom."
0.7,1,10,0.7328029241942536,"Spanish
-postnom."
0.7,1,15,0.873788041792246,"Spanish
-postnom."
0.7,1,20,0.9441075388149919,"Spanish
-postnom."
0.8,0.5,1,0.21924037500972,"Spanish
-postnom."
0.8,0.5,2.5,0.3207748152787593,"Spanish
-postnom."
0.8,0.5,5,0.35528939133176546,"Spanish
-postnom."
0.8,0.5,10,0.2684171646561465,"Spanish
-postnom."
0.8,0.5,15,0.18241439011516483,"Spanish
-postnom."
0.8,0.5,20,0.11920269466102047,"Spanish
-postnom."
0.8,0.6,1,0.2293246095708448,"Spanish
-postnom."
0.8,0.6,2.5,0.3505620710898037,"Spanish
-postnom."
0.8,0.6,5,0.4198580619486813,"Spanish
-postnom."
0.8,0.6,10,0.3934272600427029,"Spanish
-postnom."
0.8,0.6,15,0.3446080332724535,"Spanish
-postnom."
0.8,0.6,20,0.29799973869974217,"Spanish
-postnom."
0.8,0.7,1,0.23968762443270558,"Spanish
-postnom."
0.8,0.7,2.5,0.37169550483845015,"Spanish
-postnom."
0.8,0.7,5,0.4640192591469821,"Spanish
-postnom."
0.8,0.7,10,0.49750600996712957,"Spanish
-postnom."
0.8,0.7,15,0.5001136103412108,"Spanish
-postnom."
0.8,0.7,20,0.5004026152835811,"Spanish
-postnom."
0.8,0.8,1,0.2512826671980639,"Spanish
-postnom."
0.8,0.8,2.5,0.3854608150808338,"Spanish
-postnom."
0.8,0.8,5,0.4926576203644422,"Spanish
-postnom."
0.8,0.8,10,0.5773978346982019,"Spanish
-postnom."
0.8,0.8,15,0.6225540561550167,"Spanish
-postnom."
0.8,0.8,20,0.6615803029349138,"Spanish
-postnom."
0.8,0.9,1,0.2651735864146455,"Spanish
-postnom."
0.8,0.9,2.5,0.3924532314591783,"Spanish
-postnom."
0.8,0.9,5,0.5105397008178297,"Spanish
-postnom."
0.8,0.9,10,0.6363586030999074,"Spanish
-postnom."
0.8,0.9,15,0.7105876891919373,"Spanish
-postnom."
0.8,0.9,20,0.7695485159267894,"Spanish
-postnom."
0.8,1,1,0.2828751076915653,"Spanish
-postnom."
0.8,1,2.5,0.3934751436661732,"Spanish
-postnom."
0.8,1,5,0.5213549290416924,"Spanish
-postnom."
0.8,1,10,0.678903192056191,"Spanish
-postnom."
0.8,1,15,0.771865048502942,"Spanish
-postnom."
0.8,1,20,0.8379418219943864,"Spanish
-postnom."
0.9,0.5,1,0.25278597180840656,"Spanish
-postnom."
0.9,0.5,2.5,0.3609618854188762,"Spanish
-postnom."
0.9,0.5,5,0.3692513656823388,"Spanish
-postnom."
0.9,0.5,10,0.2688736778910984,"Spanish
-postnom."
0.9,0.5,15,0.182425007926959,"Spanish
-postnom."
0.9,0.5,20,0.11920291823860464,"Spanish
-postnom."
0.9,0.6,1,0.25924291105596065,"Spanish
-postnom."
0.9,0.6,2.5,0.3777835518811792,"Spanish
-postnom."
0.9,0.6,5,0.4046046021599653,"Spanish
-postnom."
0.9,0.6,10,0.3333956318837454,"Spanish
-postnom."
0.9,0.6,15,0.2614521290367105,"Spanish
-postnom."
0.9,0.6,20,0.20027652198439339,"Spanish
-postnom."
0.9,0.7,1,0.26663715439924895,"Spanish
-postnom."
0.9,0.7,2.5,0.38875230522463755,"Spanish
-postnom."
0.9,0.7,5,0.42883204387993046,"Spanish
-postnom."
0.9,0.7,10,0.3851111205680845,"Spanish
-postnom."
0.9,0.7,15,0.33184621546263476,"Spanish
-postnom."
0.9,0.7,20,0.2822999900721868,"Spanish
-postnom."
0.9,0.8,1,0.2757410312403315,"Spanish
-postnom."
0.9,0.8,2.5,0.3948906794195284,"Spanish
-postnom."
0.9,0.8,5,0.44515154238155397,"Spanish
-postnom."
0.9,0.8,10,0.4263666636301798,"Spanish
-postnom."
0.9,0.8,15,0.39153938054704557,"Spanish
-postnom."
0.9,0.8,20,0.3571735776020349,"Spanish
-postnom."
0.9,0.9,1,0.28748902199411625,"Spanish
-postnom."
0.9,0.9,2.5,0.3965697925074057,"Spanish
-postnom."
0.9,0.9,5,0.45593139900361174,"Spanish
-postnom."
0.9,0.9,10,0.4594163807968514,"Spanish
-postnom."
0.9,0.9,15,0.4411813373474459,"Spanish
-postnom."
0.9,0.9,20,0.4219417643799384,"Spanish
-postnom."
0.9,1,1,0.30328714863681916,"Spanish
-postnom."
0.9,1,2.5,0.3942407589064122,"Spanish
-postnom."
0.9,1,5,0.4628734659623959,"Spanish
-postnom."
0.9,1,10,0.48606012705990115,"Spanish
-postnom."
0.9,1,15,0.482271814854247,"Spanish
-postnom."
0.9,1,20,0.4765581569188065,"Spanish
-postnom."
1,0.5,1,0.285012487512636,"Spanish
-postnom."
1,0.5,2.5,0.3880381777025528,"Spanish
-postnom."
1,0.5,5,0.37445870415489535,"Spanish
-postnom."
1,0.5,10,0.26893231258533873,"Spanish
-postnom."
1,0.5,15,0.18242549837926303,"Spanish
-postnom."
1,0.5,20,0.1192029219537434,"Spanish
-postnom."
1,0.6,1,0.2860340376470899,"Spanish
-postnom."
1,0.6,2.5,0.38754038173926364,"Spanish
-postnom."
1,0.6,5,0.37405457736551895,"Spanish
-postnom."
1,0.6,10,0.26892565728060497,"Spanish
-postnom."
1,0.6,15,0.1824254481504121,"Spanish
-postnom."
1,0.6,20,0.11920292166004527,"Spanish
-postnom."
1,0.7,1,0.2891999988075875,"Spanish
-postnom."
1,0.7,2.5,0.3859580419212149,"Spanish
-postnom."
1,0.7,5,0.37288277483336035,"Spanish
-postnom."
1,0.7,10,0.2689036281897933,"Spanish
-postnom."
1,0.7,15,0.18242522118814622,"Spanish
-postnom."
1,0.7,20,0.11920291968180785,"Spanish
-postnom."
1,0.8,1,0.2948405043234165,"Spanish
-postnom."
1,0.8,2.5,0.3830384740718345,"Spanish
-postnom."
1,0.8,5,0.3710582329566557,"Spanish
-postnom."
1,0.8,10,0.268860562846789,"Spanish
-postnom."
1,0.8,15,0.18242457244448346,"Spanish
-postnom."
1,0.8,20,0.11920291124167717,"Spanish
-postnom."
1,0.9,1,0.3036065743636132,"Spanish
-postnom."
1,0.9,2.5,0.37843936642046605,"Spanish
-postnom."
1,0.9,5,0.36874470569695816,"Spanish
-postnom."
1,0.9,10,0.2687885592446046,"Spanish
-postnom."
1,0.9,15,0.18242304972863108,"Spanish
-postnom."
1,0.9,20,0.11920288346851812,"Spanish
-postnom."
1,1,1,0.31668054168070664,"Spanish
-postnom."
1,1,2.5,0.3720531693600858,"Spanish
-postnom."
1,1,5,0.36610004247092887,"Spanish
-postnom."
1,1,10,0.2686790394954877,"Spanish
-postnom."
1,1,15,0.18241995679107345,"Spanish
-postnom."
1,1,20,0.11920280834146077,"Spanish
-postnom."
